Simulation,N,Delta_RMST_Months,SMD_Age,SMD_Male,SMD_T4,SMD_Node_Positive,Maximum_Absolute_SMD
1,252,-3.776161513984448,0.17865484973446952,0.13102435641608365,0.09612620041680021,-0.07945020013332,0.17865484973446952
2,252,-2.6967528032266372,-0.1663683757094633,0.0331314780961287,0.031814238148788886,0.06381444212457038,0.1663683757094633
3,252,-3.452818358509653,-0.010826053319315373,0.1970658556328586,0.0963366101718176,0.03178609995804863,0.1970658556328586
4,252,-2.816844908101217,-0.07840748654725474,0.13157254088015372,0.19222773253288508,-0.07949035184788963,0.19222773253288508
5,252,-0.1621972593564891,-0.009599174427793292,0.03459089566371239,0.0798544780273006,-0.07949035184788963,0.0798544780273006
6,252,-3.982502711764525,0.04271981293089346,0.050676687877664765,0.07973254720972986,0.0,0.07973254720972986
7,252,-4.938219927205573,0.03454323408604162,-0.016787174126735378,-0.14359163172354766,0.2407329439228493,0.2407329439228493
8,252,-3.6942050892698717,0.017322727505016136,-0.2637521893583148,0.16275769175423188,0.031754033266447775,0.2637521893583148
9,252,-1.3373062566649452,0.013081343735909948,0.05037572072342058,0.015878017296044752,0.0,0.05037572072342058
10,252,-4.46983573422434,0.03781961147243733,-0.034104674408597144,-0.016195526603578377,0.03175003175004763,0.03781961147243733
11,252,-1.0783959069846247,-0.10887004889444699,-0.08230522367501678,0.04781521653246212,0.12749914710328467,0.12749914710328467
12,252,-4.572558970667892,0.03724176454429451,-0.1816631500007223,0.16054032476698388,0.031754033266447775,0.1816631500007223
13,252,-5.595815419127369,0.24115632067871695,-0.03485780871878761,-0.20762164287098148,0.27381982992581916,0.27381982992581916
14,252,4.785108302285792,-0.30547144730439296,-0.10114434748483461,-0.047888263373061984,-0.14344564959738615,0.30547144730439296
15,252,-2.3885478454553706,-0.1172714469856539,0.0168874112008163,0.06355614835671625,0.0639202772100593,0.1172714469856539
16,252,-5.653458024082703,-0.008129691614461502,0.11841467234190434,0.03194790349760558,0.07945020013332,0.11841467234190434
17,252,-3.811183976351863,-0.0035653133335058493,0.06662966046527696,0.0798544780273006,0.1754116038614059,0.1754116038614059
18,252,-4.322326374758774,0.10894055453580985,0.23467349517937092,0.09683719348575984,-0.06359630007488934,0.23467349517937092
19,252,-2.5383072210252635,-0.07477222882857622,0.15066058828554757,-0.048072355274478014,0.22432325840597583,0.22432325840597583
20,252,1.5125214838410699,-0.1761823837464101,-0.05170492890674115,0.031850525866476485,-0.30555865781563685,0.30555865781563685
21,252,-0.34413424801823567,0.02788437622323687,0.13348172885319998,-0.06492274731611955,0.04763405188813459,0.13348172885319998
22,252,0.9856402651402902,-0.07786106409868294,-0.0995037190209988,0.20826007095421822,-0.1273859510596964,0.20826007095421822
23,252,-3.8506070697816313,0.07000804020853238,-0.050676687877664765,-0.016144789938174763,0.1754116038614059,0.1754116038614059
24,252,-3.08528350799768,0.05589013060010437,-0.05170492890674115,-0.14568333542253523,0.2075158079499356,0.2075158079499356
25,252,-0.7807867333442431,0.055506249744383035,0.0850455753787858,0.0484469993766204,-0.06353209379897959,0.0850455753787858
26,252,-2.3177228336287286,-0.061076516838473364,0.15242200658438074,-0.1273052810806988,0.17653749221008935,0.17653749221008935
27,252,-5.524851988804983,0.03611043002231783,0.0,-0.015886029415790807,0.23980823009322946,0.23980823009322946
28,252,0.35340968576493026,-0.11007879799797463,0.10470072191396627,-0.06404305140067547,-0.14333645472015774,0.14333645472015774
29,252,-2.200115652692304,-0.24741319835960748,0.21605239074718954,0.28960773098491943,0.11156883857574489,0.28960773098491943
30,252,-3.361771346164346,0.13252825370394447,0.051340216552919496,0.0,-0.0794502001333199,0.13252825370394447
31,252,-0.8875649005949526,0.025548181679031598,0.18775322788492627,-0.17777814055366167,0.14399539222117216,0.18775322788492627
32,252,-2.5485127886946444,-0.14016099978379418,-0.01722985902888529,0.1754116038614059,0.14333645472015774,0.1754116038614059
33,252,-6.687813673990597,0.12506921373317964,0.20188749869296685,0.09683719348575984,-0.06381444212457038,0.20188749869296685
34,252,2.522426186305836,-0.10653554530901088,-0.08309707336430364,-0.34208579051486077,-0.031754033266447663,0.34208579051486077
35,252,-4.9780767999695925,0.07105326697605283,0.18902408531188145,-0.09564865822147209,0.07963136373342088,0.18902408531188145
36,252,2.875085486728686,-0.2244648032732388,0.1386750490563073,0.23986954644045852,0.031754033266447663,0.23986954644045852
37,252,-2.6280641920646985,0.07374273691578112,-0.2171346134734215,-0.06434062009777823,0.03194790349760548,0.2171346134734215
38,252,-1.707027368552147,0.00863444975354176,-0.10114434748483461,-0.24042351841717258,0.14322750883054816,0.24042351841717258
39,252,-1.6776681152917092,0.05113614196763829,-0.09902823945323513,-0.22386393208137456,-0.09578262852211501,0.22386393208137456
40,252,-2.9115679449570706,-0.03189238933972324,-0.25103064406543596,0.032157832069216574,0.015958688549710567,0.25103064406543596
41,252,-2.357254975035694,-0.020548609773265752,0.15339299776947402,-0.016057136604691644,0.09534625892455934,0.15339299776947402
42,252,-4.42717218017507,0.315846076049308,0.10001389178307747,-0.11208252311670473,-0.14399539222117214,0.315846076049308
43,252,-1.4484602308370427,0.28620093574485883,-0.18544447870560365,-0.04781521653246212,-0.12730528108069883,0.28620093574485883
44,252,-9.587611876677457,0.1212381451320036,0.08450938930347111,0.1769023808406317,0.15925262933238254,0.1769023808406317
45,252,-6.0329078855967,0.2029099431879283,0.016523847695440727,-0.11231311618158317,-0.04764606552057975,0.2029099431879283
46,252,-4.213777496638443,0.12819786198183605,-0.0164476798791585,-0.03189504660547483,-0.047706270327917195,0.12819786198183605
47,252,-5.571434492306935,0.20151276626988118,-0.15795551935844296,-0.07963136373342099,0.0,0.20151276626988118
48,252,-6.061675653520993,0.06695477388854984,-0.050997845386547724,0.04767012007999192,-0.015878017296044974,0.06695477388854984
49,252,-3.494730023267728,-0.039097565117512265,-0.0850455753787858,0.1273859510596964,0.0,0.1273859510596964
50,252,-1.726785003795925,-0.013840322438542406,0.04958508352445633,-0.09545479198066951,0.07943014707895393,0.09545479198066951
51,252,-4.097349048647423,0.25285259146698785,-0.16895845568892606,-0.25656712701743567,0.09535829987414624,0.25656712701743567
52,252,0.3313630310293547,0.0945218188236374,0.05067668787766476,-0.12782423469650325,-0.09633661017181748,0.12782423469650325
53,252,-4.74407957567599,0.15298819693640553,0.017496801658268495,0.01595868854971068,0.07973254720972986,0.15298819693640553
54,252,-1.0799983290824429,-0.12121843265068011,-0.06974740509061558,0.0637252987877166,0.11128649258704562,0.12121843265068011
55,252,-2.7806526470464803,0.1805957001214502,0.14664711502135347,-0.0638144421245704,-0.11131463076514067,0.1805957001214502
56,252,-4.227813025662435,0.039510754148322925,0.11585688927269827,0.015987215339548572,0.0478882633730621,0.11585688927269827
57,252,-3.5087869945556562,0.14596958372228053,0.016605660672154725,0.031850525866476485,0.031814238148788775,0.14596958372228053
58,252,1.806486796303723,-0.10708278351158922,-0.28113578708659853,-0.01587401577952566,-0.0637252987877166,0.28113578708659853
59,252,2.00976245176831,-0.1534162157001636,0.15151214565832502,-0.015958688549710675,0.11156883857574489,0.1534162157001636
60,252,-2.8264748654762855,0.09189481500156507,0.1342123198723443,0.06404305140067547,0.06355614835671623,0.1342123198723443
61,252,-4.154556764070982,0.10956610779215291,0.08450938930347111,0.0795506937228606,0.09545479198066964,0.10956610779215291
62,252,-0.8126208693446628,-0.044515937377051444,-0.10176802973291361,0.0,-0.17554557404681703,0.17554557404681703
63,252,-2.8125987972951236,0.02095869919410172,-0.08353662108385457,0.031850525866476485,0.22372097023520757,0.22372097023520757
64,252,-3.2642498485743516,0.1863597259900303,-0.09817613873476332,-0.12764512925452057,-0.06352408168042853,0.1863597259900303
65,252,-4.39155381543371,-0.05834789430364408,-0.04983072463245451,0.14359163172354766,0.15996417203774613,0.15996417203774613
66,252,2.179999275996522,-0.09819234409885269,-0.08104142843194961,-0.09545479198066951,-0.30516428664224077,0.30516428664224077
67,252,2.587395474859804,-0.16760165952089498,-0.10114434748483461,-0.15941443036912026,0.19173635204475498,0.19173635204475498
68,252,-3.952244120103856,-0.007720246530539657,0.24860550508181423,0.09534625892455934,-0.03194790349760548,0.24860550508181423
69,252,-3.5296226756339024,0.0440102624336996,0.016887411200816303,0.1593132469692916,-0.12749914710328467,0.1593132469692916
70,252,-1.8884634926474178,0.033730867547126994,-0.04935639364032846,0.015914167647838734,-0.15941443036912015,0.15941443036912015
71,252,-2.8824358780333554,0.004439761244150149,-0.016523847695440727,0.2085815014800832,0.07963136373342088,0.2085815014800832
72,252,-2.1773653649472067,-0.09495980195609312,-0.04914402145763848,-0.07973254720972986,-0.11128649258704562,0.11128649258704562
73,252,-0.6656590143945209,0.016976090786542206,0.11643242034502573,-0.03178609995804874,-0.0635320937989797,0.11643242034502573
74,252,-1.839712425883846,0.0012073237812678357,0.016994371546483433,-0.04775459884007274,-0.0637252987877166,0.0637252987877166
75,252,-3.649505572606216,-0.036706720470267275,-0.034104674408597144,-0.14344564959738615,0.09539445011233401,0.14344564959738615
76,252,-3.8793784023401088,0.017425507524559868,-0.21713461347342153,0.064183054380568,0.0477062703279172,0.21713461347342153
77,252,-1.2051503860640764,0.04157604013806618,0.0850455753787858,-0.09545479198066951,0.016020005458016733,0.09545479198066951
78,252,-0.6094887581819961,-0.012949116067716045,0.03282660821493053,0.0,0.12749914710328467,0.12749914710328467
79,252,-2.986639065131854,0.05746639346774572,-0.01652384769544073,-0.12856486930664499,0.1117108198479742,0.12856486930664499
80,252,-4.587477283228104,0.06307949155819993,0.050676687877664765,-0.04767012007999191,0.15931324696929164,0.15931324696929164
81,252,-0.33104510611354954,-0.18576203885810974,-0.17777814055366178,-0.064183054380568,0.12725695259515554,0.18576203885810974
82,252,-2.695277243488661,0.01715885330568318,0.33183027499243595,0.064183054380568,0.04767012007999203,0.33183027499243595
83,252,-5.8672290543432055,0.14660546674589903,0.050676687877664765,0.06352408168042853,0.14359163172354766,0.14660546674589903
84,252,-4.239468140962316,0.06324458045484996,0.2851409958896212,-0.015958688549710675,0.0635320937989797,0.2851409958896212
85,252,0.9742566639509818,0.07211768739954016,-0.15151214565832502,-0.12782423469650323,-0.2887122656174882,0.2887122656174882
86,252,-2.6806575850309002,-0.003816922094774987,0.1342123198723443,0.0,-0.031814238148788775,0.1342123198723443
87,252,-5.496993186093576,0.01905597328808715,0.16540792339471244,0.3058752579863745,0.06404305140067547,0.3058752579863745
88,252,-0.5900335568784456,-0.18477988409369908,-0.034590895663712394,0.0,0.04781521653246212,0.18477988409369908
89,252,-4.707950953942543,0.028942097751796014,0.14719525726349553,0.1757246793851235,0.14326379652021856,0.1757246793851235
90,252,-0.8366974835394956,-0.00467013087430509,-0.18656130384419653,-0.22363532448323922,0.0,0.22363532448323922
91,252,-1.6447398012676118,0.02576615242922097,-0.09858611698511634,-0.06359630007488934,0.015914167647838623,0.09858611698511634
92,252,0.33963445412494764,0.033113304494443614,0.034104674408597144,-0.12749914710328467,-0.256172205602702,0.256172205602702
93,252,-3.458966801028609,-0.005043561826749731,0.08400692245562721,0.07963136373342099,0.14322750883054816,0.14322750883054816
94,252,-5.727495190744072,0.15859425018975687,0.20188749869296685,0.17731559745022307,-0.07943014707895382,0.20188749869296685
95,252,-3.0203412996609984,0.12478460353260432,-0.0164476798791585,0.0,-0.03178609995804863,0.12478460353260432
96,252,-4.263541951829538,0.0985616646940237,-0.06921285402059826,0.09553946329477231,0.0318505258664766,0.0985616646940237
97,252,0.7937482814142385,-0.13971822125426028,0.06629024923502592,-0.09535829987414635,0.12738595105969652,0.13971822125426028
98,252,-0.9954259891812853,0.024713373524855826,0.016605660672154725,-0.24110583627583118,-0.14322750883054805,0.24110583627583118
99,252,-3.6786440962477656,0.0,0.05037572072342058,0.04775459884007274,0.04764606552057975,0.05037572072342058
100,252,-1.4509687590411744,0.09135970479501737,0.08309707336430364,0.0,-0.2725500158077835,0.2725500158077835
101,252,-1.585948637694088,-0.1021560601089218,0.10001389178307749,0.22372097023520757,-0.06352408168042852,0.22372097023520757
102,252,3.3815090545742805,-0.2829180111240991,0.1498647664345905,-0.0795506937228606,-0.2568645196271743,0.2829180111240991
103,252,-0.4489977127847311,-0.15304039533517438,0.0,-0.19222773253288508,-0.031754033266447775,0.19222773253288508
104,252,-4.746052246083529,0.1607951410478232,0.08450938930347111,0.12764512925452057,0.09535829987414622,0.1607951410478232
105,252,-3.2842710696512967,0.009028599370367405,0.08561719146622293,0.1273052810806988,0.0318505258664766,0.1273052810806988
106,252,-4.678749308121056,0.08290865165922306,-0.1143629031433461,-0.09612620041680021,0.0,0.1143629031433461
107,252,-3.7517621884526164,0.1560489899035051,0.1679782851708488,0.14526525037324775,-0.30532185179364174,0.30532185179364174
108,252,-2.057287965069193,0.004034180167706449,0.04935639364032846,0.03207914062416534,-0.03194790349760548,0.04935639364032846
109,252,0.250800328308884,-0.15663570208317515,0.01710839573839969,0.17532246061902762,-0.0478882633730621,0.17532246061902762
110,252,-5.072695588086475,0.08102090294577124,-0.033676524573408084,0.09564865822147209,0.0,0.09564865822147209
111,252,-1.1741767616664447,-0.08131523566790216,0.2626128657194449,0.1273052810806988,-0.19134594929397605,0.2626128657194449
112,252,-4.569278635183295,0.14115650248098263,-0.06567976264690262,0.0638144421245704,0.11156883857574489,0.14115650248098263
113,252,-3.319400747829448,0.027842796805111772,0.01710839573839969,0.0,-0.07945020013332,0.07945020013332
114,252,2.269702079632438,-0.335840808280242,0.11704932817312284,-0.2079933443194711,0.04763405188813437,0.335840808280242
115,252,-1.5375286800842503,0.14686551405934287,0.016994371546483436,-0.0639202772100593,-0.12749914710328467,0.14686551405934287
116,252,-2.529974305228123,0.015394530158331423,-0.03348247650912113,0.0,-0.015958688549710567,0.03348247650912113
117,252,-6.721050227612913,0.18943419125214442,-0.06921285402059826,0.06359630007488934,0.12738595105969652,0.18943419125214442
118,252,-2.3504262859735547,-0.05552980370916062,-0.23735633163877054,0.09578262852211514,0.031814238148788775,0.23735633163877054
119,252,-3.05225105483958,0.0516797280522313,0.0673817120529209,0.015914167647838734,-0.12782423469650323,0.12782423469650323
120,252,0.13964161307322343,-0.029498748705047647,-0.0331314780961287,-0.23999232036862025,-0.1113709712120051,0.23999232036862025
121,252,-0.5203552419727089,-0.013745226317521658,-0.04983072463245451,-0.11319069000971972,-0.14322750883054816,0.14322750883054816
122,252,-0.7111244886903165,0.0685933401779911,-0.016523847695440727,-0.016020005458016844,-0.0639202772100593,0.0685933401779911
123,252,-1.1137652628620813,-0.02144012946810094,0.03330097311027833,-0.04770627032791742,-0.06404305140067548,0.06404305140067548
124,252,-0.5764330652639131,-0.20206006951231578,-0.016376946349404013,-0.031754033266447663,0.07945020013332,0.20206006951231578
125,252,-2.6261301121494824,-0.2061366640911922,0.10056022847309876,-0.07949035184788975,0.25617220560270204,0.25617220560270204
126,252,-5.715022504417135,0.13225070940247896,0.016523847695440727,0.015886029415790807,0.1919570064452952,0.1919570064452952
127,252,-5.689665448701653,0.20011284506344237,-0.08400692245562721,-0.04770627032791742,-0.04767012007999192,0.20011284506344237
128,252,-0.8461387884324907,-0.01963399781539907,-0.2626128657194449,-0.031766046899489905,-0.015914167647838623,0.2626128657194449
129,252,-0.16565056558376057,-0.0581424584803631,-0.034340140987172134,-0.07963136373342099,0.0,0.07963136373342099
130,252,-2.776324549907372,-0.06378596648761424,0.03269038851817766,0.04770627032791742,0.064183054380568,0.064183054380568
131,252,-2.0048914571215164,-0.030681909740873488,-0.03256448045129192,0.22464069033198802,-0.015878017296044974,0.22464069033198802
132,252,-3.5729874446684704,-0.05056877567870909,0.016787174126735378,0.04781521653246212,0.15941443036912015,0.15941443036912015
133,252,1.0132063988614846,-0.24339171561870807,0.01652384769544073,-0.08034785573516881,0.15925262933238257,0.24339171561870807
134,252,-1.675924921370779,-0.08538394897602772,-0.2669859222034735,-0.1769023808406317,-0.047706270327917195,0.2669859222034735
135,252,-5.582383823659519,0.016585214582146814,-0.2687652562733583,0.2743184616628296,0.0795506937228606,0.2743184616628296
136,252,-5.97539422294949,0.2899029107018929,-0.10056022847309876,-0.1273052810806988,-0.0479739092880915,0.2899029107018929
137,252,-3.408520669759781,-0.03877473078338052,-0.23883691787722902,0.1135475248053538,-0.031766046899489794,0.23883691787722902
138,252,-0.5841262015457716,-0.30755728845259,-0.2648701704232648,-0.015987215339548572,-0.03178609995804863,0.30755728845259
139,252,-3.344279509850338,0.034324787940405575,0.016376946349404013,0.19382591213771905,0.031814238148788775,0.19382591213771905
140,252,-3.0487009609378646,0.12007055604486305,0.0,-0.04876598490941714,-0.07955069372286083,0.12007055604486305
141,252,2.053126090894658,-0.13086971957942956,0.04876598490941714,-0.22386393208137456,-0.07943014707895393,0.22386393208137456
142,252,-1.6686724893941545,-0.15441558878468353,0.03330097311027833,0.08016176935523048,0.19156525704423027,0.19156525704423027
143,252,1.4333625692751468,-0.0873428641668454,0.05037572072342058,-0.2079933443194711,-0.09535829987414635,0.2079933443194711
144,252,-2.681177415949705,-0.06916178777293706,0.15066058828554757,0.07999744012287338,-0.03178609995804863,0.15066058828554757
145,252,3.2761862673438387,-0.0019378559952239625,0.17357867696094104,-0.3079574280414087,-0.15996417203774613,0.3079574280414087
146,252,-1.673643037108235,-0.041112546884931114,0.0995037190209988,-0.1955944099916425,0.0635320937989797,0.1955944099916425
147,252,1.622648476785514,-0.17324419649526845,-0.23467349517937092,0.016020005458016844,-0.06355614835671623,0.23467349517937092
148,252,1.469530809525608,-0.22887265596118084,-0.08353662108385458,0.016020005458016844,0.015886029415790696,0.22887265596118084
149,252,-2.2294362247296533,-0.01865728783055527,-0.0687106737224096,-0.14425411105030345,-0.20746295114623825,0.20746295114623825
150,252,-5.636686908998314,0.13839073334168797,-0.033676524573408084,0.16089318388051083,0.0,0.16089318388051083
151,252,-2.1441237937827395,-0.1543995626735584,0.05009401449856225,0.07973254720972986,0.09535829987414622,0.1543995626735584
152,252,-5.883250312792782,0.2439089868292329,-0.19975046777556893,0.047973909288091726,0.09539445011233401,0.2439089868292329
153,252,-2.156184317336269,-0.03773467389140029,0.0687106737224096,-0.09612620041680021,0.0,0.09612620041680021
154,252,-0.8646624170078923,-0.04923928047802602,0.10114434748483461,-0.015934358175684064,0.0477062703279172,0.10114434748483461
155,252,-4.208966944321844,-0.03499693334665536,0.0,0.0637252987877166,0.04764606552057975,0.0637252987877166
156,252,0.15474751506772577,-0.28735713295483845,0.016787174126735378,0.14344564959738615,-0.06353209379897959,0.28735713295483845
157,252,-0.6181689909700196,0.04314813052951329,-0.13157254088015372,-0.09553946329477231,-0.031850525866476596,0.13157254088015372
158,252,-3.566151000476353,0.10364077830262027,-0.10389707743074704,-0.047973909288091726,0.22360679774997905,0.22360679774997905
159,252,0.791624352766739,-0.05040513426100813,-0.05209322610706238,-0.2581652766649713,-0.015886029415790696,0.2581652766649713
160,252,-1.9531929718074537,-0.02869286371313706,0.23883691787722905,-0.09545479198066951,-0.015914167647838623,0.23883691787722905
161,252,0.6280757721010559,0.03321507426391372,0.20188749869296685,-0.1929220558087442,-0.19173635204475498,0.20188749869296685
162,252,-5.584291259202708,0.09774381071689234,-0.312771621085612,-0.016020005458016844,0.1595564115681507,0.312771621085612
163,252,-1.2053765376104906,-0.1631412843338735,-0.10314212462587946,0.0981761387347632,-0.14333645472015774,0.1631412843338735
164,252,-4.772467914772768,0.11811875739535034,-0.16466623048469595,-0.03189504660547483,0.2075158079499356,0.2075158079499356
165,252,-4.443697941647514,0.020427150585516512,0.0,0.0,0.015914167647838623,0.020427150585516512
166,252,0.5392142031514879,-0.07447298690442293,0.016887411200816303,-0.3257743800089324,-0.07963136373342088,0.3257743800089324
167,252,-6.250496612298271,0.119289117254943,0.016523847695440727,0.11131463076514046,-0.09545479198066951,0.119289117254943
168,252,1.2006279456972777,-0.07532704290138699,0.06699312309016854,-0.12725695259515565,-0.1113709712120051,0.12725695259515565
169,252,-0.5174584884322115,-0.22186375280105383,0.03348247650912113,0.20895839143905368,-0.015886029415790696,0.22186375280105383
170,252,-7.823321745089999,0.1526599331794177,0.18656130384419653,0.015987215339548572,0.3548387096774193,0.3548387096774193
171,252,-3.4413962851615807,0.14533321234523477,-0.08450938930347111,-0.12828356350871783,0.11128649258704562,0.14533321234523477
172,252,-1.1009456811427327,-0.13166769559615235,-0.0850455753787858,0.29172998299578917,0.0637252987877166,0.29172998299578917
173,252,-3.900711543851635,-0.06048287577901943,-0.06699312309016854,0.2075158079499355,0.256172205602702,0.256172205602702
174,252,-6.094590290250935,0.18846234103105486,0.10001389178307747,0.0,0.1593132469692916,0.18846234103105486
175,252,-2.6378188281775294,-0.061045885597417804,0.06921285402059826,0.03189504660547483,0.0,0.06921285402059826
176,252,-5.379585708399432,0.25150164891168586,-0.40777659961835083,-0.1118819150137327,-0.031814238148788886,0.40777659961835083
177,252,-2.639340581154613,-0.07695608539305429,-0.15339299776947402,0.1602308988614113,-0.015886029415790696,0.1602308988614113
178,252,0.05108032286312891,-0.08043061682510837,-0.03282660821493053,0.08034785573516881,-0.0478882633730621,0.08043061682510837
179,252,-4.893442386776769,-0.010196026937842011,-0.03330097311027833,0.09539445011233401,0.031850525866476596,0.09539445011233401
180,252,-4.333430306060336,-0.14103005014725256,0.13671718540493263,0.30555865781563685,0.1593132469692916,0.30555865781563685
181,252,-2.825876878069458,-0.07125898676761783,0.1662056238286335,-0.01595868854971068,0.01593435817568429,0.1662056238286335
182,252,-1.388428753812434,0.13088812181318243,-0.03348247650912113,-0.22545481924029084,-0.04767012007999192,0.22545481924029084
183,252,0.6310473455878736,-0.17723341911879742,-0.08561719146622293,0.0639202772100593,-0.07963136373342088,0.17723341911879742
184,252,-1.3993779729541984,-0.10589247848157814,0.0,0.15973951748802795,-0.12738595105969652,0.15973951748802795
185,252,0.6725256171190992,-0.06869734913873182,0.0331314780961287,-0.048446999376620406,-0.0477062703279172,0.06869734913873182
186,252,1.0722521994978251,-0.02764117283034374,-0.15066058828554757,-0.20778069931121804,-0.1113709712120051,0.20778069931121804
187,252,-0.22653299832496998,-0.32135159426143933,0.03330097311027833,0.2900209467136992,-0.015914167647838734,0.32135159426143933
188,252,1.7340659433511405,-0.1444031675695342,-0.10114434748483461,-0.1118819150137327,-0.1113709712120051,0.1444031675695342
189,252,-4.718597867793179,0.008896242310892285,0.04958508352445633,0.2074629511462381,-0.04763405188813459,0.2074629511462381
190,252,2.9546277099211267,-0.19026892457019443,-0.10001389178307749,0.04818383473298543,-0.06353209379897959,0.19026892457019443
191,252,-3.780153672559287,0.09181946503224267,0.11841467234190432,-0.11171081984797443,0.015898070369577882,0.11841467234190432
192,252,-5.219905349605732,0.1066487000806378,-0.034590895663712394,0.12749914710328467,0.0,0.12749914710328467
193,252,-3.064513059438326,-0.0004940820915921008,-0.267373168172058,0.09539445011233401,0.11131463076514067,0.267373168172058
194,252,-1.2385454813497887,-0.10380659089567627,-0.12270320371604652,-0.14359163172354766,0.04781521653246212,0.14359163172354766
195,252,-7.011212997092059,0.18459653688074892,0.0673817120529209,-0.015934358175684064,0.06381444212457038,0.18459653688074892
196,252,-2.4236532675963076,0.07462860503101408,-0.19975046777556893,-0.11231311618158317,0.1114556425150706,0.19975046777556893
197,252,-0.6659206315194908,0.05043267140886498,0.033676524573408084,-0.2085815014800832,-0.12764512925452057,0.2085815014800832
198,252,-3.1071013715359896,-0.016047640815689733,0.13582754059500465,0.15941443036912026,-0.031766046899489905,0.15941443036912026
199,252,0.9427740529230846,-0.053200692620240825,-0.28390937639507036,-0.1919570064452952,-0.06404305140067548,0.28390937639507036
200,252,-1.7404522344806423,-0.08806651871960403,-0.10114434748483461,0.17541160386140586,-0.015886029415790807,0.17541160386140586
201,252,0.3681378155476267,-0.040439969266347124,0.0862261227118453,0.03178609995804874,-0.15931324696929164,0.15931324696929164
202,252,-8.014561994563614,0.13977750136292016,0.13671718540493263,-0.03189504660547483,0.22372097023520757,0.22372097023520757
203,252,-7.522007138486117,0.09644983447545226,0.06921285402059828,0.1769023808406317,0.22386393208137467,0.22386393208137467
204,252,-0.8458816218679317,-0.1801637436916277,-0.10176802973291361,0.03189504660547483,-0.11156883857574489,0.1801637436916277
205,252,-3.5988326298816133,-0.025495639025217443,-0.16540792339471244,0.08016176935523048,0.191370279632849,0.191370279632849
206,252,-3.6704335754938597,0.1449860997067124,0.0850455753787858,0.09535829987414635,-0.06381444212457038,0.1449860997067124
207,252,-2.6410373803917366,0.009846279804766041,0.0687106737224096,0.048072355274478014,-0.14326379652021856,0.14326379652021856
208,252,-7.181684211084196,0.1713192982895936,0.0,0.24154307519818502,0.3215783206921658,0.3215783206921658
209,252,-1.7428575625451543,0.06110824214344842,0.0,0.03207914062416534,-0.11188191501373282,0.11188191501373282
210,252,0.5555906196942999,-0.14917897780721678,-0.03269038851817766,0.0798544780273006,-0.09535829987414624,0.14917897780721678
211,252,-0.8822152071325036,0.23844177076239495,0.0,-0.3791180177772377,-0.0635320937989797,0.3791180177772377
212,252,-4.4724488231537975,0.08367214728822935,0.11643242034502573,-0.09578262852211514,0.12888147046219356,0.12888147046219356
213,252,-7.828478786946846,0.2617170667936156,-0.06662966046527696,0.22501758018520476,-0.07963136373342088,0.2617170667936156
214,252,-5.040921706697887,0.17425641381476636,-0.1794737712130681,0.0,-0.07943014707895393,0.1794737712130681
215,252,1.1809620343541383,-0.09278729843129166,0.016693350985262898,0.0,-0.031754033266447775,0.09278729843129166
216,252,-0.5226417207890535,-0.03582035871793974,-0.05009401449856226,0.016020005458016844,-0.1754116038614059,0.1754116038614059
217,252,-0.25187316555106065,0.05596884015669634,0.0331314780961287,-0.2738198299258192,-0.1117108198479742,0.2738198299258192
218,252,-0.5613325654089039,-0.17609482355912642,0.17231137919889425,-0.04770627032791742,0.04763405188813459,0.17609482355912642
219,252,1.9340849386312016,-0.1028559137186193,-0.05037572072342058,-0.0637252987877166,-0.2743184616628297,0.2743184616628297
220,252,-1.6213662205222619,0.06968901232276868,0.04876598490941714,0.015886029415790807,-0.11128649258704562,0.11128649258704562
221,252,-4.133472597628668,0.027526576566473213,0.09858611698511634,0.032157832069216574,0.031754033266447663,0.09858611698511634
222,252,-0.1137432025692533,-0.0890173814866338,-0.16620562382863352,-0.19334729780913273,-0.20778069931121804,0.20778069931121804
223,252,3.443238588479403,-0.12442877311287019,-0.08309707336430364,-0.14399539222117227,-0.20751580794993557,0.20751580794993557
224,252,-1.7972734416212006,-0.07638255659023434,0.0,-0.04763405188813437,-0.0635320937989797,0.07638255659023434
225,252,-0.3779205091315845,-0.06607343126347112,-0.1711215266024828,-0.15973951748802795,0.07973254720972986,0.1711215266024828
226,252,-0.7138440779777824,-0.007367562546912919,0.1711215266024828,0.07999744012287338,-0.015958688549710567,0.1711215266024828
227,252,-6.722719910060505,0.13729846405189144,0.13671718540493263,0.07943014707895382,-0.09545479198066951,0.13729846405189144
228,252,-3.943707824406033,0.20502792306001996,-0.08309707336430364,0.06404305140067547,0.03175003175004763,0.20502792306001996
229,252,-7.333444664565839,0.24521932421710105,-0.0168874112008163,0.0638144421245704,-0.01587401577952555,0.24521932421710105
230,252,-2.995194045806329,0.025902469276045306,0.19975046777556893,-0.07999744012287338,-0.0635320937989797,0.19975046777556893
231,252,-6.461977196380516,0.05019035153920992,-0.18902408531188145,0.3058752579863745,0.15941443036912015,0.3058752579863745
232,252,-0.9303320581714232,-0.1185851654522958,-0.1342123198723443,-0.06359630007488934,-0.0637252987877166,0.1342123198723443
233,252,-0.07206076035878084,-0.006202177481394352,0.08195069690144598,-0.016057136604691644,0.015898070369577882,0.08195069690144598
234,252,6.190270408819366,-0.3367122267685067,-0.14843120879858798,-0.12749914710328467,-0.22363532448323908,0.3367122267685067
235,252,-2.9287360108304625,-0.007188583349466151,-0.08230522367501678,-0.016020005458016844,-0.11156883857574489,0.11156883857574489
236,252,-1.8920264928479895,0.0304618531250935,-0.13348172885319998,-0.1273859510596964,-0.14326379652021856,0.14326379652021856
237,252,-3.8919837571842493,0.16285981163245447,0.1296237259056716,0.06434062009777822,0.0,0.16285981163245447
238,252,-1.3829756742405692,0.014481715078381857,-0.1662056238286335,-0.12782423469650325,0.15931324696929164,0.1662056238286335
239,252,-5.131481147642006,0.14398590800651861,-0.03297350406984682,-0.031814238148788886,-0.12782423469650323,0.14398590800651861
240,252,-4.279516968615923,0.03027630440310033,-0.0331314780961287,0.12782423469650323,0.0,0.12782423469650323
241,252,-2.5234150256786734,-0.1608050561810638,0.11585688927269827,0.04767012007999192,0.04767012007999202,0.1608050561810638
242,252,-2.052866211115145,-0.029088925296187916,-0.06597391247540421,0.0,-0.031766046899489905,0.06597391247540421
243,252,-3.0703703394966055,-0.09781366937850437,-0.016693350985262898,0.047973909288091726,0.17527793993252527,0.17527793993252527
244,252,-5.241984173740718,0.006885314836739475,-0.08131962797461241,0.06365264054034936,-0.04763405188813437,0.08131962797461241
245,252,0.39999117577993104,-0.09436259943478234,0.15066058828554757,0.06451612903225806,-0.17532246061902762,0.17532246061902762
246,252,-2.209879799599591,-0.10386067927856926,0.08309707336430364,0.03234231136765754,0.04788826337306199,0.10386067927856926
247,252,-1.1640097869968855,0.08494722937369384,-0.10243323564400456,-0.0795506937228606,0.20762164287098148,0.20762164287098148
248,252,-4.208634306405358,0.15879551537511133,0.05037572072342058,-0.0798544780273006,0.0,0.15879551537511133
249,252,-0.02634772113856343,-0.06255086417609505,-0.21829478980148911,0.0,-0.031766046899489905,0.21829478980148911
250,252,-6.632329622741409,0.0750246791707796,-0.0331314780961287,0.06434062009777823,0.12730528108069883,0.12730528108069883
251,252,0.49015063211667353,-0.20297030108607433,-0.11354752480535389,0.14425411105030345,-0.07945020013332,0.20297030108607433
252,252,5.187667292876448,-0.39987783097087465,0.10314212462587946,-0.03224548418499757,-0.09539445011233401,0.39987783097087465
253,252,-5.085247755567494,0.0637063130094866,0.0,0.07949035184788975,0.2236353244832391,0.2236353244832391
254,252,-0.24281376387916964,0.021210271537827608,-0.2334630710877744,-0.2900209467136992,0.031754033266447663,0.2900209467136992
255,252,-6.762163852644527,0.34354305809717073,-0.09858611698511634,0.047888263373061984,0.07973254720972986,0.34354305809717073
256,252,2.537544514756007,-0.1868693376753467,-0.15151214565832502,-0.06434062009777822,0.031814238148788775,0.1868693376753467
257,252,-2.22810591315762,0.014738976025338498,-0.15442823221404456,-0.09683719348575984,0.0477062703279172,0.15442823221404456
258,252,0.8847795285256979,-0.05622575609892329,-0.016693350985262898,-0.03215783206921657,-0.17532246061902765,0.17532246061902765
259,252,-5.499945330238916,0.10709086753256077,0.11354752480535389,0.04764606552057975,-0.015914167647838623,0.11354752480535389
260,252,1.2031945127014154,-0.20582695020066388,0.15242200658438074,0.015987215339548572,0.07973254720972986,0.20582695020066388
261,252,1.8266442113488495,-0.07316578748189342,-0.06662966046527696,-0.30675100882532164,-0.03178609995804874,0.30675100882532164
262,252,-6.783973173395559,0.19562696630875323,0.1834225187400007,-0.015987215339548572,0.3051642866422407,0.3051642866422407
263,252,-1.0088596843574038,-0.17258664370229662,-0.08353662108385458,0.09564865822147209,-0.031766046899489905,0.17258664370229662
264,252,-3.0625762606248372,-0.07075999259448615,0.13216372009101793,-0.14322750883054816,0.11128649258704564,0.14322750883054816
265,252,-2.7505682514855607,0.009452922364797408,-0.05037572072342058,0.20988226919627262,-0.2238639320813747,0.2238639320813747
266,252,-5.205105548071792,0.17541843538477597,0.11704932817312284,-0.047888263373061984,0.14526525037324764,0.17541843538477597
267,252,3.24902470812097,-0.08645552337155155,-0.20433118274318615,0.03207914062416534,-0.2892709559399512,0.2892709559399512
268,252,-5.393981594884082,0.04617594927211562,-0.1342123198723443,0.20799334431947114,0.15941443036912015,0.20799334431947114
269,252,-4.597690186060355,0.025018010576039213,0.050676687877664765,0.0,0.0,0.050676687877664765
270,252,-0.37808492402837146,0.005686271503798462,-0.19975046777556893,-0.0637252987877166,-0.17527793993252552,0.19975046777556893
271,252,-2.7697979094060514,-0.04183079420644218,-0.10114434748483461,0.016020005458016844,-0.015878017296044974,0.10114434748483461
272,252,-2.4533754658520763,0.05429698953606869,-0.08561719146622294,0.1759493338867107,-0.1913702796328491,0.1913702796328491
273,252,-4.070664906562158,0.07485249723893651,-0.0331314780961287,0.032009219983223994,0.031814238148788775,0.07485249723893651
274,252,1.5233890852369996,-0.06496149766126193,-0.15339299776947404,-0.04788826337306199,0.015886029415790696,0.15339299776947404
275,252,-3.0135001558111867,-0.01679175230479253,0.10114434748483461,0.09594168517773195,0.14326379652021845,0.14326379652021845
276,252,-0.8480970817711011,0.015686683132869597,-0.016887411200816303,-0.3242296034331909,-0.04764606552057975,0.3242296034331909
277,252,-1.22387517617544,0.09114360932115208,-0.0168874112008163,-0.35693409459033376,0.0,0.35693409459033376
278,252,-0.5196156163276413,-0.05722023841374596,0.0,0.015914167647838734,-0.23980823009322946,0.23980823009322946
279,252,-5.97864072814955,0.21092658122382252,-0.050997845386547724,-0.1292341339502477,-0.06434062009777822,0.21092658122382252
280,252,-4.7594496919110085,0.10715680591572178,-0.08195069690144598,0.1114556425150706,-0.2887122656174881,0.2887122656174881
281,252,-1.1385055080060198,-0.03942220161716978,0.11532109556408446,0.0,0.15925262933238243,0.15925262933238243
282,252,-6.534033213724342,0.16607932000749268,-0.06662966046527696,0.04775459884007274,0.07985447802730049,0.16607932000749268
283,252,-3.2093236137825727,0.12951883662933847,-0.18087555371617964,0.04788826337306199,-0.1114556425150706,0.18087555371617964
284,252,-1.461537025249072,-0.07520735394659309,0.18014640984344477,-0.19334729780913273,0.03175003175004763,0.19334729780913273
285,252,-2.7109826348816597,-0.10668625731508413,0.0,0.11137097121200486,0.0637252987877166,0.11137097121200486
286,252,-2.9838807053620684,0.10648131905322979,0.08309707336430364,-0.14333645472015785,0.031814238148788775,0.14333645472015785
287,252,-0.6038970026479404,-0.10230901990821266,0.0687106737224096,-0.08055614605416084,0.031814238148788775,0.10230901990821266
288,252,-5.324202434497778,0.20897540398149955,0.13867504905630726,-0.06471001082659236,-0.031754033266447775,0.20897540398149955
289,252,1.0883247119660098,-0.12379631988646428,-0.34606427010299134,0.06355614835671623,0.0,0.34606427010299134
290,252,-3.5488378158145224,0.24818701758397174,0.034340140987172134,-0.0795506937228606,-0.29051158045727954,0.29051158045727954
291,252,1.7079568761104298,-0.09335777286918172,-0.18439927112141233,-0.12764512925452057,-0.07955069372286083,0.18439927112141233
292,252,0.05428772175064012,-0.16279878208933063,0.10001389178307747,-0.015958688549710675,-0.22432325840597592,0.22432325840597592
293,252,-2.9992714438851493,0.06260036134917787,-0.10243323564400456,-0.04788826337306199,0.04764606552057975,0.10243323564400456
294,252,-0.019302144516970543,0.022312023787852693,0.0,-0.3748643886374224,0.06365264054034936,0.3748643886374224
295,252,-3.2404761342670625,0.1155844804516547,0.049830724632454505,0.09553946329477231,-0.09539445011233401,0.1155844804516547
296,252,-4.441956922886163,0.17149211017936,-0.05170492890674115,0.047888263373061984,-0.0477062703279172,0.17149211017936
297,252,-3.6470017172727864,0.013529943518889037,-0.08450938930347111,0.08016176935523048,-0.25633653444480065,0.25633653444480065
298,252,-0.7195697291411562,-0.05066912057851022,0.0,-0.04818383473298543,0.06352408168042853,0.06352408168042853
299,252,0.44188921175492624,-0.04774699846101633,0.1843992711214123,-0.1114556425150706,-0.04763405188813459,0.1843992711214123
300,252,-2.149533970661764,0.11654335840742905,0.01652384769544073,0.015914167647838734,-0.19156525704423027,0.19156525704423027
301,252,-1.8749595420440102,-0.027142920477073954,0.050676687877664765,0.0795506937228606,-0.12725695259515554,0.12725695259515554
302,252,-4.85190359994931,0.10954049167121488,-0.10176802973291361,-0.11257424235312935,0.20762164287098148,0.20762164287098148
303,252,-2.8967855998453444,0.009807041942836736,-0.06662966046527696,0.031754033266447663,-0.04763405188813437,0.06662966046527696
304,252,0.5406283221119139,-0.037325693620862035,-0.09902823945323513,-0.11156883857574477,-0.15941443036912015,0.15941443036912015
305,252,-3.853505302116659,0.05054244831724173,-0.04914402145763848,0.2727604250124164,-0.09535829987414633,0.2727604250124164
306,252,-2.624425723793152,-0.022745953847264574,-0.10314212462587946,0.0,0.09594168517773206,0.10314212462587946
307,252,-2.2138860092812678,-0.1483553458841721,-0.03282660821493053,0.12782423469650323,0.01587401577952566,0.1483553458841721
308,252,0.7648351237934605,-0.1938589905543053,0.03297350406984682,-0.015898070369577882,-0.12738595105969652,0.1938589905543053
309,252,-4.491130263259031,0.06939083927508408,-0.10114434748483461,-0.1753224606190276,-0.015886029415790696,0.1753224606190276
310,252,-1.530904286810994,-0.0720717840369986,-0.09858611698511634,0.08055614605416084,0.0,0.09858611698511634
311,252,-3.4394703118648096,0.037413899358108925,0.10243323564400456,-0.031850525866476485,0.12782423469650323,0.12782423469650323
312,252,-1.830326076356073,-0.04163306536594131,-0.16797828517084884,0.0798544780273006,0.031814238148788886,0.16797828517084884
313,252,-1.74941624919893,0.06364803502257815,0.22941573387056166,-0.12764512925452057,-0.03178609995804874,0.22941573387056166
314,252,-0.06814985268511009,-0.1212478655854982,0.03348247650912113,0.015914167647838734,-0.27255001580778365,0.27255001580778365
315,252,-6.309579699492517,0.12110144485483827,0.13279951926661038,-0.015958688549710675,0.1593132469692916,0.1593132469692916
316,252,1.1728874774114146,-0.09510315496488564,-0.051340216552919496,-0.07963136373342099,0.07945020013332,0.09510315496488564
317,252,-1.1549456884042968,-0.014652831190551626,0.0,-0.2733945885718855,0.0,0.2733945885718855
318,252,-1.4039324008965792,-0.11094657518246581,0.016693350985262898,0.04781521653246212,0.0,0.11094657518246581
319,252,-1.1413705596771848,-0.04913213045549808,0.30308872116067165,-0.12828356350871783,0.07955069372286083,0.30308872116067165
320,252,-0.021817119016262154,0.0812290916644259,-0.10056022847309876,-0.07999744012287338,0.0,0.10056022847309876
321,252,3.7317763992178783,-0.356097042545031,0.03348247650912113,-0.04770627032791742,-0.01587401577952566,0.356097042545031
322,252,-3.8179872726024016,0.020956395080487394,0.06662966046527696,0.06365264054034936,0.031766046899489905,0.06662966046527696
323,252,1.2318044181414933,-0.03407708458325102,-0.016693350985262898,-0.0795506937228606,-0.17532246061902762,0.17532246061902762
324,252,-0.10877707674640646,-0.028843308124537535,0.13348172885319998,-0.2079933443194711,-0.17527793993252527,0.2079933443194711
325,252,-1.1132468756935054,0.008392158723132152,0.0,-0.08055614605416084,0.06359630007488934,0.08055614605416084
326,252,-5.788266970076059,-0.08846205533199217,0.1143629031433461,0.2896077309849195,0.19156525704423025,0.2896077309849195
327,252,-1.483609718042473,0.09158460187030829,-0.04935639364032846,-0.3242296034331909,0.03178609995804863,0.3242296034331909
328,252,-0.89844408445272,0.03631291035402149,0.10176802973291361,-0.12764512925452057,-0.09534625892455934,0.12764512925452057
329,252,-0.4042314179886404,-0.06963713961803952,-0.2334630710877744,-0.016057136604691644,-0.14344564959738626,0.2334630710877744
330,252,0.42802953619224127,-0.18021218082442636,-0.0164476798791585,0.06365264054034936,0.031814238148788775,0.18021218082442636
331,252,-3.3131361142579365,0.1447304916054052,-0.06629024923502592,0.03194790349760558,-0.17572467938512373,0.17572467938512373
332,252,-3.9231299793742167,0.06971309913668444,-0.06699312309016854,0.01587401577952555,-0.12782423469650325,0.12782423469650325
333,252,2.351871275357084,-0.17273877245099306,0.23735633163877054,-0.1765374922100896,-0.015898070369577882,0.23735633163877054
334,252,-0.5896859639853602,0.11294049206925828,0.06823911939349404,-0.1754116038614059,-0.2243232584059758,0.2243232584059758
335,252,-2.9975012571815967,-0.011811441275447972,0.03330097311027833,-0.016057136604691644,0.07955069372286083,0.07955069372286083
336,252,-3.7179681747704905,0.11773772108260099,0.0,-0.14425411105030345,-0.015886029415790696,0.14425411105030345
337,252,-2.697645299400662,0.03617497632479396,0.15553114090800502,-0.24204570146720256,0.07943014707895382,0.24204570146720256
338,252,0.31419616868990374,-0.12476711303482863,0.11585688927269827,0.1592324388246205,-0.11131463076514067,0.1592324388246205
339,252,-2.5932630321433905,0.18676872971215536,0.10176802973291361,0.11208252311670473,-0.11128649258704562,0.18676872971215536
340,252,0.3361579485187036,-0.19935351568813425,0.21829478980148911,0.04770627032791742,0.06365264054034936,0.21829478980148911
341,252,0.028275221145293017,-0.06448097688784717,-0.11704932817312283,0.12749914710328467,-0.01587401577952566,0.12749914710328467
342,252,-0.034472707488504284,-0.1839256772084777,-0.0850455753787858,-0.03189504660547483,-0.07955069372286083,0.1839256772084777
343,252,-3.6752127230106737,0.02611476353587199,0.18775322788492627,0.14344564959738615,0.03178609995804863,0.18775322788492627
344,252,-3.9468740872736063,0.0728153018166093,0.1679782851708488,-0.2727604250124164,0.12724085532703788,0.2727604250124164
345,252,-4.206426531605608,0.0012248053598976584,-0.10056022847309876,0.06404305140067547,0.09539445011233401,0.10056022847309876
346,252,3.339917035694093,-0.15438311412646316,-0.04958508352445633,-0.1437747376787374,-0.06355614835671623,0.15438311412646316
347,252,-7.709257055144185,0.11837002093307673,0.13005121775247103,0.16089318388051083,0.15941443036912015,0.16089318388051083
348,252,-3.4337678426391918,0.20457173587078256,0.016605660672154725,0.0,-0.29051158045727954,0.29051158045727954
349,252,-6.642508164440123,0.15142798086104245,0.0850455753787858,0.03189504660547483,0.07949035184788963,0.15142798086104245
350,252,-8.135041224225382,0.20180669502202042,-0.11585688927269827,0.015886029415790807,0.20778069931121815,0.20778069931121815
351,252,-3.071761589796097,0.16997126982704186,-0.0673817120529209,0.1595564115681507,-0.11131463076514046,0.16997126982704186
352,252,-2.9839770655901816,0.0528192210238845,-0.049830724632454505,0.08055614605416084,0.14326379652021856,0.14326379652021856
353,252,0.4686679353235945,-0.005580846174036951,0.0,0.04767012007999192,-0.1114556425150706,0.1114556425150706
354,252,0.4781293822387198,-0.07500287370277373,-0.2687652562733583,-0.24261492391863387,-0.031754033266447775,0.2687652562733583
355,252,-0.18844212301469554,-0.15522710305593032,-0.14912234662243823,-0.015958688549710675,0.14344564959738626,0.15522710305593032
356,252,-2.742690210349977,0.044648359426348094,0.03330097311027833,-0.2576626505603324,-0.015886029415790696,0.2576626505603324
357,252,3.1015115224927854,-0.27980538499762264,-0.18251134839184677,-0.11231311618158317,-0.25607375986579195,0.27980538499762264
358,252,3.820455355477037,-0.21953363845930676,-0.1177094170279595,0.0,-0.19144332637371117,0.21953363845930676
359,252,-1.7067655748326018,0.058427171997428536,0.05009401449856226,-0.22432325840597592,0.2075158079499355,0.22432325840597592
360,252,-5.289302214582058,0.14715079066355982,0.0,0.1113709712120051,-0.09553946329477242,0.14715079066355982
361,252,0.20655883712892376,0.0626264201350071,0.06699312309016854,-0.09545479198066951,-0.031766046899489905,0.09545479198066951
362,252,-4.507174546114122,0.04421592077137536,0.18251134839184677,0.20939163464915583,0.03200921998322388,0.20939163464915583
363,252,-1.300622379304798,-0.17593004724563754,0.01796487706979857,0.06451612903225806,0.19144332637371117,0.19144332637371117
364,252,0.656051518794321,-0.2827661683587743,0.10001389178307747,0.0794502001333199,-0.224640690331988,0.2827661683587743
365,252,0.6373431271836836,-0.11586386691451821,0.0331314780961287,0.04830861503963694,0.015886029415790807,0.11586386691451821
366,252,1.3339408401629385,-0.04752420084037008,0.04958508352445633,-0.29051158045727965,-0.031754033266447775,0.29051158045727965
367,252,-0.7664098880674501,-0.07108630278977882,0.05067668787766476,0.1765374922100896,0.12856486930664499,0.1765374922100896
368,252,-2.345323948784099,0.010161459090709785,0.11643242034502571,-0.015958688549710675,-0.09545479198066964,0.11643242034502571
369,252,-1.8937771905836271,-0.07113238793323737,-0.1342123198723443,0.0639202772100593,0.15973951748802806,0.15973951748802806
370,252,-1.9447089671669886,0.021341334110386332,0.11996964417539861,-0.0798544780273006,-0.06352408168042852,0.11996964417539861
371,252,2.1032052047749943,-0.11642006039932834,0.08991148076571882,-0.3235924008452869,-0.09612620041680033,0.3235924008452869
372,252,-6.2109730023632395,0.19701119387033267,0.24977461072431742,0.07945020013332,0.19156525704423027,0.24977461072431742
373,252,1.568144297346862,-0.14256013876859167,-0.0164476798791585,0.031814238148788886,-0.19334729780913273,0.19334729780913273
374,252,0.3931581500547452,0.0021030744196257447,-0.0995037190209988,-0.1114556425150706,-0.0318505258664766,0.1114556425150706
375,252,-1.1201997301291868,-0.07583536030540691,0.07031625539346299,0.015987215339548572,-0.04764606552057975,0.07583536030540691
376,252,-1.3342844642776441,-0.09993107547397549,-0.06738171205292091,-0.12782423469650325,-0.03178609995804863,0.12782423469650325
377,252,-1.605568450898133,0.049736505081847515,-0.0862261227118453,0.11131463076514046,0.032079140624165454,0.11131463076514046
378,252,-1.7280483722502709,-0.2186946565325293,0.05209322610706238,0.27234009278628535,0.07945020013332,0.27234009278628535
379,252,0.483195274196639,-0.1154392296682314,-0.08400692245562721,-0.09612620041680021,-0.16089318388051094,0.16089318388051094
380,252,-6.784472011709106,0.03705501417481567,0.08309707336430364,0.04781521653246212,0.2724100132220426,0.2724100132220426
381,252,-0.17205017327793826,-0.14595652146101976,0.10114434748483461,-0.11156883857574477,0.1113709712120051,0.14595652146101976
382,252,-4.817500049715356,0.15783283514832452,0.2329427427500235,0.06381444212457038,0.19222773253288508,0.2329427427500235
383,252,-2.805650113565207,0.041871472600401964,0.17492785713533,0.19222773253288508,-0.15941443036912026,0.19222773253288508
384,252,-5.7496905947093495,0.2010548717134858,0.14719525726349553,0.2608965378392889,-0.09535829987414635,0.2608965378392889
385,252,-3.890219849396402,0.06539533270030223,0.19037810293146257,0.015898070369577882,0.14322750883054816,0.19037810293146257
386,252,-3.085567845033893,-0.004499139200667306,0.1700051002295116,0.03207914062416534,0.19144332637371117,0.19144332637371117
387,252,-6.77390316015984,-0.031141868036136396,0.1711215266024828,0.2401768352500815,0.15996417203774613,0.2401768352500815
388,252,-1.238349047135003,0.06525045516308771,-0.11770941702795949,0.09683719348575984,-0.06355614835671623,0.11770941702795949
389,252,-2.24317669775958,0.016393144268320215,0.04935639364032846,0.031766046899489794,-0.015878017296044974,0.04935639364032846
390,252,-2.7249458594821903,-0.06128944149864104,0.016605660672154725,0.07973254720972986,0.09594168517773206,0.09594168517773206
391,252,-5.723418109495327,-0.13719163244362317,0.19706585563285864,0.3235924008452869,0.12725695259515565,0.3235924008452869
392,252,-4.67229969682225,0.006398636013058686,0.1679782851708488,0.20895839143905368,0.11137097121200486,0.20895839143905368
393,252,-1.8230621376675487,-0.0810733433858203,0.03485780871878761,-0.12749914710328467,-0.14359163172354755,0.14359163172354755
394,252,0.2112200947019005,0.021975331772356933,-0.08195069690144598,-0.24325212770525992,-0.11131463076514046,0.24325212770525992
395,252,-2.0561669304545944,0.03434851811047387,0.28832201503193994,-0.11137097121200486,0.0,0.28832201503193994
396,252,-1.611262446658877,0.09902848526932576,-0.0687106737224096,0.09578262852211514,-0.2896077309849196,0.2896077309849196
397,252,-0.0055360842407736754,0.010170337874129671,-0.08309707336430364,0.1595564115681507,0.015886029415790807,0.1595564115681507
398,252,-4.9838263266745315,-0.048883854601440194,-0.20567735105731833,0.2892709559399512,-0.03178609995804863,0.2892709559399512
399,252,-1.9889590775364212,0.15448798755603685,-0.050676687877664765,0.0,0.04775459884007286,0.15448798755603685
400,252,-8.309576625299051,0.17105621805302418,0.06662966046527696,0.2447369607450927,0.14359163172354755,0.2447369607450927
401,252,0.37761949979736187,0.02654548100950331,-0.25700233102171366,-0.19173635204475498,0.015958688549710567,0.25700233102171366
402,252,3.101487106080171,-0.18053996034377032,-0.03297350406984682,0.06404305140067547,-0.031850525866476596,0.18053996034377032
403,252,-6.763372637322,0.14808476971941217,0.12270320371604651,-0.03256448045129181,0.15996417203774613,0.15996417203774613
404,252,0.2860046144831614,-0.08890119955211213,-0.016376946349404013,-0.0963366101718176,0.0,0.0963366101718176
405,252,-5.236577175671542,0.031609822007446206,-0.050997845386547724,-0.09657341699694756,0.015914167647838623,0.09657341699694756
406,252,-3.5291332170744454,0.19158828625079705,0.017229859028885287,-0.11131463076514067,0.06365264054034936,0.19158828625079705
407,252,3.771630107112628,-0.2946948179963266,-0.10243323564400457,0.0,-0.1913702796328491,0.2946948179963266
408,252,-3.083852834483025,0.05936571635191576,-0.09858611698511634,0.03189504660547483,0.04775459884007286,0.09858611698511634
409,252,-2.349647757471729,0.15919938586774035,0.28370791745357776,-0.12803687993289598,0.06372529878771661,0.28370791745357776
410,252,-1.3395198019557668,0.10201445287592152,-0.17492785713533,-0.23980823009322946,0.0,0.23980823009322946
411,252,0.45843419829822096,-0.026697105731225336,-0.18656130384419653,0.11128649258704562,-0.015914167647838734,0.18656130384419653
412,252,2.173636300477611,-0.19112230487478574,-0.0995037190209988,0.04767012007999191,-0.3548387096774193,0.3548387096774193
413,252,-3.1879142146312915,0.14465603847512234,0.10176802973291361,-0.04764606552057975,0.015914167647838734,0.14465603847512234
414,252,0.5128678447535151,-0.06874976169118772,-0.4850712500726659,-0.03189504660547483,-0.17532246061902762,0.4850712500726659
415,252,-5.026637656217673,0.09661728446003737,0.23467349517937086,0.09578262852211514,0.12803687993289598,0.23467349517937086
416,252,-6.709129181092983,0.07975304441003901,-0.08353662108385458,0.032009219983223994,-0.0478882633730621,0.08353662108385458
417,252,-0.3991027549982107,-0.08674732685232968,-0.13157254088015372,-0.031766046899489794,0.015898070369577882,0.13157254088015372
418,252,-4.319192593563805,0.02173956284723612,0.2056773510573183,0.0795506937228606,0.03175003175004763,0.2056773510573183
419,252,-4.098379327219007,0.06128677069357713,-0.08450938930347113,-0.17622006003818463,0.22372097023520754,0.22372097023520754
420,252,-3.82686458361718,0.18850665585791188,-0.06629024923502592,-0.14455150419895618,0.11128649258704562,0.18850665585791188
421,252,-0.5795127793623749,-0.04064734798007815,-0.03330097311027833,-0.11137097121200486,-0.015886029415790696,0.11137097121200486
422,252,-4.378938374573231,0.03278566762574108,0.08309707336430364,0.0,0.07973254720972986,0.08309707336430364
423,252,-1.7906763739942093,-0.09700071557979124,0.01710839573839969,0.047706270327917424,-0.048072355274478125,0.09700071557979124
424,252,-0.7375319118553705,-0.1805148625217025,-0.033676524573408084,0.14322750883054805,0.175545574046817,0.1805148625217025
425,252,-3.784097880413235,0.08822860374542836,0.016693350985262898,-0.0794502001333199,-0.06352408168042852,0.08822860374542836
426,252,0.6552729211665564,-0.15224289249042947,-0.22711105052162706,0.04770627032791742,0.015878017296044974,0.22711105052162706
427,252,-0.050367279166351864,-0.09334604266684497,-0.1662056238286335,-0.01587401577952555,-0.22372097023520754,0.22372097023520754
428,252,-4.80147931330184,0.1095424639974769,-0.048947392149018616,0.0,0.04767012007999202,0.1095424639974769
429,252,-1.2207888185547944,-0.029332504214788897,0.05009401449856226,0.08131962797461241,-0.09539445011233401,0.09539445011233401
430,252,-5.217363328399038,0.15351640968242555,-0.09779720499582116,0.12764512925452057,-0.015886029415790807,0.15351640968242555
431,252,-1.2178325311716307,0.0195784682822004,0.033883707378584975,0.12724085532703788,-0.06365264054034935,0.12724085532703788
432,252,-0.2950269405531287,0.006565125132363053,-0.017229859028885287,-0.01595868854971068,-0.12730528108069883,0.12730528108069883
433,252,0.507535479973626,-0.043115369400333274,-0.23596995186213482,-0.14333645472015774,-0.07955069372286083,0.23596995186213482
434,252,-2.8700874267385643,-0.17430445925829563,0.1662056238286335,-0.12725695259515565,-0.07943014707895382,0.17430445925829563
435,252,-2.06195850010468,-0.1393586876256565,0.08687444855261381,0.11137097121200487,0.015898070369577882,0.1393586876256565
436,252,-0.6438356927519351,-0.014609769232839803,0.08230522367501678,-0.06451612903225806,-0.11137097121200486,0.11137097121200486
437,252,-0.9224657951666657,-0.2005207255527491,0.19037810293146254,-0.064183054380568,0.06359630007488934,0.2005207255527491
438,252,-3.570153455434763,0.10065752206420976,-0.0673817120529209,0.0,0.06355614835671623,0.10065752206420976
439,252,-0.4107832250947894,-0.1416363332545873,-0.18902408531188145,0.07973254720972986,-0.04775459884007286,0.18902408531188145
440,252,-4.165568757441896,0.05484565396262867,0.08195069690144598,0.17554557404681703,-0.015886029415790696,0.17554557404681703
441,252,-2.516601218977428,-0.1154884561070908,0.08450938930347111,0.09535829987414635,0.031754033266447775,0.1154884561070908
442,252,-2.9412622923690037,0.03249902246262195,-0.05009401449856226,0.032009219983223994,0.04763405188813459,0.05009401449856226
443,252,-2.7992950333679545,0.07623501073059506,0.40744676558016174,0.0,-0.11131463076514046,0.40744676558016174
444,252,-5.604768006378592,0.14821418633153957,-0.1011443474848346,-0.064183054380568,0.1114556425150706,0.14821418633153957
445,252,1.5013363542388447,-0.20767295871981759,0.08561719146622293,0.04818383473298543,0.0,0.20767295871981759
446,252,-5.725777988833229,0.31286364391606647,0.06823911939349404,0.015914167647838734,0.2075158079499356,0.31286364391606647
447,252,-1.394500009914509,-0.1054475544383528,-0.034104674408597144,0.1118819150137327,-0.1113709712120051,0.1118819150137327
448,252,-0.15749256819182733,-0.16467823286874184,-0.016605660672154725,0.01587401577952566,-0.14359163172354755,0.16467823286874184
449,252,-5.737925747377936,0.13730295033853143,-0.13867504905630726,0.24110583627583118,-0.04763405188813437,0.24110583627583118
450,252,-4.343560043102769,0.12962157408049216,-0.21953634561060956,-0.016057136604691644,-0.031814238148788775,0.21953634561060956
451,252,-5.668093223632226,0.04449875236174598,0.06662966046527696,0.0,0.1755455740468168,0.1755455740468168
452,252,-3.5055506841107302,-0.014883469041295266,0.1987888685767715,-0.09612620041680021,0.11131463076514045,0.1987888685767715
453,252,-3.8137947473520697,0.03945973577478671,0.04958508352445633,0.12782423469650325,0.23980823009322946,0.23980823009322946
454,252,-3.2491108398741915,-0.022290958969175267,0.10056022847309876,0.1437747376787374,0.15925262933238257,0.15925262933238257
455,252,-4.586547523374939,0.015197165095750174,-0.016693350985262898,0.16054032476698388,0.01587401577952566,0.16054032476698388
456,252,-5.59729610115,0.13941848402454193,-0.016787174126735378,0.0,-0.04781521653246212,0.13941848402454193
457,252,3.146300880257755,0.017229619518007375,0.0850455753787858,-0.0639202772100593,-0.3547003260349733,0.3547003260349733
458,252,-3.2178910732087758,-0.04523328726457896,-0.035444060250416666,0.1114556425150706,0.015987215339548572,0.1114556425150706
459,252,-4.606161218956913,0.03922017610985823,-0.04983072463245451,0.07973254720972986,0.11128649258704562,0.11128649258704562
460,252,-1.664528583835164,0.003157891237795805,0.050676687877664765,-0.032157832069216574,0.09535829987414624,0.09535829987414624
461,252,-3.293510014046781,0.06969384098628857,0.1349934614125654,-0.11128649258704562,-0.12803687993289598,0.1349934614125654
462,252,-6.088513832484118,0.0798293333083729,-0.11841467234190434,0.17554557404681703,0.22372097023520757,0.22372097023520757
463,252,-4.470949068178172,0.011489867011869376,0.033676524573408084,0.11128649258704562,-0.06365264054034935,0.11128649258704562
464,252,-4.854526613635045,0.20721021832502953,-0.21410964587899692,0.0,-0.047754598840072854,0.21410964587899692
465,252,-2.289762394412321,-0.01979235576043073,0.0826869962019407,0.24204570146720256,0.015914167647838623,0.24204570146720256
466,252,-4.524821666948107,0.1313922360204713,0.06921285402059826,-0.08016176935523048,-0.015886029415790696,0.1313922360204713
467,252,-1.1644582912666976,-0.1166076315636679,0.033883707378584975,-0.06365264054034936,-0.06381444212457038,0.1166076315636679
468,252,-6.337589008089381,0.18894188576646842,0.1349934614125654,0.07949035184788975,0.23999232036862048,0.23999232036862048
469,252,0.8208529306863852,-0.05395400349939431,-0.016994371546483433,0.032009219983223994,-0.12724085532703788,0.12724085532703788
470,252,0.19670028467832879,-0.020767729420237656,-0.04914402145763848,-0.03194790349760558,-0.031754033266447775,0.04914402145763848
471,252,-2.3894158572472293,0.011600038252348652,0.05067668787766476,-0.015987215339548572,-0.1595564115681507,0.1595564115681507
472,252,1.7544388802599116,-0.2461802139878093,-0.0995037190209988,0.04781521653246212,-0.07963136373342099,0.2461802139878093
473,252,-2.931823178316506,-0.0019587785998015804,0.05170492890674115,0.11171081984797443,0.22360679774997905,0.22360679774997905
474,252,-3.236149630921588,-0.06303451481491149,0.15242200658438074,-0.09535829987414633,0.06359630007488934,0.15242200658438074
475,252,2.0248265142572563,-0.03132454226290978,-0.10001389178307747,-0.11257424235312935,-0.45681192630313,0.45681192630313
476,252,-5.0637556154973,0.07571378850071933,0.1498647664345905,0.16054032476698388,0.15941443036912026,0.16054032476698388
477,252,-5.1792834110837305,0.02303624663626799,-0.0168874112008163,-0.031814238148788886,-0.1117108198479742,0.1117108198479742
478,252,-1.617654678691423,-0.03174574693375159,-0.03330097311027833,-0.2568645196271743,-0.09578262852211501,0.2568645196271743
479,252,-6.192655315225778,0.19439724228312968,0.016195526603578262,0.2733945885718855,-0.11128649258704562,0.2733945885718855
480,252,-0.9017814096589518,-0.03192589513598587,-0.016887411200816303,-0.01609869778875661,-0.17554557404681703,0.17554557404681703
481,252,-1.2755067412684014,-0.048050025744940675,-0.08309707336430364,0.03194790349760559,0.09535829987414624,0.09535829987414624
482,252,-4.096685701306143,0.16094629925670562,0.1177094170279595,0.09564865822147209,0.0,0.16094629925670562
483,252,-4.747454946894678,0.1891422411648047,-0.10056022847309876,-0.11257424235312935,0.09553946329477231,0.1891422411648047
484,252,-1.1274406997123378,0.0427577890268138,0.034340140987172134,0.03234231136765754,-0.22360679774997905,0.22360679774997905
485,252,-3.995923705325602,0.13578445545551185,-0.11770941702795949,0.06451612903225806,0.07955069372286083,0.13578445545551185
486,252,-4.752467101530527,0.007742136410259025,0.20188749869296685,-0.16089318388051083,0.07963136373342088,0.20188749869296685
487,252,-0.002731903193947005,-0.04433027541942039,0.10176802973291361,0.1135475248053538,0.04767012007999202,0.1135475248053538
488,252,2.0127221979265073,-0.0643966919392514,0.06974740509061558,-0.22360679774997905,-0.2888237447125561,0.2888237447125561
489,252,0.43169627046350456,-0.08376252179958503,-0.017229859028885287,0.1919570064452952,-0.0637252987877166,0.1919570064452952
490,252,-2.4187413725893805,0.05004094705938722,0.08450938930347111,-0.20778069931121804,-0.09539445011233401,0.20778069931121804
491,252,-3.1421410700716663,-0.0010460429883077684,0.24389355622449316,-0.06365264054034936,-0.04767012007999202,0.24389355622449316
492,252,-2.753151178928377,0.12566576536959584,0.034340140987172134,-0.1759493338867107,0.0,0.1759493338867107
493,252,-3.6526116698740196,0.1945167289165837,0.09858611698511634,-0.03234231136765754,-0.14322750883054816,0.1945167289165837
494,252,-5.120027038791683,0.05377336804697702,0.2056773510573183,0.015934358175684064,0.11131463076514045,0.2056773510573183
495,252,-6.231393070292668,0.10652300933976738,0.11770941702795949,0.032009219983223994,0.1755455740468168,0.1755455740468168
496,252,-1.545308319002018,-0.05559215719585549,0.0168874112008163,0.03194790349760559,0.06355614835671623,0.06355614835671623
497,252,-0.0969609503410993,-0.06901015725321026,-0.016787174126735378,-0.031766046899489794,-0.09594168517773206,0.09594168517773206
498,252,-2.497325450960844,0.013722891936661333,0.08353662108385457,0.14425411105030345,0.0,0.14425411105030345
499,252,-6.8936433408797555,0.3006617019766815,-0.20864044272621624,0.032009219983223994,-0.1113709712120051,0.3006617019766815
500,252,-0.8865460934383691,-0.06993071661058478,-0.11643242034502573,0.03207914062416534,-0.11128649258704562,0.11643242034502573
501,252,-7.614736485734305,0.1151698912962156,0.15151214565832502,-0.015878017296044752,0.23980823009322946,0.23980823009322946
502,252,-6.290317927376307,0.2712191589086942,-0.06779661016949153,-0.0639202772100593,0.0807871469471804,0.2712191589086942
503,252,-1.6357652572811645,0.017653543154009466,-0.1342123198723443,-0.04764606552057975,-0.12782423469650323,0.1342123198723443
504,252,-4.4367772753957695,0.012634172274410395,-0.016311455765743794,0.17532246061902765,0.04767012007999203,0.17532246061902765
505,252,-3.3964706134868266,0.1251084133638656,-0.04935639364032846,-0.032009219983223994,0.12725695259515554,0.12725695259515554
506,252,-5.1197419638849695,0.11009717172984101,0.22539775620984795,0.03194790349760558,0.04781521653246212,0.22539775620984795
507,252,0.08671670058808445,-0.21616060017886743,0.049830724632454505,-0.04770627032791742,-0.015914167647838623,0.21616060017886743
508,252,-7.421076814659656,0.18925378843796578,0.051340216552919496,0.14425411105030345,-0.09564865822147198,0.18925378843796578
509,252,-4.15469791415353,0.16960272732998802,-0.049830724632454505,-0.23031425257483934,-0.015886029415790807,0.23031425257483934
510,252,-2.7208095220216535,0.040868046971369934,-0.13348172885319998,0.015914167647838734,-0.06355614835671623,0.13348172885319998
511,252,2.0968510607066264,-0.0984560554182281,0.034340140987172134,-0.1919570064452952,0.04763405188813437,0.1919570064452952
512,252,-4.827471997374857,0.25986473949295075,-0.3250595190295953,0.031814238148788886,0.0,0.3250595190295953
513,252,-1.5067204311779108,0.02081204326820856,0.016787174126735378,-0.09545479198066951,0.0637252987877166,0.09545479198066951
514,252,-2.009965925566803,-0.0736041830784611,-0.06662966046527696,-0.08016176935523048,-0.04763405188813437,0.08016176935523048
515,252,-0.7719541732720927,-0.13335271077609764,-0.016693350985262898,0.1437747376787374,-0.2398695464404583,0.2398695464404583
516,252,-2.8093665863229376,0.048474852081832415,0.10470072191396627,0.031814238148788886,0.23980823009322946,0.23980823009322946
517,252,-3.5594514221834004,0.04148866436587395,0.08622612271184531,-0.175545574046817,-0.12725695259515554,0.175545574046817
518,252,-1.6219609148393772,-0.0005353126915182088,-0.08561719146622293,-0.12764512925452057,0.031895046605474944,0.12764512925452057
519,252,3.1483930071537145,-0.25672213950624084,-0.3194969890758899,-0.20762164287098134,0.03175003175004763,0.3194969890758899
520,252,-1.6321687073358646,0.025278963961202515,0.03348247650912113,0.14455150419895618,-0.07945020013332,0.14455150419895618
521,252,-1.6579396478175141,-0.18894282909517227,-0.0687106737224096,-0.08016176935523048,0.25607375986579195,0.25607375986579195
522,252,-1.4228366777516186,-0.053252838044482116,0.016693350985262898,0.11208252311670473,0.12730528108069883,0.12730528108069883
523,252,0.6565591710621987,-0.06488163922451724,-0.06662966046527696,-0.2085815014800832,-0.06352408168042852,0.2085815014800832
524,252,-5.17059512630707,0.14794951264845035,0.06974740509061558,0.06372529878771661,0.09539445011233401,0.14794951264845035
525,252,-7.8658206568638604,0.1396650369064183,-0.10176802973291361,0.17554557404681703,0.09545479198066951,0.17554557404681703
526,252,-2.822009012489545,0.11648596926199817,0.06629024923502592,-0.0639202772100593,0.14322750883054805,0.14322750883054805
527,252,-0.22043914248661878,-0.274551812442755,-0.04983072463245451,0.1292341339502477,-0.12738595105969652,0.274551812442755
528,252,-2.9533506251625283,0.09146254135494615,-0.11482355042883065,0.0,0.07963136373342088,0.11482355042883065
529,252,-4.487939091920296,0.10762055313027552,0.10001389178307747,0.0,-0.07943014707895382,0.10762055313027552
530,252,-2.707291182312538,0.06315982091249504,-0.15442823221404453,-0.19173635204475498,-0.06381444212457038,0.19173635204475498
531,252,-2.690627320899708,0.08314739201351506,-0.3835198119109105,0.0798544780273006,-0.12749914710328467,0.3835198119109105
532,252,-6.710243225518802,0.3650212123053756,0.13279951926661035,-0.19173635204475498,0.04764606552057975,0.3650212123053756
533,252,-1.4146133593876442,0.13627477028442836,0.1700051002295116,0.0,-0.015898070369577882,0.1700051002295116
534,252,-7.158356046831258,0.18935831788498592,0.050676687877664765,0.12749914710328467,0.1913702796328491,0.1913702796328491
535,252,-5.824079339035585,0.18914434603619626,0.18902408531188145,0.015934358175684064,-0.0160986977887565,0.18914434603619626
536,252,4.689818964829456,-0.2190362931739986,-0.21829478980148911,0.015886029415790807,-0.14359163172354755,0.2190362931739986
537,252,-5.2028995084584295,0.05537268635194902,0.033676524573408084,0.0,0.1117108198479742,0.1117108198479742
538,252,0.03478346046838965,-0.040619597617369184,0.15151214565832502,-0.048947392149018505,-0.1114556425150706,0.15151214565832502
539,252,-7.985946450495803,0.055252084374836856,0.3415934928425775,0.03194790349760558,0.2074629511462381,0.3415934928425775
540,252,1.2747021266286112,-0.11298212640946521,0.08450938930347111,-0.14333645472015785,0.11137097121200486,0.14333645472015785
541,252,-3.1481810297299475,0.08030001024684506,0.16706158440387578,0.09553946329477231,-0.07973254720972986,0.16706158440387578
542,252,-2.808820708363143,0.09674982291399052,-0.03330097311027833,-0.03215783206921657,0.06359630007488934,0.09674982291399052
543,252,-0.03172163947306217,-0.06580574074803233,0.016693350985262898,-0.04775459884007274,-0.09683719348575995,0.09683719348575995
544,252,-4.792487855159244,0.09752852117528465,0.08756446570407873,0.031814238148788886,0.07963136373342088,0.09752852117528465
545,252,-4.815314470577562,-0.029432315438282192,-0.035141841988594366,0.12888147046219356,0.3217031004888911,0.3217031004888911
546,252,-1.7225247015603458,0.019468033695901568,0.0,-0.14359163172354766,-0.09578262852211501,0.14359163172354766
547,252,-3.8976010700155967,0.0629218540377155,-0.1834225187400007,-0.06471001082659238,0.25604096983302216,0.25604096983302216
548,252,-2.9850620262897536,0.04254067947459844,-0.11996964417539861,0.22464069033198802,-0.11128649258704562,0.22464069033198802
549,252,-9.436929256646494,0.19746652364992404,0.1711215266024828,0.19334729780913273,0.22360679774997905,0.22360679774997905
550,252,-4.138103502646295,-0.054756551312922855,-0.09858611698511634,0.1273052810806988,-0.14344564959738626,0.14344564959738626
551,252,-4.181172761841893,0.021553688200641782,-0.04958508352445633,0.1448882800988089,0.20778069931121815,0.20778069931121815
552,252,-1.1992995202656118,0.017176237021708538,-0.13582754059500463,0.047973909288091726,0.06355614835671623,0.13582754059500463
553,252,-3.398968487061836,-0.016798548142718066,0.12270320371604651,0.2110406295443777,-0.12725695259515565,0.2110406295443777
554,252,-5.429226926720382,0.26811755373717727,0.033676524573408084,-0.03234231136765754,-0.06381444212457038,0.26811755373717727
555,252,-4.246476198410171,-0.03212408035143472,0.1711215266024828,0.14399539222117227,0.22363532448323922,0.22363532448323922
556,252,0.20889483994315583,-0.0640625211476592,0.10056022847309876,-0.06365264054034936,0.09578262852211503,0.10056022847309876
557,252,-1.3678839516657177,0.002928413932404675,0.03256448045129192,-0.03189504660547483,-0.12724085532703788,0.12724085532703788
558,252,-7.151632918156189,0.011112087614119436,0.10243323564400456,0.33895225087091146,0.015898070369577882,0.33895225087091146
559,252,-3.29369671399958,0.2329845243587002,0.034104674408597144,-0.07949035184788975,0.015886029415790807,0.2329845243587002
560,252,-5.3087213703798355,0.1031639717658685,-0.033676524573408084,-0.29172998299578917,0.1755455740468168,0.29172998299578917
561,252,2.0965347564080474,-0.13885348627214428,-0.1349934614125654,-0.1919570064452952,-0.0639202772100593,0.1919570064452952
562,252,1.9141633350073946,-0.012859276166109256,-0.0331314780961287,-0.09545479198066951,-0.09545479198066964,0.09545479198066964
563,252,0.72964149507402,-0.27126338138947914,0.0673817120529209,-0.04767012007999192,0.07963136373342088,0.27126338138947914
564,252,-7.541387705425514,0.1546997708942923,-0.016887411200816303,0.27339458857188553,0.15925262933238254,0.27339458857188553
565,252,-3.206489661806998,-0.1099353518976942,-0.13671718540493263,0.14399539222117227,0.06365264054034936,0.14399539222117227
566,252,-1.6875641446000742,-0.225879724760326,-0.050676687877664765,0.191370279632849,0.07949035184788963,0.225879724760326
567,252,-2.080082617149344,0.053558684679125786,0.0164476798791585,0.09594168517773195,-0.12725695259515554,0.12725695259515554
568,252,-3.256063001151226,-0.10493165193807602,0.08450938930347111,0.25617220560270204,0.12764512925452057,0.25617220560270204
569,252,-7.28110084369402,0.10642749355522377,0.18775322788492627,0.20778069931121804,0.4087663895614816,0.4087663895614816
570,252,-1.1380923639512588,0.030742461620693756,0.0164476798791585,0.11156883857574477,0.0,0.11156883857574477
571,252,-0.574666910164666,0.04588376439684455,-0.2718510664122339,-0.04788826337306199,-0.17622006003818474,0.2718510664122339
572,252,-4.0783463544907335,-0.07336979818247347,0.0687106737224096,0.14359163172354766,0.14425411105030345,0.14425411105030345
573,252,-2.292367701602217,-0.09280703469321101,0.05037572072342058,0.04830861503963693,0.09545479198066964,0.09545479198066964
574,252,-3.8195805367887203,-0.04908374273637028,-0.06921285402059828,0.14425411105030345,0.1595564115681507,0.1595564115681507
575,252,-5.582956732971056,0.1613948298107865,0.03297350406984682,0.0,0.09539445011233401,0.1613948298107865
576,252,-1.2397183337899804,0.010121129121723116,-0.05009401449856225,-0.0639202772100593,-0.11156883857574489,0.11156883857574489
577,252,-1.6373898292638245,-0.03834864975574631,0.0995037190209988,0.07999744012287338,0.14344564959738626,0.14344564959738626
578,252,-5.572633611616872,0.10271098512661463,0.23233514572576094,0.20799334431947114,-0.015958688549710567,0.23233514572576094
579,252,-2.3924635419823304,0.08664558604148626,0.0850455753787858,-0.14333645472015785,0.1114556425150706,0.14333645472015785
580,252,-1.2052903943837379,-0.03567756608800271,-0.20433118274318615,-0.06404305140067547,-0.015886029415790696,0.20433118274318615
581,252,-6.912873119452591,0.26962668821973457,-0.0331314780961287,0.09594168517773195,0.01587401577952555,0.26962668821973457
582,252,-4.385960467658165,0.10011005146418378,0.0850455753787858,-0.03234231136765754,-0.1273052810806988,0.1273052810806988
583,252,-3.121170323888663,0.02216336293122874,0.01749680165826849,-0.1118819150137327,0.06359630007488934,0.1118819150137327
584,252,-4.27751054678734,-0.01186982524149496,0.03330097311027833,-0.04876598490941713,0.016020005458016733,0.04876598490941713
585,252,-2.7151274159729297,0.14628701419458934,-0.05170492890674115,0.06434062009777823,-0.12730528108069883,0.14628701419458934
586,252,0.4457733806436579,-0.09564018352564307,-0.034340140987172134,0.08016176935523048,-0.19156525704423025,0.19156525704423025
587,252,-0.2132263949413158,-0.11232573721469988,0.0,-0.015886029415790807,-0.04763405188813459,0.11232573721469988
588,252,-1.6772999739088164,-0.13251233932250991,-0.03297350406984682,0.09594168517773195,0.1769023808406318,0.1769023808406318
589,252,-0.7113312944843031,-0.06269097331077747,0.04983072463245451,-0.0795506937228606,-0.0637252987877166,0.0795506937228606
590,252,-6.66778123140741,0.23642486835970195,-0.13216372009101796,0.032009219983223994,0.09553946329477242,0.23642486835970195
591,252,-0.19902234014215026,-0.13900000126544446,0.18656130384419653,-0.015934358175684064,-0.14333645472015774,0.18656130384419653
592,252,-4.53133170028741,0.20560334420740786,0.0164476798791585,0.12782423469650323,0.0,0.20560334420740786
593,252,-3.792971110242462,0.12024186537021153,-0.10389707743074704,-0.3062723955958398,-0.0635320937989797,0.3062723955958398
594,252,1.8880439018025044,-0.20899844736309967,-0.0981761387347633,-0.1765374922100896,-0.03175003175004763,0.20899844736309967
595,252,-2.2713146127594683,0.04868739069168111,0.0826869962019407,0.04788826337306199,0.1114556425150706,0.1114556425150706
596,252,-6.547560530155444,0.17153949470000357,-0.03348247650912113,0.24017683525008152,0.04764606552057975,0.24017683525008152
597,252,-2.4287928030402526,-0.01154617033334313,0.034340140987172134,0.1273052810806988,-0.1273859510596964,0.1273859510596964
598,252,0.05253447526543198,-0.06639420331681233,0.016605660672154725,-0.0794502001333199,-0.03175003175004763,0.0794502001333199
599,252,-4.022506768499511,0.015373545162343568,0.24977461072431742,0.031850525866476485,-0.047706270327917195,0.24977461072431742
600,252,-1.8731382648413302,-0.1255326650819919,-0.1349934614125654,0.11171081984797443,-0.09539445011233401,0.1349934614125654
601,252,-4.771798712902573,0.022062707256764832,-0.05009401449856226,-0.09539445011233401,0.12730528108069883,0.12730528108069883
602,252,-2.869998510999494,-0.12404314061558376,-0.13279951926661038,0.09612620041680021,0.06365264054034936,0.13279951926661038
603,252,-2.089663920004739,0.0794255892335822,-0.11643242034502573,-0.015934358175684064,-0.07943014707895393,0.11643242034502573
604,252,-4.798212948460787,0.14680567828237404,0.1342123198723443,0.09535829987414636,0.06359630007488934,0.14680567828237404
605,252,2.4847703196516875,-0.24038095927988032,-0.050676687877664765,0.032009219983223994,-0.06352408168042853,0.24038095927988032
606,252,-5.050298285045315,0.0815466801302964,0.1794737712130681,0.06359630007488934,0.01593435817568429,0.1794737712130681
607,252,-0.7911232839206974,-0.04498101072480934,0.15242200658438074,0.0963366101718176,-0.031766046899489905,0.15242200658438074
608,252,-4.74712463393746,-0.08515876706566604,0.0862261227118453,0.09545479198066951,0.14399539222117214,0.14399539222117214
609,252,-1.2183447106616114,0.030609777944009934,-0.08353662108385457,-0.047973909288091726,-0.0635320937989797,0.08353662108385457
610,252,-3.2283886822839207,-0.047029617220332234,0.18775322788492624,0.0639202772100593,0.17527793993252552,0.18775322788492624
611,252,0.32541735073630207,-0.19227414280409863,0.14843120879858798,-0.14399539222117225,0.11131463076514067,0.19227414280409863
612,252,-6.094692347067934,0.11950475751220598,0.15066058828554757,0.4048881650894579,0.07955069372286083,0.4048881650894579
613,252,-4.028162648544168,0.00944651948320856,0.016195526603578262,0.09612620041680021,0.1913702796328491,0.1913702796328491
614,252,-2.452630948781149,0.09051132342838088,0.016605660672154725,0.03189504660547483,-0.015898070369577882,0.09051132342838088
615,252,-6.11119586312067,0.13214672391812587,0.01710839573839969,0.0963366101718176,0.0637252987877166,0.13214672391812587
616,252,-5.729362822137162,0.003809912983916666,0.18087555371617967,0.06359630007488934,0.12724085532703788,0.18087555371617967
617,252,-4.9250036257910494,0.25866568539590523,-0.10176802973291361,-0.07973254720972986,0.0,0.25866568539590523
618,252,-3.591253196961752,0.09362567466727996,0.08450938930347111,-0.12803687993289598,-0.03194790349760548,0.12803687993289598
619,252,-3.2418829546129757,0.005520562004153257,0.0826869962019407,-0.04764606552057975,-0.11128649258704562,0.11128649258704562
620,252,5.131811269146766,-0.13619695286456773,-0.16895845568892606,0.07999744012287338,-0.45681192630313,0.45681192630313
621,252,-1.0426632478835955,-0.05545822806872279,0.11770941702795949,0.016144789938174763,-0.15996417203774613,0.15996417203774613
622,252,-4.0853533690620765,0.20505063449706123,-0.06779661016949153,0.12725695259515554,-0.047754598840072854,0.20505063449706123
623,252,-1.8485596718475108,0.12035330561606111,0.19181994496876806,-0.11131463076514067,0.09539445011233401,0.19181994496876806
624,252,-5.312796031548288,0.1596750975892257,-0.049830724632454505,0.11137097121200486,-0.1592324388246205,0.1596750975892257
625,252,-3.4674728899503293,0.04812076481290999,0.08400692245562721,-0.031814238148788886,0.2243232584059758,0.2243232584059758
626,252,-3.767117478682998,0.11444618185294769,-0.18087555371617964,0.0,-0.04764606552057975,0.18087555371617964
627,252,-2.0316074466621075,0.07809222643872954,0.03348247650912113,-0.17532246061902762,-0.2411058362758314,0.2411058362758314
628,252,-2.792012331227582,0.04441401744497369,-0.19706585563285864,0.14425411105030345,-0.15941443036912026,0.19706585563285864
629,252,-0.7305035843552332,0.05289344916978984,-0.11704932817312284,-0.015934358175684064,-0.0478882633730621,0.11704932817312284
630,252,-4.333192513819739,0.07054343759279691,0.05009401449856226,-0.0963366101718176,0.2727604250124164,0.2727604250124164
631,252,-7.978892139485012,0.14028378003273906,0.20188749869296685,0.11286652959662,0.11131463076514046,0.20188749869296685
632,252,-6.625229075795502,-0.0231322072588188,-0.14912234662243823,0.07943014707895382,0.3215783206921657,0.3215783206921657
633,252,-0.5307118027357802,-0.17889643747323825,0.0,-0.06451612903225806,0.14377473767873764,0.17889643747323825
634,252,-6.892694402547782,0.06531749528108242,-0.05099784538654773,0.22432325840597592,0.04767012007999203,0.22432325840597592
635,252,-5.333024669095828,0.028605832154948014,-0.05009401449856226,0.07943014707895382,0.17622006003818474,0.17622006003818474
636,252,-6.258156271747133,0.15911827419477154,-0.08561719146622293,0.06355614835671623,-0.12828356350871783,0.15911827419477154
637,252,0.2643172319850038,-0.12115097324436166,0.10314212462587946,-0.0635320937989797,-0.1752779399325253,0.1752779399325253
638,252,-2.8933493345801935,-0.02354835021588743,-0.04983072463245451,0.0,-0.031754033266447775,0.04983072463245451
639,252,-1.5690654927953318,-0.19096374704761807,0.03348247650912113,-0.09594168517773195,0.04764606552057975,0.19096374704761807
640,252,-2.7385841255229195,-0.04219057989954559,0.0,0.0,0.1117108198479742,0.1117108198479742
641,252,1.6057616415628502,-0.11311053742345527,-0.18656130384419653,0.015914167647838734,-0.11128649258704562,0.18656130384419653
642,252,-2.191553079416181,-0.09143415433071822,-0.016523847695440727,-0.16089318388051083,0.0,0.16089318388051083
643,252,0.7099857188028551,-0.05217100792821868,-0.08131962797461241,-0.33939463196608144,-0.09564865822147196,0.33939463196608144
644,252,-4.1257389155381645,0.02970415806410952,-0.06779661016949153,0.09612620041680021,0.06352408168042853,0.09612620041680021
645,252,-4.947174102616799,0.11316945261766258,-0.3603325418327708,0.06352408168042852,0.14326379652021856,0.3603325418327708
646,252,-0.2144096344847668,-0.09935378881778108,0.016605660672154725,-0.11171081984797443,0.07973254720972986,0.11171081984797443
647,252,0.7077747593721142,-0.1530450406227321,-0.06921285402059828,0.04781521653246212,0.09545479198066951,0.1530450406227321
648,252,-2.796155797713837,0.01434077570034628,-0.050997845386547724,0.1782911425502893,0.11131463076514045,0.1782911425502893
649,252,-1.942671877148186,0.1158646925698641,0.03348247650912113,0.0,-0.1755455740468168,0.1755455740468168
650,252,0.5995817500016472,-0.1162486981733754,0.1349934614125654,-0.0638144421245704,0.0,0.1349934614125654
651,252,-5.805453352255498,0.15514154000156274,0.035141841988594366,-0.07999744012287338,-0.031766046899489905,0.15514154000156274
652,252,-3.7805517656695073,0.05488658068989003,0.0168874112008163,0.17554557404681703,-0.17572467938512373,0.17572467938512373
653,252,-5.7293655911595,0.36863037121517633,0.14912234662243823,-0.191370279632849,0.0,0.36863037121517633
654,252,-5.471507518278813,0.21765517947476568,0.01625103476679828,-0.015914167647838734,0.15925262933238254,0.21765517947476568
655,252,-0.26926202363981133,-0.17616327000793292,-0.1843992711214123,0.20762164287098137,-0.06365264054034936,0.20762164287098137
656,252,-3.9429123415668528,-0.08303860761656155,-0.17357867696094106,0.1765374922100896,-0.1118819150137327,0.1765374922100896
657,252,0.8364771507676778,-0.10617623283329207,-0.20433118274318615,-0.04764606552057975,-0.2887122656174882,0.2887122656174882
658,252,-1.9050924635061506,0.029461335072747605,-0.06597391247540421,-0.06365264054034936,-0.25607375986579195,0.25607375986579195
659,252,-2.148032466734577,0.007037275829607394,-0.033676524573408084,-0.22386393208137456,0.12725695259515554,0.22386393208137456
660,252,2.2496852267635745,-0.24178972402535173,-0.050997845386547724,0.0,-0.1114556425150706,0.24178972402535173
661,252,-1.8501996894777335,-0.1456656132675708,0.20711214923139912,0.20778069931121804,0.1913702796328491,0.20778069931121804
662,252,-0.21361072141215232,-0.17270150008779225,0.1292341339502477,-0.15973951748802795,0.15925262933238257,0.17270150008779225
663,252,-4.452989125387262,0.08033274805282362,0.06779661016949153,0.047973909288091726,0.07945020013332,0.08033274805282362
664,252,-2.7790941194613623,-0.008695188650658237,0.14912234662243823,0.031814238148788886,0.031850525866476596,0.14912234662243823
665,252,-2.9222862818614317,0.1524095514599316,-0.017229859028885287,-0.1118819150137327,-0.04781521653246212,0.1524095514599316
666,252,-2.776508284992701,0.11037243375747463,0.16797828517084884,-0.1962997276820284,0.0638144421245704,0.1962997276820284
667,252,-8.652330885548658,0.18496672848414403,0.0331314780961287,0.016057136604691644,0.20751580794993557,0.20751580794993557
668,252,-2.8988695219201475,0.08949873178158693,0.08353662108385457,0.0,-0.22386393208137456,0.22386393208137456
669,252,-1.6485377754767967,-0.0552542154245402,0.15339299776947404,0.09535829987414635,-0.09535829987414635,0.15339299776947404
670,252,-3.12988576417078,-0.05232988735754612,-0.19975046777556893,0.2748916757378907,-0.12782423469650325,0.2748916757378907
671,252,-2.2811918231084576,-0.04350001463053694,0.08230522367501678,0.0794502001333199,-0.14326379652021845,0.14326379652021845
672,252,-5.930889111729876,0.19300117785013782,-0.033676524573408084,-0.20895839143905368,0.23999232036862025,0.23999232036862025
673,252,-6.386105518776553,0.08683305139287932,0.11770941702795949,-0.016057136604691644,0.20762164287098137,0.20762164287098137
674,252,2.7967701400271494,-0.23587179599415697,-0.034104674408597144,0.06404305140067547,-0.06353209379897959,0.23587179599415697
675,252,-2.5441882098926314,0.039312433288084175,0.016787174126735378,0.0794502001333199,-0.015898070369577882,0.0794502001333199
676,252,-3.2683462036628015,0.07294486043172255,-0.08561719146622293,-0.09683719348575984,0.12725695259515565,0.12725695259515565
677,252,-1.9495455191075308,-0.01004779407157526,0.05037572072342058,0.032157832069216574,-0.06353209379897959,0.06353209379897959
678,252,-3.686784862939831,0.135312615901014,0.1177094170279595,0.03207914062416534,-0.06404305140067548,0.135312615901014
679,252,-2.9640577951489533,-0.16462683807759873,-0.033883707378584975,0.09578262852211512,0.0,0.16462683807759873
680,252,-1.0736070868535137,-0.1662895002435114,-0.03330097311027833,0.2074629511462381,0.0,0.2074629511462381
681,252,-6.921980299868032,0.28529591970802,-0.13102435641608365,0.08034785573516881,0.3219113899898253,0.3219113899898253
682,252,-1.3491899966100362,0.03062546197996418,-0.2289349832305045,0.08078714694718017,-0.14326379652021856,0.2289349832305045
683,252,-1.5109875914755548,0.0007285312713616852,-0.08104142843194961,0.0,-0.04775459884007274,0.08104142843194961
684,252,0.3602333999256757,-0.05437464910096342,0.06492274731611955,-0.21244496117875875,0.06353209379897959,0.21244496117875875
685,252,-4.6417286237895325,0.06837270173170087,0.05099784538654773,0.032157832069216574,0.015886029415790807,0.06837270173170087
686,252,2.2181286478241162,-0.3187754587731979,0.016787174126735378,-0.04818383473298543,-0.01587401577952566,0.3187754587731979
687,252,-1.8883488901923897,-0.032551097632567236,0.0,0.0,-0.09535829987414624,0.09535829987414624
688,252,-5.526400367369348,0.13735732443810006,-0.04958508352445633,0.016057136604691644,0.015914167647838734,0.13735732443810006
689,252,-0.6443909407193047,-0.20916457455467216,0.16397850054841961,-0.2079933443194711,-0.03200921998322388,0.20916457455467216
690,252,-0.855012215449193,-0.20169614334972946,0.13499346141256544,0.0637252987877166,-0.15973951748802806,0.20169614334972946
691,252,-6.038452169054075,0.11799411048191581,-0.11841467234190434,0.1437747376787374,0.04767012007999203,0.1437747376787374
692,252,-0.6815267592581478,-0.044195953738992065,-0.29195575942652874,0.0,-0.06365264054034936,0.29195575942652874
693,252,-4.07501038644839,0.04513484893496226,0.0,-0.07973254720972986,-0.14333645472015785,0.14333645472015785
694,252,-1.4477657131121475,-0.16588607888101026,-0.016787174126735378,0.03194790349760558,0.07999744012287338,0.16588607888101026
695,252,-6.108246795304169,0.14368920464844573,0.10056022847309876,0.048446999376620406,-0.08055614605416073,0.14368920464844573
696,252,-5.559440008448071,0.07431715332295125,-0.06921285402059828,0.17777814055366167,0.04767012007999203,0.17777814055366167
697,252,0.8994845474347386,0.03137407159386428,-0.11643242034502573,-0.15973951748802795,0.0,0.15973951748802795
698,252,-9.224207372607893,0.18535839935323095,0.016887411200816303,0.22464069033198802,-0.04764606552057975,0.22464069033198802
699,252,-1.9017331335341296,0.19965629136259497,-0.3603325418327708,-0.09545479198066951,-0.09545479198066964,0.3603325418327708
700,252,-7.8476968649724625,0.17779099687231867,-0.1987888685767715,0.0638144421245704,-0.015958688549710675,0.1987888685767715
701,252,-1.9914225528969354,-0.030635878492780474,-0.04958508352445633,-0.14778942783264992,0.0,0.14778942783264992
702,252,-4.048240463585813,-0.07772599508266304,0.19335476511811728,0.04764606552057975,-0.04767012007999203,0.19335476511811728
703,252,-3.287539390153448,0.07067972219470649,0.10056022847309876,0.12803687993289598,-0.031754033266447775,0.12803687993289598
704,252,-0.6736316934295843,0.17616137016679187,0.016376946349404013,-0.08055614605416084,0.03175003175004763,0.17616137016679187
705,252,0.7149961491211343,0.022235268300129823,-0.1662056238286335,-0.1114556425150706,-0.16054032476698385,0.1662056238286335
706,252,1.7864353699200208,-0.08449653933687866,-0.37256041366421777,-0.12749914710328467,-0.09594168517773206,0.37256041366421777
707,252,2.0557027202618485,-0.20526313313619238,0.06699312309016854,-0.14322750883054816,-0.1113709712120051,0.20526313313619238
708,252,-4.567848803481539,0.20040287843023782,0.10314212462587946,0.06372529878771661,-0.015878017296044974,0.20040287843023782
709,252,-1.5893237271467342,-0.17952285920437402,0.15242200658438074,0.16054032476698388,-0.17572467938512373,0.17952285920437402
710,252,-0.45526806300618716,-0.01596318155833391,-0.01735917530600205,0.032157832069216574,0.0635320937989797,0.0635320937989797
711,252,-1.7705684995121516,-0.08129530571499634,-0.09902823945323513,0.01609869778875661,-0.12749914710328467,0.12749914710328467
712,252,-6.4656872981421,0.041746170753819624,0.016605660672154725,0.21043148449921772,0.2074629511462381,0.21043148449921772
713,252,-0.8801463661625348,-0.011439040065413734,-0.06823911939349404,0.09564865822147209,-0.17527793993252552,0.17527793993252552
714,252,-4.584510463112522,0.07766563958622198,0.0,0.14455150419895615,-0.031754033266447775,0.14455150419895615
715,252,-5.663375250690635,0.22859734810755236,-0.05037572072342058,0.04781521653246212,-0.04764606552057975,0.22859734810755236
716,252,-1.4181880974768433,-0.054606556031670354,0.1834225187400007,-0.11231311618158317,-0.27234009278628535,0.27234009278628535
717,252,-0.8982531204115674,-0.21067972058759016,-0.16222142113076243,0.07973254720972986,-0.23999232036862025,0.23999232036862025
718,252,1.6613720320153647,-0.2164313885981801,-0.13279951926661038,0.2748916757378907,-0.24042351841717255,0.2748916757378907
719,252,-3.0586707054079483,0.11444936905627534,0.13867504905630726,-0.15941443036912026,0.0794502001333199,0.15941443036912026
720,252,-1.2122781990584315,-0.1181232256695125,0.18656130384419653,-0.04818383473298543,0.20799334431947114,0.20799334431947114
721,252,1.7229393366446715,-0.3599015769882205,-0.06699312309016854,0.048072355274478014,0.0637252987877166,0.3599015769882205
722,252,-1.6701149799551587,0.022408317741585377,0.14843120879858798,0.06355614835671623,-0.15931324696929164,0.15931324696929164
723,252,-4.739306655809308,0.07135471290960513,0.16334288009620038,0.06365264054034936,-0.016020005458016733,0.16334288009620038
724,252,-3.170237266337182,0.013308010249107478,-0.034104674408597144,-0.04770627032791742,0.15941443036912015,0.15941443036912015
725,252,-3.8946539066753374,0.11274363425546544,0.14912234662243823,0.20762164287098148,0.06359630007488934,0.20762164287098148
726,252,0.5277239655338377,-0.17112967662328676,0.06662966046527696,-0.06365264054034936,0.031766046899489905,0.17112967662328676
727,252,-6.675013966586256,-0.11950782233718203,0.016994371546483433,-0.015958688549710675,0.30516428664224077,0.30516428664224077
728,252,-6.148984156086847,0.13974310550726907,-0.016376946349404013,0.06365264054034936,0.07973254720972986,0.13974310550726907
729,252,-2.0155373660790303,-0.14159422555315418,-0.2702563901282179,-0.015914167647838734,-0.09553946329477242,0.2702563901282179
730,252,-1.7452781833345625,0.14553832709528808,-0.08309707336430364,-0.24154307519818502,-0.031766046899489794,0.24154307519818502
731,252,-2.8077071825901356,-0.054740669982263346,0.0,0.09683719348575984,0.0,0.09683719348575984
732,252,-0.8750698068151195,-0.020591241371658686,0.016523847695440727,0.015886029415790807,-0.031814238148788775,0.031814238148788775
733,252,-3.919717329955354,0.02146569170174032,-0.033676524573408084,0.24042351841717255,0.06404305140067548,0.24042351841717255
734,252,-7.7069795762107915,0.0927597219195831,0.06629024923502592,0.09564865822147209,0.30532185179364174,0.30532185179364174
735,252,-4.9344504046537665,0.08463883776523592,-0.10243323564400456,-0.09683719348575984,0.11128649258704562,0.11128649258704562
736,252,-4.457777294813184,0.18558939693003568,-0.051340216552919496,-0.03178609995804874,0.17572467938512373,0.18558939693003568
737,252,1.8136445042381126,-0.2132606609606543,-0.14912234662243823,0.12749914710328467,-0.03178609995804874,0.2132606609606543
738,252,-7.241361621270656,0.17569693645918802,-0.1662056238286335,0.2085815014800832,0.031754033266447775,0.2085815014800832
739,252,-3.6239657238036784,0.2721798287395539,-0.2538183705155456,0.0,-0.09545479198066964,0.2721798287395539
740,252,-1.7328214078564201,0.061662971305354655,0.033676524573408084,-0.09594168517773195,-0.015886029415790696,0.09594168517773195
741,252,1.5253377538868307,-0.0006923182604830627,-0.0331314780961287,-0.3399277826525824,0.11156883857574477,0.3399277826525824
742,252,-0.9112907846119569,-0.04779645804725549,-0.0164476798791585,-0.09539445011233401,-0.06353209379897959,0.09539445011233401
743,252,-2.952077594747003,0.22295143970725717,-0.11585688927269827,-0.19254916314170403,-0.01593435817568429,0.22295143970725717
744,252,-0.8765817943895797,-0.08690130993969654,0.08162245514079557,0.031814238148788886,-0.01587401577952566,0.08690130993969654
745,252,0.061968323793792024,-0.09469851110954446,-0.0673817120529209,0.07949035184788975,-0.0637252987877166,0.09469851110954446
746,252,-1.7632618138546476,-0.14245708763041637,0.03348247650912113,0.047754598840072854,0.14344564959738626,0.14344564959738626
747,252,-2.2517645779236943,0.22204530770560946,0.21605239074718954,-0.2748916757378907,0.04764606552057975,0.2748916757378907
748,252,-5.930035056570226,0.22025307422058132,-0.05209322610706238,-0.1139379300361124,0.25604096983302216,0.25604096983302216
749,252,1.6061257745460296,-0.011369621397771498,-0.14778942783264992,-0.1602308988614113,-0.047706270327917195,0.1602308988614113
750,252,-1.1482155101140847,-0.05576483809758932,-0.11643242034502573,0.0798544780273006,-0.0639202772100593,0.11643242034502573
751,252,-1.895559157440914,0.01149533621592585,-0.10001389178307749,-0.09594168517773195,0.0318505258664766,0.10001389178307749
752,252,-0.4023248975935019,-0.0774422773351897,0.050997845386547724,0.01609869778875661,-0.11208252311670473,0.11208252311670473
753,252,-1.8303580164042472,0.06419254046204634,0.1334817288532,-0.031754033266447663,0.07985447802730049,0.1334817288532
754,252,-0.48990024011212085,-0.037672948003568,0.0687106737224096,-0.016057136604691644,-0.06355614835671623,0.0687106737224096
755,252,-5.471253485304075,0.1244654782389219,-0.08309707336430364,0.015987215339548572,-0.01587401577952555,0.1244654782389219
756,252,-3.977739610232355,0.0052436788681505106,-0.017229859028885287,0.07999744012287338,0.07943014707895382,0.07999744012287338
757,252,-3.6005565699614266,0.13315066852867113,0.11482355042883063,0.12856486930664499,-0.14399539222117216,0.14399539222117216
758,252,-2.7487348775565863,0.04065965759966617,0.051340216552919496,-0.19144332637371117,0.1117108198479742,0.19144332637371117
759,252,-1.8255581259166291,-0.04799511472700613,-0.08561719146622293,0.016020005458016844,0.07949035184788963,0.08561719146622293
760,252,-3.3646249217202353,0.03783801579113613,0.050676687877664765,-0.0637252987877166,0.0,0.0637252987877166
761,252,0.689519092654777,-0.41671158814370846,0.19975046777556893,0.27234009278628546,-0.09553946329477242,0.41671158814370846
762,252,3.612072926701046,-0.2517199413860169,-0.03297350406984682,-0.1919570064452952,-0.15925262933238243,0.2517199413860169
763,252,-3.943585363252531,0.12716678751095356,-0.2523772325625344,0.22386393208137456,-0.09564865822147198,0.2523772325625344
764,252,-0.3241512254722494,0.010720098956852084,-0.08450938930347111,-0.031850525866476485,-0.07955069372286083,0.08450938930347111
765,252,-3.9747044184627356,0.1246375868714654,-0.17885587768780917,0.015886029415790696,0.0,0.17885587768780917
766,252,-6.909167818178595,0.2664013522034105,-0.1143629031433461,-0.2730417301535838,0.1593132469692916,0.2730417301535838
767,252,-1.4418683878651137,-0.042026595272766254,-0.24651521285471384,0.08055614605416084,0.0794502001333199,0.24651521285471384
768,252,-1.3200708890549038,-0.05709073467553379,-0.03348247650912113,-0.016020005458016844,0.04763405188813459,0.05709073467553379
769,252,2.5991683327908106,-0.02703576369348759,-0.05009401449856226,-0.2890098305154529,-0.07943014707895382,0.2890098305154529
770,252,-2.417845120790787,0.09477747903809662,-0.13582754059500465,-0.06492274731611955,-0.1608931838805109,0.1608931838805109
771,252,-2.809532460889315,-0.08305147852434315,0.15242200658438074,0.20799334431947114,-0.11131463076514046,0.20799334431947114
772,252,-0.565356527549369,-0.15665074205530438,0.18087555371617964,0.0484469993766204,-0.06352408168042852,0.18087555371617964
773,252,-4.89960701200188,0.12655872928912984,-0.08687444855261381,-0.0639202772100593,-0.15925262933238257,0.15925262933238257
774,252,5.6141239413057775,-0.29711388910481623,-0.2056773510573183,-0.3051642866422407,-0.07963136373342099,0.3051642866422407
775,252,-1.7031703276546324,-0.12790454132815138,0.0,0.0794502001333199,-0.14322750883054805,0.14322750883054805
776,252,-2.2471243824729044,-0.12111415179435653,0.14778942783264992,-0.015898070369577882,0.01587401577952555,0.14778942783264992
777,252,-5.400232931381481,0.07782905076864773,0.09902823945323513,0.048183834732985424,-0.07949035184788963,0.09902823945323513
778,252,-0.10365250665353187,-0.10442647546365881,-0.13216372009101796,0.0,-0.06352408168042853,0.13216372009101796
779,252,-2.016400207442075,0.014788996616922642,0.05009401449856225,-0.015987215339548572,0.09578262852211501,0.09578262852211501
780,252,-2.5501733040921835,-0.004203862478219947,-0.24752003446359194,0.14526525037324775,0.0794502001333199,0.24752003446359194
781,252,-2.6249105524394665,0.23592967276838755,-0.0513402165529195,0.07963136373342099,-0.1769023808406318,0.23592967276838755
782,252,1.4147560720281689,-0.22685826398554743,-0.017108395738399687,-0.2890098305154529,-0.08016176935523037,0.2890098305154529
783,252,0.5707088097788358,0.03311557995509503,-0.0687106737224096,-0.19222773253288508,-0.14322750883054816,0.19222773253288508
784,252,-5.7370096086303874,0.09591127644469293,-0.051340216552919496,0.015878017296044752,0.07945020013332,0.09591127644469293
785,252,0.4233499249166215,0.018706015602612692,-0.04958508352445633,-0.2110406295443777,-0.07949035184788975,0.2110406295443777
786,252,0.5678669015554618,-0.15784784604002333,-0.10001389178307749,0.0,-0.03178609995804863,0.15784784604002333
787,252,-2.1253967066228228,0.002986746596555284,0.0,0.015958688549710675,-0.03175003175004763,0.03175003175004763
788,252,-1.1955057915771476,-0.005250417455957623,0.0,0.04788826337306199,-0.09564865822147198,0.09564865822147198
789,252,-6.000674376378612,0.09036578786649467,-0.10314212462587946,0.04775459884007274,0.07985447802730049,0.10314212462587946
790,252,-5.544701772653212,0.3912585921316061,0.06662966046527696,0.015987215339548572,-0.25633653444480053,0.3912585921316061
791,252,-1.9129499201081615,0.053888463193746745,0.23128651015928156,0.03175003175004763,-0.09539445011233401,0.23128651015928156
792,252,-6.518848420194303,0.08637067784868721,0.016605660672154725,0.1765374922100896,0.22363532448323908,0.22363532448323908
793,252,-0.7587169187773952,-0.03741561550271654,-0.05009401449856225,-0.04781521653246212,-0.0635320937989797,0.0635320937989797
794,252,-3.8869042596597225,-0.0030766026900106254,0.016994371546483433,0.1757246793851235,0.06355614835671623,0.1757246793851235
795,252,-3.240901620541834,0.008879021754590167,-0.04935639364032846,0.07943014707895393,-0.09545479198066951,0.09545479198066951
796,252,-0.8332034628334455,-0.003165295801831866,-0.1367171854049326,0.04781521653246212,-0.15941443036912026,0.15941443036912026
797,252,-4.503569206557451,0.025189263158271604,-0.05250648166889625,0.175545574046817,-0.07963136373342088,0.175545574046817
798,252,-3.2218005601007036,0.007130856340751435,-0.08131962797461241,0.14359163172354766,-0.015914167647838734,0.14359163172354766
799,252,0.6126775156922406,-0.053067696930874715,0.21953634561060956,-0.25633653444480053,-0.06355614835671623,0.25633653444480053
800,252,-3.995518282034169,0.13523540199326703,-0.20711214923139912,0.0639202772100593,0.11128649258704562,0.20711214923139912
801,252,-3.6908534290746005,0.057874384922626976,0.0826869962019407,0.06352408168042853,-0.047754598840072854,0.0826869962019407
802,252,-3.6235463434474795,-0.06812082577258774,0.10389707743074704,0.04818383473298543,-0.14344564959738626,0.14344564959738626
803,252,-3.2036961232481502,0.18617365438047112,0.03330097311027833,-0.016144789938174763,-0.20778069931121815,0.20778069931121815
804,252,0.33656925543134264,-0.05434881335136483,0.050676687877664765,-0.1752779399325253,-0.20988226919627262,0.20988226919627262
805,252,-0.7109560049836858,-0.0579218428229069,0.1305176932294657,0.12803687993289598,0.031754033266447775,0.1305176932294657
806,252,-3.9261354992017914,-0.04612815125255042,0.13348172885319998,0.09578262852211514,0.12724085532703788,0.13348172885319998
807,252,0.5078064488892693,0.00915383698647339,-0.03348247650912113,-0.0639202772100593,-0.015878017296044974,0.0639202772100593
808,252,-1.6954446917308417,-0.14760377016291332,-0.20188749869296685,-0.19222773253288508,0.031754033266447775,0.20188749869296685
809,252,-1.4707053274932633,0.030582855183716437,-0.04935639364032846,-0.04788826337306199,-0.04770627032791742,0.04935639364032846
810,252,-1.3969900614966235,0.04848725017232588,-0.22227906174285775,0.16129032258064516,-0.15925262933238254,0.22227906174285775
811,252,-1.6057293847959215,-0.05441238081594358,-0.11482355042883065,-0.032009219983223994,-0.1113709712120051,0.11482355042883065
812,252,-4.031292805481286,0.14574079028586495,0.13671718540493263,-0.015898070369577882,-0.1752779399325255,0.1752779399325255
813,252,-3.8803114166638437,0.1962748724031641,0.1342123198723443,-0.015987215339548572,-0.01593435817568429,0.1962748724031641
814,252,1.0793152019218724,-0.1263029747406362,-0.05009401449856226,-0.0795506937228606,-0.19382591213771905,0.19382591213771905
815,252,-3.9845215731656936,-0.07033984506777916,0.05170492890674115,-0.1769023808406317,0.1114556425150706,0.1769023808406317
816,252,-1.0088427151341364,-0.061492913594415666,0.05037572072342058,0.015914167647838734,0.0,0.061492913594415666
817,252,-2.9037301819219863,-0.06376438184298298,-0.06662966046527696,0.0,0.015914167647838623,0.06662966046527696
818,252,-3.864120425025689,0.09107085921890644,0.08162245514079557,0.015878017296044752,-0.031766046899489794,0.09107085921890644
819,252,-4.716219466382881,0.290434014314698,0.06823911939349404,0.0,-0.07963136373342099,0.290434014314698
820,252,-3.939942299230495,0.11751374092813974,-0.11841467234190434,-0.1757246793851235,0.031754033266447663,0.1757246793851235
821,252,-2.616636563763606,0.055325293928880144,-0.11393793003611218,0.015987215339548572,0.0,0.11393793003611218
822,252,-1.9968778988494051,-0.09997397034787006,0.0,0.03207914062416534,0.2074629511462381,0.2074629511462381
823,252,-7.167814483163156,0.0446997353261721,0.21953634561060953,0.19254916314170403,0.031766046899489905,0.21953634561060953
824,252,-2.7363774773660623,0.0093857796237961,0.016787174126735378,-0.09553946329477231,0.015914167647838623,0.09553946329477231
825,252,-6.62072045914703,0.24375166910853857,0.08353662108385457,0.0,0.04767012007999203,0.24375166910853857
826,252,-2.9173912331839915,-0.01894130174315471,0.06597391247540421,-0.09612620041680021,0.06355614835671623,0.09612620041680021
827,252,-1.4743849725270337,-0.051753425964646396,-0.1843992711214123,0.12730528108069883,-0.1913702796328491,0.1913702796328491
828,252,-3.590350995742625,0.1405227984892203,-0.15151214565832502,-0.24204570146720256,-0.07955069372286083,0.24204570146720256
829,252,-4.305052753735808,0.010461112409532496,-0.08756446570407872,-0.0795506937228606,0.14399539222117216,0.14399539222117216
830,252,-1.648737817127099,0.01869593534280096,0.37256041366421777,-0.35693409459033376,0.09594168517773206,0.37256041366421777
831,252,-1.1550640892457693,-0.1693886269254436,0.1987888685767715,0.0,0.0963366101718175,0.1987888685767715
832,252,-2.565736011071351,0.10794182444281224,0.16895845568892606,-0.14399539222117227,-0.12749914710328467,0.16895845568892606
833,252,-1.6265121505206963,-0.10313458677250813,-0.016994371546483433,0.03178609995804874,-0.09578262852211503,0.10313458677250813
834,252,-2.44249176039402,-0.16954119394616152,-0.23883691787722905,0.22386393208137456,0.015898070369577882,0.23883691787722905
835,252,0.10058470893338267,-0.06479944149829434,0.05037572072342058,0.0,-0.015886029415790696,0.06479944149829434
836,252,-1.6571292458098412,-0.19419290265261063,0.0,0.19173635204475498,-0.19173635204475498,0.19419290265261063
837,252,-4.139104818655284,0.14695844235721262,0.21410964587899695,-0.16089318388051083,-0.09545479198066964,0.21410964587899695
838,252,-2.563697105107451,0.02086408480620928,-0.0673817120529209,-0.2079933443194711,0.01593435817568429,0.2079933443194711
839,252,-6.1154138698920235,0.11565882083327993,0.0,-0.04859932884790282,0.09535829987414624,0.11565882083327993
840,252,-2.3858850754368603,-0.013701503932349042,0.08104142843194961,0.04770627032791742,-0.047815216532462124,0.08104142843194961
841,252,-4.242380959308548,-0.05418621867024383,-0.033883707378584975,0.11354752480535378,-0.015987215339548572,0.11354752480535378
842,252,-4.443153940519153,0.07938463521330498,-0.0850455753787858,0.24110583627583118,0.04767012007999203,0.24110583627583118
843,252,-2.8559406686070474,0.11813612906681649,-0.15242200658438074,0.1929220558087442,-0.07945020013332,0.1929220558087442
844,252,2.058897233304748,-0.06591279731198245,-0.033883707378584975,-0.1919570064452952,-0.1754116038614059,0.1919570064452952
845,252,0.32069206227264146,-0.006416050661825231,-0.06779661016949151,-0.2924607032330772,-0.016020005458016733,0.2924607032330772
846,252,0.14952886862924686,-0.1247768572081621,-0.15442823221404453,0.09545479198066951,-0.11257424235312913,0.15442823221404453
847,252,1.6325687785382712,-0.08077103336099574,0.06662966046527696,-0.14322750883054805,-0.03178609995804863,0.14322750883054805
848,252,-4.048728737008901,0.03178161213945037,0.27355423683628893,0.015914167647838734,0.0637252987877166,0.27355423683628893
849,252,-0.3163148997346781,-0.15710690403464103,0.03330097311027833,-0.1759493338867107,0.14326379652021856,0.1759493338867107
850,252,0.04871892841315173,0.10191918316795338,0.08353662108385457,-0.25617220560270204,-0.14399539222117214,0.25617220560270204
851,252,0.5782157901949745,-0.08452583364620814,0.033883707378584975,0.06492274731611955,-0.12782423469650323,0.12782423469650323
852,252,-4.328169056855202,0.1129768126567636,-0.016605660672154725,0.07949035184788975,-0.11208252311670473,0.1129768126567636
853,252,-4.974112598602154,0.18194734839500998,-0.09902823945323513,0.0,0.06355614835671623,0.18194734839500998
854,252,4.463264007293887,-0.26175903012289065,-0.14211138347781704,-0.14425411105030345,-0.19195700644529531,0.26175903012289065
855,252,-7.098960272329151,0.2056554430518626,-0.15442823221404453,0.1139379300361124,0.06353209379897959,0.2056554430518626
856,252,-0.869860150528595,0.06879376867270254,-0.18251134839184677,0.06404305140067547,0.22501758018520487,0.22501758018520487
857,252,-1.7431858426344746,-0.0005250342555827576,0.03348247650912113,-0.06381444212457038,0.06381444212457038,0.06381444212457038
858,252,2.2871678412494134,-0.11672950278604023,-0.06699312309016854,-0.12749914710328467,-0.12725695259515554,0.12749914710328467
859,252,-6.343056947275883,0.2612491943893279,-0.016887411200816303,0.015878017296044752,-0.04859932884790294,0.2612491943893279
860,252,-3.5512801849624083,0.06423727053609184,0.03297350406984682,0.09657341699694756,-0.01587401577952566,0.09657341699694756
861,252,-0.20512452215868393,-0.17794238880592136,0.14912234662243823,-0.1595564115681507,0.06365264054034936,0.17794238880592136
862,252,-4.214324637202324,0.08197727296754086,-0.05009401449856226,-0.06359630007488934,0.06353209379897959,0.08197727296754086
863,252,-3.8616807783940885,0.11756459495135897,-0.016605660672154725,-0.01609869778875661,0.14377473767873764,0.14377473767873764
864,252,-2.6896885016535137,0.1296493267638053,0.03282660821493053,0.04764606552057975,0.07985447802730047,0.1296493267638053
865,252,-3.84893891184732,-0.04979201416453779,0.13671718540493263,0.064183054380568,0.03178609995804863,0.13671718540493263
866,252,1.2819514979497058,-0.025921483421970027,-0.06629024923502592,-0.12724085532703788,-0.15973951748802806,0.15973951748802806
867,252,-2.8226154060555615,-0.0246085524268974,0.15066058828554757,-0.0963366101718176,0.0639202772100593,0.15066058828554757
868,252,-9.436962279565869,0.11508702196015808,0.10243323564400456,0.08055614605416084,0.35465423412053865,0.35465423412053865
869,252,-5.003460020562116,0.1268223728436856,0.04983072463245451,0.0,0.2079933443194711,0.2079933443194711
870,252,-4.184191016282895,0.10191426632067539,-0.1700051002295116,0.0794502001333199,-0.12764512925452057,0.1700051002295116
871,252,-3.890228551954408,0.06189584350167281,0.10114434748483461,0.047973909288091726,-0.047706270327917195,0.10114434748483461
872,252,-8.67163075172381,0.22258905766659448,0.13216372009101796,0.06451612903225806,0.06359630007488934,0.22258905766659448
873,252,-2.129547332759131,-0.18416727686150366,0.11643242034502573,0.20799334431947114,0.07973254720972986,0.20799334431947114
874,252,-2.616726153134792,-0.031089515111225815,0.14912234662243823,-0.07999744012287338,0.12725695259515565,0.14912234662243823
875,252,3.307665924254721,-0.19979516991581864,0.016994371546483433,-0.24204570146720256,-0.06355614835671625,0.24204570146720256
876,252,-3.7662388349194345,0.13717369099384935,-0.01625103476679828,-0.14425411105030345,-0.01587401577952555,0.14425411105030345
877,252,-3.259202912600344,0.10511815221197357,-0.0673817120529209,-0.03178609995804874,0.06359630007488934,0.10511815221197357
878,252,-2.2544739937617067,-0.08708264833735853,0.0995037190209988,0.04788826337306199,-0.015886029415790807,0.0995037190209988
879,252,-3.5984368714625816,-0.0695434086825247,0.10176802973291361,0.031754033266447663,0.07963136373342088,0.10176802973291361
880,252,2.7793991221851826,-0.2066129422285781,-0.23467349517937092,-0.1273859510596964,0.03200921998322388,0.23467349517937092
881,252,-1.830284241406872,-0.012836905744943668,0.0,-0.3257743800089324,-0.031814238148788775,0.3257743800089324
882,252,-4.637099836604044,0.028715822396815707,-0.0673817120529209,-0.06359630007488934,0.14526525037324767,0.14526525037324767
883,252,-3.6188528009968834,0.1749979343790103,0.050676687877664765,-0.17532246061902762,-0.14333645472015774,0.17532246061902762
884,252,-1.8371078349443906,0.07218780632673732,0.15242200658438074,-0.1757246793851235,0.0,0.1757246793851235
885,252,0.08518152849944727,-0.06367818214250281,0.1711215266024828,-0.048072355274478014,-0.2407329439228493,0.2407329439228493
886,252,-3.0785386738019582,0.11686741145953859,0.034104674408597144,0.1305176932294657,-0.11131463076514046,0.1305176932294657
887,252,-1.3293345565528654,-0.06560804317344583,-0.15151214565832502,-0.01609869778875661,-0.0635320937989797,0.15151214565832502
888,252,-3.195577088923926,0.09116686258058487,0.04914402145763848,0.11257424235312935,-0.0638144421245704,0.11257424235312935
889,252,-5.155569651945953,0.06506742988583994,-0.11643242034502573,0.17777814055366167,0.015878017296044752,0.17777814055366167
890,252,-3.5920214832328483,0.00699839667602157,-0.10056022847309876,0.03175003175004763,0.2074629511462381,0.2074629511462381
891,252,-3.4060471621676953,0.07194668870653576,0.24580324552721808,0.08078714694718017,-0.12764512925452057,0.24580324552721808
892,252,5.16721459840106,-0.2926158618243935,-0.05037572072342058,-0.16173270527973538,-0.04763405188813437,0.2926158618243935
893,252,3.26832803035483,-0.21283605556880186,-0.050375720723420586,-0.03194790349760558,-0.015898070369577886,0.21283605556880186
894,252,-3.0162049346295277,0.11392565735473616,-0.033676524573408084,-0.04775459884007274,0.015878017296044752,0.11392565735473616
895,252,2.265746522966026,-0.21595712987117346,0.1711215266024828,-0.15973951748802795,-0.1114556425150706,0.21595712987117346
896,252,-4.172424476142794,0.07313477908243583,0.03234231136765743,0.0638144421245704,0.04763405188813437,0.07313477908243583
897,252,-4.315904103513077,-0.048272043235760016,-0.016523847695440727,0.27381982992581927,0.0,0.27381982992581927
898,252,-1.3176552458892914,0.1966651435451165,-0.13766529085714074,-0.30516428664224077,-0.1595564115681507,0.30516428664224077
899,252,-1.2205414847840217,0.14574917897264356,-0.08400692245562721,-0.06434062009777823,-0.2725500158077835,0.2725500158077835
900,252,-1.850115588297669,-0.05717785237472465,0.05099784538654773,-0.015914167647838734,0.07945020013332,0.07945020013332
901,252,-2.3627239844110335,-0.10587895864073427,0.0,-0.0637252987877166,0.06359630007488934,0.10587895864073427
902,252,-1.376973400691142,-0.015470942815718387,-0.11643242034502573,0.11231311618158317,0.015958688549710567,0.11643242034502573
903,252,-3.227087780703684,0.09259980408349809,0.15066058828554757,-0.04764606552057975,0.14333645472015774,0.15066058828554757
904,252,-1.9593952509769537,-0.040290810215041696,0.06823911939349404,0.20939163464915583,-0.031766046899489794,0.20939163464915583
905,252,0.9743830516542005,-0.27048782795098364,-0.1700051002295116,0.047973909288091726,-0.207993344319471,0.27048782795098364
906,252,-4.629588570826314,0.01991802478961316,0.13582754059500463,0.1765374922100896,0.11128649258704562,0.1765374922100896
907,252,0.06380565002704941,-0.049392854509686945,0.18087555371617964,-0.1118819150137327,-0.12725695259515565,0.18087555371617964
908,252,-0.12188909332398623,-0.09756099008258604,-0.18544447870560365,0.0639202772100593,-0.11131463076514045,0.18544447870560365
909,252,-3.5820343539538726,0.20499818319714527,-0.01652384769544073,-0.11156883857574477,0.06359630007488934,0.20499818319714527
910,252,-5.084962818785343,0.004625547961582339,0.36148242894542637,0.06404305140067547,0.2075158079499355,0.36148242894542637
911,252,-3.396866156823542,-0.081335794530957,0.06540699401677286,0.06359630007488934,0.07949035184788963,0.081335794530957
912,252,0.3229826774962419,-0.19249945741824823,-0.033883707378584975,0.06359630007488934,0.03178609995804863,0.19249945741824823
913,252,1.2044164378065148,-0.24864063235227804,-0.15442823221404453,0.016144789938174763,-0.01593435817568429,0.24864063235227804
914,252,-3.3253482995031476,-0.034218119193770255,0.11841467234190432,0.14399539222117227,0.06359630007488934,0.14399539222117227
915,252,-1.0401871492174166,-0.13011887737521266,-0.14719525726349555,0.15996417203774602,-0.24042351841717255,0.24042351841717255
916,252,-1.6169331956861726,0.04181598206604639,-0.2334630710877744,-0.07999744012287338,-0.032009219983223994,0.2334630710877744
917,252,-2.545663793064186,0.005987806149514569,-0.05009401449856226,-0.15941443036912023,0.1114556425150706,0.15941443036912023
918,252,0.7785901831885269,-0.1395274690434194,0.03224548418499746,0.15931324696929164,-0.06359630007488934,0.15931324696929164
919,252,-3.7029347712809155,0.13296493109806884,-0.11770941702795949,-0.04764606552057975,0.14359163172354755,0.14359163172354755
920,252,-2.2832548311588283,-0.03482626052907812,-0.06699312309016854,0.11171081984797443,-0.17527793993252527,0.17527793993252527
921,252,7.91433426654158,-0.39802635712476214,0.08309707336430364,-0.22595345146677298,-0.25607375986579195,0.39802635712476214
922,252,0.14733141471931788,0.05784167546300748,-0.03348247650912113,-0.04770627032791742,0.07945020013332,0.07945020013332
923,252,-2.6977343888185388,0.002847946813031402,-0.033676524573408084,0.14455150419895618,-0.11188191501373282,0.14455150419895618
924,252,-1.170508365529571,-0.09770535290648419,0.2939566715387047,0.04775459884007274,0.14455150419895607,0.2939566715387047
925,252,-1.7484888034641344,-0.00787663863805073,0.0,0.07945020013332,0.04767012007999203,0.07945020013332
926,252,-6.367235304611441,0.14135929257061922,0.10176802973291361,0.22363532448323922,0.27339458857188564,0.27339458857188564
927,252,-0.5952446511204386,0.14218345917663838,-0.08450938930347111,-0.14425411105030345,-0.17532246061902762,0.17532246061902762
928,252,1.9825658725720245,-0.24852791796598564,0.17231137919889425,0.07943014707895393,0.0,0.24852791796598564
929,252,-5.862298282016269,0.18655078714878603,0.155531140908005,-0.031766046899489794,0.07949035184788963,0.18655078714878603
930,252,3.3266922438031514,-0.1425275904827235,-0.06540699401677286,-0.25722940774499237,-0.07943014707895382,0.25722940774499237
931,252,1.5879824666723579,-0.08420281852182881,-0.23031425257483945,0.0,-0.14326379652021845,0.23031425257483945
932,252,2.1037056711406734,-0.28880905223446685,-0.23883691787722905,0.015987215339548572,-0.031754033266447775,0.28880905223446685
933,252,-0.9384163565780597,-0.14780500626901907,0.08230522367501678,0.0,0.09535829987414624,0.14780500626901907
934,252,-2.7967701275328594,-0.0879303913890518,-0.050676687877664765,0.1913702796328491,-0.06352408168042853,0.1913702796328491
935,252,-5.490628245258492,0.12214496527662441,0.15339299776947402,0.0484469993766204,0.12749914710328467,0.15339299776947402
936,252,-0.26074913810515454,0.005556034239212227,-0.016887411200816303,-0.24073294392284952,-0.2243232584059758,0.24073294392284952
937,252,-0.339947969747044,0.023046635010927952,-0.0673817120529209,-0.15973951748802795,-0.2076216428709815,0.2076216428709815
938,252,-4.623993907789433,-0.005328743048257188,0.1711215266024828,-0.14399539222117227,0.22372097023520754,0.22372097023520754
939,252,2.195123121612255,-0.24099423594082928,-0.06567976264690262,-0.3399277826525824,0.06355614835671623,0.3399277826525824
940,252,-1.2916496940724613,-0.1046645484460992,-0.03330097311027833,0.09683719348575984,0.07963136373342088,0.1046645484460992
941,252,-0.13433938396843814,-0.1900389821242953,-0.03297350406984682,0.28960773098491943,0.07973254720972986,0.28960773098491943
942,252,-4.416526027919971,0.0004984269237212419,-0.1711215266024828,-0.03194790349760558,0.031766046899489905,0.1711215266024828
943,252,1.8199256080583552,-0.10401657925061394,-0.09902823945323513,-0.0638144421245704,-0.07949035184788963,0.10401657925061394
944,252,-3.010448700652475,0.028082608352388308,-0.15151214565832502,0.07949035184788975,-0.07949035184788963,0.15151214565832502
945,252,-3.412802774841907,0.1262068647674873,-0.049830724632454505,0.047973909288091726,0.09535829987414635,0.1262068647674873
946,252,0.24411965677248304,-0.1420981965224493,0.01637694634940401,-0.2924607032330772,-0.12738595105969652,0.2924607032330772
947,252,-5.93980128488235,0.08455218476167975,-0.034340140987172134,0.06434062009777822,-0.07943014707895393,0.08455218476167975
948,252,-1.6942882121421547,-0.028422886359594206,-0.03282660821493053,0.06434062009777823,-0.031766046899489905,0.06434062009777823
949,252,-0.04957519836386837,-0.17010661002941344,-0.017229859028885287,0.241543075198185,0.07973254720972986,0.241543075198185
950,252,-1.7143032361811663,0.05107496258847351,-0.04983072463245451,0.06359630007488934,-0.015878017296044974,0.06359630007488934
951,252,-3.404999466787217,-0.024358530352334904,-0.13157254088015372,0.0,0.11128649258704562,0.13157254088015372
952,252,-8.041753659289014,0.14356103192095288,-0.13582754059500465,-0.0638144421245704,0.14333645472015774,0.14356103192095288
953,252,-1.7721072619604286,-0.041255304640736595,0.20433118274318615,-0.14344564959738615,0.0,0.20433118274318615
954,252,-7.081721988654849,0.08663619188064889,0.16706158440387575,-0.015987215339548572,0.1592324388246205,0.16706158440387575
955,252,-5.908670911441668,0.1087421735388145,0.16540792339471244,0.1933472978091327,0.07949035184788975,0.1933472978091327
956,252,1.1511871575841965,0.031587963576420006,-0.11585688927269827,-0.175545574046817,-0.12803687993289598,0.175545574046817
957,252,-1.4304109714055784,0.01670087728959968,-0.13157254088015372,-0.03234231136765754,-0.031814238148788775,0.13157254088015372
958,252,-3.616541778795053,0.15097322377639746,-0.09779720499582113,0.14399539222117227,0.0,0.15097322377639746
959,252,-5.016032328292447,0.19159804606799258,0.16797828517084884,-0.01587401577952566,0.0478882633730621,0.19159804606799258
960,252,-2.854900217382678,-0.025065877048274898,0.04914402145763848,-0.2576626505603324,0.0799974401228736,0.2576626505603324
961,252,-4.096546404836289,0.16716334986364842,-0.1662056238286335,-0.11131463076514046,-0.09545479198066964,0.16716334986364842
962,252,-2.5049496176364983,-0.03319013473902968,0.0,-0.09594168517773195,0.04764606552057975,0.09594168517773195
963,252,-1.4491438344210223,0.08975197131378765,-0.05009401449856226,-0.064183054380568,-0.01587401577952555,0.08975197131378765
964,252,-5.883278115743124,0.17161691541941448,0.033676524573408084,0.0795506937228606,-0.04775459884007286,0.17161691541941448
965,252,-1.7052374669239967,0.1484854503568126,0.11841467234190434,-0.1929220558087442,-0.12782423469650325,0.1929220558087442
966,252,-1.1699169067859287,-0.14789956112149696,0.1177094170279595,-0.015934358175684064,0.15925262933238254,0.15925262933238254
967,252,-1.9392440841685783,-0.1257016881695333,-0.06629024923502592,0.1296237259056716,0.0794502001333199,0.1296237259056716
968,252,1.7021983912621153,-0.20552742039750385,0.03348247650912113,-0.07949035184788975,-0.1117108198479742,0.20552742039750385
969,252,-4.15189110769461,-0.04037845138414481,0.06662966046527696,0.0,0.015878017296044974,0.06662966046527696
970,252,-4.24510290348919,0.13346362954979474,-0.10176802973291361,-0.04770627032791742,0.14488828009880916,0.14488828009880916
971,252,-0.966695189892576,0.004293841802352029,0.016693350985262898,-0.19382591213771905,-0.07955069372286083,0.19382591213771905
972,252,-0.7275294455251071,-0.01273348085516319,-0.1987888685767715,0.016020005458016844,-0.031754033266447663,0.1987888685767715
973,252,-10.629267404836746,0.2903242563625874,0.13671718540493263,0.06353209379897959,0.3217031004888911,0.3217031004888911
974,252,0.30231009889199356,-0.13913137338957102,0.10243323564400456,0.048072355274478014,-0.1113709712120051,0.13913137338957102
975,252,-2.828651326069064,0.08265765156194681,-0.03348247650912113,-0.12749914710328467,0.09534625892455934,0.12749914710328467
976,252,-1.7798916984735627,-0.12086949687218515,0.10056022847309876,0.191370279632849,0.1929220558087442,0.1929220558087442
977,252,0.14836046307158313,0.04487401356801238,-0.11643242034502573,0.015934358175684064,0.15973951748802806,0.15973951748802806
978,252,-0.495694220683518,-0.030748747385214215,-0.20306923302672383,-0.015898070369577882,-0.192549163141704,0.20306923302672383
979,252,-2.013912222332209,-0.08057931264108077,-0.14778942783264992,-0.08016176935523048,0.04763405188813459,0.14778942783264992
980,252,-2.7144826061313836,0.06228417837664011,0.10470072191396627,-0.032342311367657535,-0.14326379652021845,0.14326379652021845
981,252,-3.2734348022804554,-0.07617596573221116,0.016605660672154725,0.04818383473298543,0.0637252987877166,0.07617596573221116
982,252,-1.1242859983118336,0.13104726612200074,-0.03330097311027833,-0.22432325840597592,0.031766046899489905,0.22432325840597592
983,252,-5.997867515882248,0.05208110010302917,0.18439927112141233,0.03178609995804874,0.03175003175004763,0.18439927112141233
984,252,-4.172991354436718,0.08871356875366919,0.16895845568892606,0.06492274731611955,-0.04770627032791742,0.16895845568892606
985,252,-3.636574908655369,0.1692070482519536,0.033676524573408084,-0.14322750883054816,0.06372529878771661,0.1692070482519536
986,252,-6.594326792973881,0.11747662095875638,0.11585688927269827,0.03215783206921657,0.09564865822147198,0.11747662095875638
987,252,-1.217388143383772,0.10711737011448302,0.06597391247540421,-0.04775459884007274,-0.07943014707895393,0.10711737011448302
988,252,-4.206959281347821,-0.16970775708953867,0.016787174126735378,0.1919570064452952,0.2888237447125561,0.2888237447125561
989,252,-2.6474671209224425,-0.10393991308415687,0.016605660672154725,0.1602308988614113,0.06352408168042852,0.1602308988614113
990,252,-1.6593387341348773,0.05199787035640122,-0.220863052149693,0.0,-0.0479739092880915,0.220863052149693
991,252,-1.132099385366871,0.10705203994019062,0.0687106737224096,0.07963136373342099,-0.12803687993289598,0.12803687993289598
992,252,1.687951790365446,-0.23034397327705033,0.15670550929667126,0.015914167647838734,0.12782423469650323,0.23034397327705033
993,252,-6.621832724955347,0.23549290133090847,0.11841467234190434,0.1757246793851235,-0.1114556425150706,0.23549290133090847
994,252,-4.469862818129705,-0.003315644706051998,0.0,0.07999744012287338,0.20939163464915572,0.20939163464915572
995,252,-1.194101821405475,-0.0631648206020109,-0.10470072191396627,0.0,0.04807235527447813,0.10470072191396627
996,252,-4.137959771126106,-0.04585209588658655,-0.1342123198723443,0.015878017296044974,0.07943014707895382,0.1342123198723443
997,252,-4.137254609067057,0.060037869353561625,0.11841467234190432,0.20826007095421822,0.14344564959738626,0.20826007095421822
998,252,-1.8155965549228483,0.007237878448107763,0.1498647664345905,-0.1769023808406317,0.06353209379897959,0.1769023808406317
999,252,-4.205940463531213,0.0814708492982091,0.0850455753787858,0.04775459884007274,-0.03178609995804863,0.0850455753787858
1000,252,-6.93001797927797,-0.009266577798896327,0.23128651015928153,0.191370279632849,0.25686451962717416,0.25686451962717416
