Subgrupo,N Con Tx,N Sin Tx,Surv Med Con (m),Surv Med Sin (m),Mort Con (%),Mort Sin (%)
T: T3,137,133,32.0,20.0,47.44525547445255,45.11278195488722
T: T4A,108,123,27.0,21.0,50.92592592592593,57.72357723577236
T: T4B,36,27,31.0,14.0,69.44444444444444,55.55555555555556
Hist: Squamous cell carcin,81,85,37.0,15.0,59.25925925925925,61.1764705882353
Hist: Adenocarcinoma,68,63,27.0,19.0,42.64705882352941,53.96825396825397
Hist: Adenoid cystic carci,27,35,16.0,30.0,59.25925925925925,37.142857142857146
Hist: Carcinoma NOS,31,29,28.0,21.0,58.06451612903226,65.51724137931035
Hist: Mucoepidermoid carci,17,18,29.0,30.0,35.294117647058826,22.22222222222222
