Subgrupo,N Con Tx,N Sin Tx,Surv Med Con (m),Surv Med Sin (m),Mort Con (%),Mort Sin (%)
T: T3,159,814,39.0,31.0,48.42767295597484,43.12039312039312
T: T4A,123,422,28.0,23.0,52.84552845528455,58.53080568720379
T: T4B,45,97,33.0,15.0,68.88888888888889,63.91752577319587
Hist: Mucoepidermoid carci,19,190,29.0,35.5,42.10526315789473,36.31578947368421
Hist: Squamous cell carcin,96,320,42.5,15.0,58.333333333333336,67.1875
Hist: Adenocarcinoma,78,240,29.0,23.0,47.43589743589743,49.583333333333336
Hist: Acinar cell carcinom,11,111,27.0,47.0,81.81818181818183,27.927927927927925
Hist: Adenoid cystic carci,28,170,18.5,50.5,57.14285714285714,38.23529411764706
