Subgrupo,N Con Tx,N Sin Tx,Surv Med Con (m),Surv Med Sin (m),Mort Con (%),Mort Sin (%)
T: T3,137,131,32.0,19.0,47.44525547445255,45.80152671755725
T: T4A,108,125,27.0,21.0,50.92592592592593,58.4
T: T4B,36,27,31.0,14.0,69.44444444444444,51.85185185185185
Hist: Squamous cell carcin,81,86,37.0,15.0,59.25925925925925,60.46511627906976
Hist: Adenocarcinoma,68,66,27.0,17.5,42.64705882352941,54.54545454545454
Hist: Carcinoma NOS,31,32,28.0,17.0,58.06451612903226,65.625
Hist: Adenoid cystic carci,27,29,16.0,31.0,59.25925925925925,27.586206896551722
Hist: Mucoepidermoid carci,17,19,29.0,22.0,35.294117647058826,26.31578947368421
