Subgrupo,N Con Tx,N Sin Tx,Dif Surv (m),Dif Mort (%),p-value,Significativo
T3 N2,62,125,19.0,1.9483870967741845,0.0807971156190802,No
T4B N0,13,36,17.0,7.264957264957273,0.6473446308294049,No
T4A N1,11,57,15.0,-20.095693779904312,0.9785222787420054,No
T4B N2,14,16,12.5,-23.214285714285708,0.8860265765112603,No
T4A N0,30,167,10.5,10.558882235528944,0.17197651159315758,No
T3 N1,13,80,8.5,-20.673076923076927,0.4749999579522748,No
T3 N0,36,436,6.5,3.8481141692150835,0.5514426511209389,No
T4A N2,44,104,4.0,6.2062937062937085,0.48512031201114947,No
