Subgrupo,N Con Tx,N Sin Tx,Dif Surv (m),Dif Mort (%),p-value,Significativo
T4B N2,14,8,16.0,-23.214285714285708,0.5448353551310845,No
T3 N2,62,69,15.0,0.2337540906965918,0.3259724112465214,No
T4A N1,11,22,14.0,-22.72727272727273,0.972639207842488,No
T3 N0,36,39,12.5,-4.914529914529919,0.9445584948000942,No
T4A N0,30,34,6.0,12.549019607843137,0.3466131011632514,No
T4A N2,44,52,2.0,-0.5244755244755206,0.873742125540619,No
