Subgrupo,N Con Tx,N Sin Tx,Dif Surv (m),Dif Mort (%),p-value,Significativo
T3 N2,62,65,17.0,-0.992555831265507,0.2749871709974119,No
T4B N2,14,8,16.0,-23.214285714285708,0.5448353551310845,No
T4A N1,11,23,14.0,-24.90118577075099,0.6635965706372267,No
T3 N0,36,36,12.0,-2.777777777777779,0.982979619886166,No
T4A N0,30,33,11.5,14.242424242424246,0.16806363683405445,No
T3 N1,13,8,11.0,-14.423076923076927,0.9338998169991958,No
T4A N2,44,52,2.0,-0.5244755244755206,0.9112216837192129,No
