Feature,Importance,CI_2.5%,CI_97.5%
Age_Median,0.36731330384982125,0.33477865426184017,0.39403564679155856
Histology_Unified,0.20613938397944215,0.034459656373910755,0.0504092744504764
T_Unified,0.17980118168231776,0.1520286756022166,0.20376641723363353
N_Unified,0.1255331920154375,0.10514057398134105,0.14472242375918462
Chemotherapy_Binary,0.04222177612281576,0.0332217180372021,0.043556259898328696
Sex,0.03961492888924734,0.03258365078194017,0.05464614099673821
Radiation_Binary,0.039376233460918286,0.19559263492546886,0.23321111082671941
