Feature,Importance
Age_Median,0.37134507154102797
Histology_Unified,0.20164417845755775
T_Unified,0.183721251422213
N_Unified,0.12049885259006073
Sex,0.04284127651920785
Chemotherapy_Binary,0.04217239408447575
Radiation_Binary,0.03777697538545711
