Factor,OR,IC 95% Inf,IC 95% Sup,p-value,Significancia
Radioterapia,1.3815223157234828,1.2203703395347976,1.5639546840916587,3.1382803511448287e-07,***
Quimioterapia,2.6443880637554478,2.2123337302042976,3.1608197878384914,0.0,***
T3-T4 vs T1-T2,3.8357509336348374,3.356301461937982,4.383690020617223,0.0,***
N+ vs N0,3.393829801309899,2.935100900662124,3.924253751433502,0.0,***
Stage IV vs I-III,3.764450682659181,3.2630035987856947,4.342958416425545,0.0,***
