Simulation,N,Delta_RMST_Months,SMD_Age,SMD_Male,SMD_T4,SMD_Node_Positive,Maximum_Absolute_SMD
1,252,-4.307591798643941,0.0052745557986650805,0.016787174126735378,0.0,-0.08195069690144598,0.08195069690144598
2,252,-7.832977311440828,0.1268373781481418,-0.064183054380568,-0.11841467234190459,0.11393793003611218,0.1268373781481418
3,252,-5.257898417234728,-0.04748163584430933,0.15066058828554757,0.033676524573407966,0.13279951926661038,0.15066058828554757
4,252,-7.728198356315232,0.10017000014629297,-0.01652384769544073,0.267373168172058,0.11643242034502573,0.267373168172058
5,252,-5.8555125541962525,0.2065870186829801,-0.24977461072431742,-0.16620562382863338,0.1498647664345905,0.24977461072431742
6,252,-3.3627071661530437,-0.12452824849018569,-0.06597391247540421,0.156705509296671,-0.35935433621164065,0.35935433621164065
7,252,-4.773780208869908,-0.10256556974289416,0.04876598490941714,0.1158568892726985,-0.1143629031433461,0.1158568892726985
8,252,-6.067621003349657,-0.029248772616234393,0.016376946349404013,0.03434014098717225,-0.0164476798791585,0.03434014098717225
9,252,-1.4821350406055274,-0.19082411479976896,-0.13216372009101796,-0.1305176932294657,-0.1617327052797353,0.19082411479976896
10,252,-6.560521744682603,-0.020039914168409716,0.03269038851817766,0.13005121775247103,-0.016251034766798282,0.13005121775247103
11,252,-4.415176771740931,-0.08014016752131171,0.06597391247540421,-0.0673817120529209,0.03244855405366682,0.08014016752131171
12,252,-2.610390925773899,-0.06353602176137366,-0.13279951926661038,-0.08353662108385433,-0.06451612903225806,0.13279951926661038
13,252,-5.191569154230237,-0.06444201571396822,-0.0164476798791585,-0.03330097311027845,0.18087555371617964,0.18087555371617964
14,252,-3.7060289300837326,-0.08865226825445063,-0.06597391247540421,-0.09950371902099892,-0.21244496117875877,0.21244496117875877
15,252,-7.260973260065796,0.08701093650956133,-0.03269038851817766,0.09950371902099892,-0.04914402145763848,0.09950371902099892
16,252,-3.5857131056548894,0.045500921323989696,-0.11704932817312284,0.03330097311027845,-0.1662056238286335,0.1662056238286335
17,252,-5.506008591361621,-0.1906425535835425,-0.09683719348575995,0.2866775013190745,-0.01637694634940401,0.2866775013190745
18,252,-4.970295525469879,-0.07680960501767403,0.03330097311027833,0.04935639364032835,-0.08230522367501678,0.08230522367501678
19,252,-7.363135455400609,0.26314417135352086,0.03282660821493053,-0.016447679879158614,0.01625103476679828,0.26314417135352086
20,252,-6.04132949737685,-0.11979781457986781,0.27893225640167063,0.13499346141256544,0.0,0.27893225640167063
21,252,-3.2361905305876633,-0.06079535256942474,0.1143629031433461,0.0,-0.08104142843194961,0.1143629031433461
22,252,-5.454968689198964,-0.083255727006137,0.01652384769544073,-0.11841467234190459,0.17885587768780917,0.17885587768780917
23,252,-7.842220542283613,-0.06322469381788862,0.05037572072342058,0.20188749869296685,0.1987888685767715,0.20188749869296685
24,252,-4.315875484476308,0.019490592363173753,-0.18014640984344477,0.017229859028885408,-0.06540699401677286,0.18014640984344477
25,252,-4.477823477852539,0.20081509850625848,0.01625103476679828,-0.1484312087985881,-0.23031425257483945,0.23031425257483945
26,252,-8.265785171196526,0.21732431836432778,0.1834225187400007,0.1305176932294657,0.048183834732985424,0.21732431836432778
27,252,-6.6529997183916265,0.021688340064324924,0.08034785573516881,-0.20188749869296685,0.03330097311027833,0.20188749869296685
28,252,-5.570547480064903,-0.1260173093324034,0.04958508352445633,0.13348172885319998,0.0974483204148486,0.13348172885319998
29,252,-0.22905660703929698,-0.3807101841957428,-0.06823911939349404,0.03256448045129181,-0.30950619141820745,0.3807101841957428
30,252,-4.598625617013795,0.0038448539038197452,-0.04935639364032847,0.0,-0.11231311618158328,0.11231311618158328
31,252,-4.591386674974757,-0.07087495687273775,0.19494807153143173,-0.13499346141256544,0.1177094170279595,0.19494807153143173
32,252,-6.320106158382998,-0.1394839469705853,0.048947392149018616,0.03313147809612858,0.1292341339502477,0.1394839469705853
33,252,-7.788402758540684,0.06428112956571391,-0.11643242034502573,-0.01637694634940401,0.14912234662243823,0.14912234662243823
34,252,-5.349685926333265,0.040574976468850374,0.04859932884790294,0.016693350985262898,-0.0826869962019407,0.0826869962019407
35,252,-5.553743728655419,0.012374067110260184,0.13582754059500463,-0.06597391247540421,-0.0164476798791585,0.13582754059500463
36,252,-2.740765143540443,-0.15515338086517136,0.04983072463245451,0.06629024923502592,-0.11286652959662011,0.15515338086517136
37,252,-2.6309131986916583,-0.07439481944905074,0.13216372009101796,-0.25938368274655266,0.05037572072342058,0.25938368274655266
38,252,-5.028449648322308,-0.16385518753436398,0.0,-0.04958508352445633,0.08309707336430364,0.16385518753436398
39,252,-7.475230114913472,0.08056459571190627,-0.05009401449856226,-0.10001389178307735,0.0,0.10001389178307735
40,252,-6.534751439348966,0.09155372653091552,0.14778942783264992,-0.14912234662243798,0.06515487600178649,0.14912234662243798
41,252,-2.952099622166159,-0.07709123364182963,-0.1305176932294657,0.0,-0.11354752480535389,0.1305176932294657
42,252,-1.0171091774445102,-0.15567432380720292,-0.21104062954437794,0.1158568892726985,-0.22545481924029095,0.22545481924029095
43,252,-5.298634386860897,-0.06348497226360997,-0.18251134839184677,0.048947392149018505,0.06597391247540421,0.18251134839184677
44,252,-7.050163042763174,0.05118775612549026,0.09779720499582115,0.09779720499582127,-0.06629024923502592,0.09779720499582127
45,252,-4.081263263555726,-0.16871138805462427,-0.016144789938174763,0.03313147809612858,0.016376946349404013,0.16871138805462427
46,252,-8.384600688222662,0.14913524835188463,0.04958508352445633,-0.03313147809612858,0.1794737712130681,0.1794737712130681
47,252,-2.9925102349331354,-0.16353121370696125,-0.06492274731611955,0.08230522367501689,-0.016057136604691866,0.16353121370696125
48,252,-4.279867741925429,0.003469060180435492,0.14719525726349555,-0.08450938930347111,-0.27893225640167063,0.27893225640167063
49,252,-5.707632721241083,0.0042882089305794025,-0.08162245514079557,0.0,-0.08195069690144598,0.08195069690144598
50,252,-7.570128371868236,0.2094186693699424,-0.09744832041484859,-0.04958508352445633,0.0,0.2094186693699424
51,252,-6.492042905837934,0.08665122146669933,0.06567976264690262,0.0,0.15339299776947404,0.15339299776947404
52,252,-7.574305534925898,0.17992762886023722,0.28667750131907443,-0.2141096458789967,0.05037572072342058,0.28667750131907443
53,252,-2.9355952804097996,-0.14585619739793412,-0.12803687993289598,-0.13974998382776158,0.016523847695440727,0.14585619739793412
54,252,-0.9265891985463668,-0.22798816467405644,-0.10001389178307749,-0.21953634561060964,0.12856486930664499,0.22798816467405644
55,252,-6.297005878821707,-0.02708812753927249,-0.06567976264690262,0.016693350985262898,0.20078234442307635,0.20078234442307635
56,252,-2.535033838454197,-0.11167441365628804,0.0673817120529209,0.0,-0.24651521285471384,0.24651521285471384
57,252,-2.002760912482927,-0.1670040967445351,0.04844699937662018,-0.09902823945323525,-0.0807871469471804,0.1670040967445351
58,252,-2.9644274475164565,-0.15208415261566963,0.08687444855261381,-0.11482355042883065,0.10389707743074704,0.15208415261566963
59,252,-6.022217450319005,0.0493744531213834,-0.06471001082659238,0.016523847695440498,0.016195526603578262,0.06471001082659238
60,252,-5.480592386187126,0.16132572698436187,-0.08104142843194961,-0.06597391247540421,-0.04935639364032846,0.16132572698436187
61,252,-5.609275399502536,-0.10536479433276831,0.16334288009620038,-0.03330097311027845,0.03215783206921668,0.16334288009620038
62,252,-5.465010991274426,0.10065704791410746,-0.0974483204148486,0.06567976264690262,-0.04859932884790294,0.10065704791410746
63,252,-8.385832324855187,0.08682329179900045,-0.0826869962019407,0.0,0.14664711502135347,0.14664711502135347
64,252,-7.768168461740771,0.052587763217608254,0.0,-0.03330097311027845,0.06492274731611955,0.06492274731611955
65,252,-6.663280266226025,0.03936480565616996,0.06597391247540421,-0.10314212462587932,0.2117112224046785,0.2117112224046785
66,252,-10.281862568073493,0.0703876515061936,0.5327042404243937,-0.0324485540536667,0.21504500987720673,0.5327042404243937
67,252,-5.231553193459419,0.08634318025740827,-0.1143629031433461,0.09858611698511621,-0.0995037190209988,0.1143629031433461
68,252,-3.1587214109889885,-0.023458905202755394,-0.24325212770526,-0.03348247650912125,0.0,0.24325212770526
69,252,-5.80139996195318,0.0781685802908869,-0.01652384769544073,0.016787174126735496,0.06434062009777822,0.0781685802908869
70,252,-1.8198751767764918,-0.18779584038196154,0.01625103476679828,-0.31277162108561213,-0.06451612903225806,0.31277162108561213
71,252,-8.415390044422423,0.09167325344950483,0.08230522367501678,0.17000510022951149,-0.03244855405366681,0.17000510022951149
72,252,-5.976220695764468,0.058330762114817296,-0.04894739214901862,-0.0826869962019407,-0.049830724632454505,0.0826869962019407
73,252,-5.708935240052213,0.027547130415489292,0.06567976264690262,0.03244855405366671,-0.01625103476679828,0.06567976264690262
74,252,-5.613667157999558,-0.0826631558742658,0.2334630710877744,0.06629024923502592,-0.09683719348575995,0.2334630710877744
75,252,-7.13086381187604,-0.1444065152498344,-0.0826869962019407,0.37256041366421766,-0.04958508352445633,0.37256041366421766
76,252,-5.844170552707979,0.016700653900565483,0.08309707336430364,0.14778942783264992,0.0,0.14778942783264992
77,252,-4.430632527368587,0.08025139556525769,-0.1794737712130681,-0.05134021655291974,-0.03269038851817766,0.1794737712130681
78,252,-4.776431932845668,0.04236707286710888,0.0,-0.08131962797461241,0.0,0.08131962797461241
79,252,-5.146082661772823,-0.08112548047338299,0.033676524573408084,-0.06699312309016854,0.0,0.08112548047338299
80,252,-5.252932756141917,-0.1418672013493935,-0.03297350406984682,0.23346307108777453,0.0826869962019407,0.23346307108777453
81,252,-8.018562170485112,0.08332536643452863,-0.0164476798791585,-0.01637694634940401,0.0,0.08332536643452863
82,252,-7.7444155322737345,0.03439832652506898,0.1662056238286335,0.03410467440859726,0.08162245514079557,0.1662056238286335
83,252,-2.4156825743178416,-0.142210581421774,-0.0164476798791585,-0.11704932817312284,0.03256448045129192,0.142210581421774
84,252,-5.365817038082199,-0.00600317090241789,0.08353662108385458,-0.016195526603578377,-0.06492274731611955,0.08353662108385458
85,252,-4.2547209409472515,-0.23655082081187548,-0.16706158440387578,0.0673817120529209,0.03244855405366682,0.23655082081187548
86,252,-3.9509007983786972,-0.08989237095079229,0.06567976264690262,0.17112152660248295,-0.16334288009620038,0.17112152660248295
87,252,-6.172486892630715,-0.08202525946635061,0.24752003446359194,-0.016605660672154843,0.1143629031433461,0.24752003446359194
88,252,-3.6396333737753537,-0.08266378942995466,-0.15066058828554757,0.2110406295443777,-0.06567976264690262,0.2110406295443777
89,252,-10.25650060634429,0.0765073976666602,0.03297350406984682,0.05134021655291974,0.3178831311889193,0.3178831311889193
90,252,-6.876051750131282,-0.05606998205694988,0.016605660672154725,0.03269038851817778,0.0,0.05606998205694988
91,252,-4.809208600659019,0.11985308521218312,-0.14778942783264992,-0.08309707336430376,-0.13582754059500463,0.14778942783264992
92,252,-7.228950811850524,0.125356124096955,0.15066058828554757,-0.016523847695440498,-0.04983072463245451,0.15066058828554757
93,252,-2.970585306680917,-0.10334335734284543,0.08055614605416073,-0.1305176932294657,-0.08131962797461241,0.1305176932294657
94,252,-7.157615025584946,0.010150530956440477,0.016605660672154725,0.15151214565832516,0.03282660821493053,0.15151214565832516
95,252,-4.986651032605636,0.10449644251553918,-0.03194790349760548,-0.016693350985262898,-0.1292341339502477,0.1292341339502477
96,252,-2.9409330270298852,0.019448815230375806,-0.2608965378392889,0.016787174126735496,-0.03330097311027833,0.2608965378392889
97,252,-3.7961524327494374,-0.02971759220550742,-0.16334288009620038,0.05009401449856249,-0.1305176932294657,0.16334288009620038
98,252,-2.625595927939571,0.15995826907118976,-0.17731559745022304,-0.35065810148993704,0.05009401449856226,0.35065810148993704
99,252,-1.837899203531265,-0.22383378916329102,0.06629024923502592,-0.09902823945323525,-0.06567976264690262,0.22383378916329102
100,252,-6.068689429434485,-0.18617910016666211,0.06540699401677286,0.18166315000072217,0.09902823945323513,0.18617910016666211
101,252,-2.252390103671189,-0.20480663323632256,0.0810414284319496,-0.114362903143346,-0.016057136604691866,0.20480663323632256
102,252,-4.911834553872239,-0.12553239499439223,-0.1177094170279595,0.09858611698511621,0.016376946349404013,0.12553239499439223
103,252,-10.807525691507749,0.22687291787484337,0.0974483204148486,0.23346307108777453,-0.11354752480535389,0.23346307108777453
104,252,-7.635182611777566,0.10717916821512743,0.06492274731611954,0.03348247650912125,0.016523847695440727,0.10717916821512743
105,252,-7.292077255723115,0.12004649100371859,-0.06515487600178649,-0.1164324203450256,0.06567976264690262,0.12004649100371859
106,252,-4.6844265482275915,0.005138504969221401,0.016605660672154725,-0.19975046777556893,0.03269038851817767,0.19975046777556893
107,252,-7.096962059302513,0.08144846283110606,0.03224548418499746,-0.03269038851817778,0.14488828009880916,0.14488828009880916
108,252,-5.549414376230786,-0.005097756446020358,0.016523847695440727,0.0489473921490185,0.06471001082659238,0.06471001082659238
109,252,-5.452458967797426,0.06535857002053466,-0.17885587768780917,-0.13279951926661035,0.14568333542253523,0.17885587768780917
110,252,-5.396246624982837,0.10768692646922977,0.08230522367501678,-0.03269038851817778,0.01637694634940401,0.10768692646922977
111,252,-1.540045006679108,-0.16935043387664325,-0.16540792339471244,0.01644767987915861,-0.19789482211536183,0.19789482211536183
112,252,-5.894486084814858,0.1234606643455106,0.22858856621589516,-0.1929220558087442,0.0164476798791585,0.22858856621589516
113,252,-5.331581180537867,-0.06625745191806322,-0.03244855405366681,-0.04935639364032835,0.1955944099916425,0.1955944099916425
114,252,-0.9825946384654145,-0.19793355496151077,0.11482355042883063,-0.09950371902099892,-0.22858856621589518,0.22858856621589518
115,252,-3.8524536013243136,0.01864203766896707,0.0,-0.18251134839184677,0.14614357087864935,0.18251134839184677
116,252,-7.615388972127633,0.18838476736795298,-0.14843120879858798,0.016693350985262898,0.21504500987720676,0.21504500987720676
117,252,-9.575748476114896,0.182482117068059,-0.11436290314334611,-0.016447679879158614,0.1970658556328586,0.1970658556328586
118,252,-7.584020291590193,0.06121071306966955,0.12856486930664499,0.17000510022951149,0.1662056238286335,0.17000510022951149
119,252,-7.717699359479269,-0.07388160664871196,0.03224548418499746,0.06823911939349404,0.14843120879858798,0.14843120879858798
120,252,-7.2877267801898284,-0.06499368497692458,0.08016176935523037,0.2182947898014889,0.09683719348575995,0.2182947898014889
121,252,-9.829218405441921,-0.03900130255251808,0.20078234442307635,0.14986476643459062,0.14778942783264992,0.20078234442307635
122,252,-7.1732437518730165,0.18040079143534346,0.16089318388051094,-0.08353662108385433,-0.08162245514079557,0.18040079143534346
123,252,-3.781614643915063,-0.05949127885523471,-0.08353662108385457,-0.0484469993766204,-0.016144789938174763,0.08353662108385457
124,252,-2.685003110153204,-0.16468759573535524,0.06515487600178649,-0.1484312087985881,-0.01652384769544073,0.16468759573535524
125,252,-2.440504804184954,-0.10540675283415997,-0.14912234662243823,-0.016787174126735496,0.016994371546483433,0.14912234662243823
126,252,-9.527206014581381,0.33379901715561916,-0.08195069690144598,-0.10176802973291374,0.2951613009871556,0.33379901715561916
127,252,-6.347657323640533,0.028723867842080135,0.0164476798791585,0.0,-0.07985447802730049,0.07985447802730049
128,252,-3.9440494411862517,-0.13566453035799073,0.08195069690144598,0.20078234442307635,0.08195069690144598,0.20078234442307635
129,252,-4.416960211602216,-0.08659713261724764,0.1143629031433461,-0.09657341699694756,0.16397850054841961,0.16397850054841961
130,252,-6.917234439273912,0.10898794234910229,0.08195069690144598,0.0,0.0974483204148486,0.10898794234910229
131,252,-5.600303118933695,-0.020602141085758155,0.0,-0.2346734951793708,0.06492274731611955,0.2346734951793708
132,252,-4.829274696983177,0.10240363134321284,-0.33000424883205576,-0.08230522367501689,0.11286652959662011,0.33000424883205576
133,252,-9.360175781862345,0.34956391035560985,-0.1834225187400007,-0.06567976264690262,-0.06629024923502592,0.34956391035560985
134,252,-12.9105364932905,0.3352402316244286,-0.016605660672154725,0.47437190330018797,0.1349934614125654,0.47437190330018797
135,252,-3.9951950909895118,-0.01821903876706003,0.23031425257483945,-0.19789482211536183,-0.016311455765743794,0.23031425257483945
136,252,-6.972319800263847,0.10045411344282125,0.13102435641608365,-0.016251034766798053,0.06629024923502592,0.13102435641608365
137,252,-6.350128935291082,0.0815717509147205,-0.18087555371617964,0.06629024923502592,-0.016020005458016733,0.18087555371617964
138,252,-5.706189870420019,-0.03853681232335835,-0.01625103476679828,0.09858611698511621,-0.09657341699694745,0.09858611698511621
139,252,-7.3304713982123815,0.06236511209854482,0.11319069000971972,0.08162245514079568,0.06471001082659238,0.11319069000971972
140,252,-10.082826509021771,0.15893332291479148,0.0,0.13279951926661035,0.19789482211536183,0.19789482211536183
141,252,-3.8549396929847006,0.018262522751250877,-0.06515487600178649,0.0,-0.1794737712130681,0.1794737712130681
142,252,-4.387455623829666,-0.03834065562709417,0.01625103476679828,0.09902823945323523,-0.03256448045129192,0.09902823945323523
143,252,-1.4916228237155877,-0.21969779631170974,-0.35413103104120963,-0.016787174126735496,-0.016605660672154725,0.35413103104120963
144,252,-1.7007800881051622,-0.02220333457844064,-0.06629024923502592,-0.16466623048469603,-0.04935639364032846,0.16466623048469603
145,252,-1.4995448284100945,-0.10433907910851127,-0.05009401449856226,-0.19975046777556893,-0.16129032258064527,0.19975046777556893
146,252,-9.30422273060266,0.1679006755116704,-0.016523847695440727,0.16620562382863338,0.11319069000971974,0.1679006755116704
147,252,-6.641549883500005,0.17772063299823884,-0.04935639364032847,-0.11482355042883065,0.0,0.17772063299823884
148,252,-7.984787434484446,0.12796169284005032,0.1143629031433461,-0.032973504069846706,0.04830861503963704,0.12796169284005032
149,252,-6.138916405832589,-0.11526759483790669,0.12888147046219356,-0.04958508352445633,0.162757691754232,0.162757691754232
150,252,-6.5841238764634085,0.031012605309244105,-0.22713987837566704,0.0826869962019407,0.18166315000072228,0.22713987837566704
151,252,-5.863272616338335,-0.03208437482364999,-0.06597391247540421,-0.14912234662243798,0.18087555371617964,0.18087555371617964
152,252,-5.998401456884864,0.16922193512544498,0.09858611698511634,-0.28237410625057524,-0.09657341699694745,0.28237410625057524
153,252,-3.5988487248213943,-0.046387549835806,0.08195069690144598,0.016523847695440498,-0.19789482211536186,0.19789482211536186
154,252,-4.276429716077601,-0.07217181215751702,0.0,0.23233514572576106,0.03234231136765743,0.23233514572576106
155,252,-6.80337260988037,0.06340571046900453,0.2779611449018075,0.09902823945323525,0.01625103476679828,0.2779611449018075
156,252,-6.347943927475015,0.09158725744968206,-0.18251134839184677,0.08104142843194972,0.03234231136765743,0.18251134839184677
157,252,-7.13618417059439,0.02161343727547697,-0.1834225187400007,0.03313147809612858,0.05009401449856226,0.1834225187400007
158,252,-7.000227870850907,0.17090045721674857,0.14912234662243823,-0.06567976264690262,-0.06567976264690262,0.17090045721674857
159,252,-6.846959311195164,0.05563306191320054,-0.11585688927269827,0.12173452808215697,0.14455150419895607,0.14455150419895607
160,252,-6.646716644098689,-0.04969422620669469,0.0,0.19706585563285864,0.01637694634940401,0.19706585563285864
161,252,-4.728151325213105,-0.074150975458696,-0.16397850054841961,-0.06699312309016854,0.11393793003611218,0.16397850054841961
162,252,-6.461527837375556,0.1272731704649729,-0.13102435641608365,-0.09950371902099892,-0.03330097311027833,0.13102435641608365
163,252,-1.7686744454255745,-0.0010812771346371494,-0.33590918243394513,-0.016523847695440498,-0.2951613009871556,0.33590918243394513
164,252,-3.0391419823981494,-0.11828201129840447,0.03224548418499746,-0.10001389178307735,-0.06540699401677286,0.11828201129840447
165,252,-2.8127797431147314,-0.1580867012784404,0.18087555371617964,-0.06823911939349404,-0.09858611698511634,0.18087555371617964
166,252,-6.167703209969275,0.016940931825057653,-0.08195069690144598,0.03330097311027845,-0.01625103476679828,0.08195069690144598
167,252,-6.879883280395077,0.07692369591153976,0.06492274731611955,-0.016195526603578377,0.12888147046219356,0.12888147046219356
168,252,-7.107189699572658,0.009032201881032247,-0.0974483204148486,0.1296237259056716,0.04914402145763847,0.1296237259056716
169,252,-9.846782807377352,0.08090584438323038,0.11393793003611216,0.29740895825796576,0.28667750131907443,0.29740895825796576
170,252,-1.8102807381508086,-0.07853390362145539,-0.23031425257483945,-0.14778942783264992,-0.01637694634940401,0.23031425257483945
171,252,-5.237539686415147,-0.04606293947449504,0.0,0.2900795820544422,0.064183054380568,0.2900795820544422
172,252,-7.63260628660008,0.1885689630088153,-0.03224548418499746,-0.0673817120529209,0.162757691754232,0.1885689630088153
173,252,-1.1923831863404502,-0.18397910646858293,-0.11482355042883065,0.14912234662243798,-0.06699312309016854,0.18397910646858293
174,252,-4.556089323400826,0.12145866859160798,-0.016144789938174763,-0.0484469993766204,0.06779661016949151,0.12145866859160798
175,252,-4.002883541384833,0.08788728023493413,-0.12888147046219356,-0.13157254088015372,-0.17777814055366178,0.17777814055366178
176,252,-7.239517741552447,0.16679645455113398,0.01625103476679828,0.06779661016949151,-0.01652384769544073,0.16679645455113398
177,252,-9.226345988469973,0.3061164926998342,-0.1011443474848346,0.09902823945323523,0.16129032258064527,0.3061164926998342
178,252,-3.909023161495469,-0.029658883567639557,-0.016605660672154725,-0.21713461347342167,0.015987215339548572,0.21713461347342167
179,252,-5.26372199870444,0.17317485813956485,0.08400692245562721,-0.25237723256253447,0.16334288009620038,0.25237723256253447
180,252,-3.565049313163584,-0.10655632197929286,-0.14912234662243823,-0.2346734951793708,-0.03256448045129192,0.2346734951793708
181,252,-1.7741930714296217,-0.08238983501913032,-0.17777814055366178,0.016447679879158614,-0.06471001082659238,0.17777814055366178
182,252,-9.508622721919465,0.19147815181395497,-0.23128651015928153,0.2334630710877745,0.13005121775247103,0.2334630710877745
183,252,-1.4427805110031926,0.010871038114491006,-0.14719525726349555,-0.14912234662243798,-0.04894739214901862,0.14912234662243798
184,252,-6.9228864431452735,-0.09818760368553253,0.162757691754232,0.13279951926661038,0.05009401449856226,0.162757691754232
185,252,-8.56333390965139,0.017036907846171494,0.39839855779983113,0.0,-0.13005121775247103,0.39839855779983113
186,252,-6.259092493784522,0.14126168024304017,-0.14614357087864935,-0.0856171914662227,-0.04859932884790294,0.14614357087864935
187,252,-2.1866416727490616,-0.14648036370729745,-0.09779720499582115,-0.08450938930347111,-0.1305176932294657,0.14648036370729745
188,252,-5.14854315494037,0.002543377626300179,-0.11585688927269827,0.1292341339502477,-0.3114126482254941,0.3114126482254941
189,252,-2.8366810779997707,0.007900225098981735,-0.06492274731611955,-0.1484312087985881,0.08131962797461241,0.1484312087985881
190,252,-6.932075322952329,0.19473495703088475,-0.049830724632454505,-0.04914402145763871,0.06629024923502592,0.19473495703088475
191,252,-4.067907461235663,-0.14891609258196595,0.14719525726349555,-0.1177094170279594,0.20306923302672383,0.20306923302672383
192,252,-5.959987217251651,-0.06167147384840447,0.09902823945323513,0.0856171914662227,0.20188749869296685,0.20188749869296685
193,252,-4.258390876482096,0.0332343132389665,-0.15242200658438074,-0.04914402145763871,-0.1843992711214123,0.1843992711214123
194,252,-6.2670402826298925,0.037759352426759894,-0.03269038851817766,-0.14986476643459062,0.12856486930664499,0.14986476643459062
195,252,-4.390287070566117,0.07998508766831629,-0.06540699401677286,-0.08195069690144575,-0.06597391247540421,0.08195069690144575
196,252,-1.4475527827173238,-0.21122384323321305,-0.08195069690144598,0.11532109556408433,-0.22713987837566701,0.22713987837566701
197,252,-5.546211200747749,0.08191148690507762,-0.06492274731611955,-0.05134021655291974,-0.05009401449856225,0.08191148690507762
198,252,-10.732409917490699,0.16803354933706902,-0.01637694634940401,0.2702563901282179,0.0,0.2702563901282179
199,252,-6.706618214515558,0.08965230856755907,0.06471001082659236,-0.0484469993766204,-0.06567976264690262,0.08965230856755907
200,252,-0.2598530972301063,-0.33457722128797757,0.0,-0.1962997276820284,-0.01625103476679828,0.33457722128797757
201,252,-8.698952493734922,0.1997669612247185,-0.09858611698511634,-0.08450938930347111,0.08230522367501678,0.1997669612247185
202,252,-2.2045856631882117,-0.1713443383182888,-0.08353662108385458,-0.0981761387347632,-0.26271905058761047,0.26271905058761047
203,252,-7.704083122073186,0.08999471931342688,0.01637694634940401,0.15442823221404453,-0.13216372009101796,0.15442823221404453
204,252,0.013998899567269518,-0.1910615881698186,0.04958508352445633,-0.0981761387347632,-0.220863052149693,0.220863052149693
205,252,-4.540277776667821,-0.017813840872520723,0.17653749221008935,0.01637694634940401,-0.015958688549710567,0.17653749221008935
206,252,-6.2083016103057105,0.11990825347332455,-0.09858611698511634,-0.06629024923502592,0.13005121775247103,0.13005121775247103
207,252,-3.1931522394214937,-0.11458783965701322,-0.016376946349404013,0.18251134839184677,-0.1498647664345905,0.18251134839184677
208,252,-6.7546565908529885,0.07904325283724464,-0.04935639364032846,0.016693350985262898,-0.06540699401677286,0.07904325283724464
209,252,-4.682033127058119,0.03331396745204369,-0.18087555371617964,-0.016311455765743905,0.03244855405366681,0.18087555371617964
210,252,-8.33069715361647,0.13364036427773548,-0.11482355042883063,0.09902823945323523,0.18251134839184677,0.18251134839184677
211,252,-8.288938562905727,0.05179348318046949,0.03330097311027833,0.19975046777556893,-0.0331314780961287,0.19975046777556893
212,252,-4.841349512844104,0.022653128558771482,-0.10001389178307747,0.016693350985262895,-0.10114434748483461,0.10114434748483461
213,252,-0.875361598223364,-0.12227972708170556,-0.23128651015928153,-0.13348172885319998,-0.14568333542253523,0.23128651015928153
214,252,-11.28829163168622,0.22166018119860995,0.14778942783264992,0.1670615844038759,0.16397850054841961,0.22166018119860995
215,252,-2.9540692503458956,-0.08909289817056341,-0.11393793003611218,-0.09902823945323525,-0.16466623048469595,0.16466623048469595
216,252,-7.339135860462392,-0.050857198265837504,0.23233514572576094,-0.016787174126735496,0.03234231136765743,0.23233514572576094
217,252,-2.245733005712637,-0.1654575029349931,-0.07985447802730049,-0.016605660672154843,-0.11319069000971972,0.1654575029349931
218,252,-3.572024824250704,-0.0898541481200118,-0.1801464098434448,-0.016376946349404013,-0.03330097311027833,0.1801464098434448
219,252,-6.084791632275852,0.09568964210540254,0.11393793003611218,-0.08622612271184542,-0.18014640984344477,0.18014640984344477
220,252,-1.1442171239800558,-0.12599924363402984,-0.16334288009620038,0.0,-0.23031425257483945,0.23031425257483945
221,252,-5.934037007397336,-0.021543008129597117,0.0331314780961287,0.04958508352445633,-0.09683719348575995,0.09683719348575995
222,252,-4.176356430253378,0.044713298781549435,-0.1929220558087442,0.03269038851817778,-0.03282660821493053,0.1929220558087442
223,252,-8.735023505311958,0.21136725016311428,-0.06629024923502592,0.048947392149018505,0.03234231136765743,0.21136725016311428
224,252,-8.210669248024203,-0.08897630247703961,-0.03297350406984682,0.1158568892726985,0.11354752480535389,0.1158568892726985
225,252,-3.5587514373945766,-0.3422909525168735,-0.0807871469471804,0.39120964674241504,-0.04859932884790294,0.39120964674241504
226,252,-3.9551483740445548,-0.09064244846679295,0.08195069690144598,-0.04859932884790283,-0.18087555371617964,0.18087555371617964
227,252,-5.135815894559698,-0.14024781501358652,-0.016523847695440727,0.08195069690144574,0.11482355042883063,0.14024781501358652
228,252,-5.433064724960914,-0.015549679443506978,-0.08104142843194961,0.15151214565832516,-0.0160986977887565,0.15151214565832516
229,252,-6.361714519823721,0.11388490293554457,0.30151134457776374,0.0,-0.11319069000971972,0.30151134457776374
230,252,-9.682560464045679,0.18598402581245152,0.13005121775247103,0.016311455765743905,0.1962997276820284,0.1962997276820284
231,252,-6.462791471370878,0.06603593871488402,0.016605660672154725,0.14719525726349567,0.04958508352445633,0.14719525726349567
232,252,-4.919752786925997,-0.004312524270651974,0.23128651015928153,0.18014640984344465,-0.04894739214901862,0.23128651015928153
233,252,-10.301124330945342,0.1767655827646624,-0.016311455765743794,0.20078234442307638,0.04914402145763848,0.20078234442307638
234,252,-4.540848186314918,0.033160808285268205,0.29867549021998724,-0.1834225187400006,-0.260102435504942,0.29867549021998724
235,252,-9.765075572431115,0.34167786421029084,0.0,0.21504500987720687,-0.08131962797461241,0.34167786421029084
236,252,-6.851633115541091,-0.03867359472360993,-0.03269038851817766,0.25103064406543585,-0.10001389178307747,0.25103064406543585
237,252,-7.193762518400874,0.08179293209167843,-0.09779720499582115,0.0,-0.04914402145763848,0.09779720499582115
238,252,-4.659147639741306,0.09127999339892112,-0.04830861503963705,-0.08400692245562733,-0.049830724632454505,0.09127999339892112
239,252,-5.341804525490531,0.036804473078540255,-0.03244855405366682,0.0,-0.16540792339471244,0.16540792339471244
240,252,-2.5093894158424916,-0.12217229335561458,-0.09902823945323513,-0.08504557537878593,-0.0673817120529209,0.12217229335561458
241,252,-5.5729398848316265,-0.041770861828662326,-0.03244855405366682,0.11704932817312284,0.016376946349404013,0.11704932817312284
242,252,-1.8539344384013248,-0.11837488460894195,0.0,0.016523847695440498,-0.17777814055366178,0.17777814055366178
243,252,-8.714530123433619,0.13604732244392906,-0.0164476798791585,0.10056022847309865,0.16397850054841961,0.16397850054841961
244,252,-3.400307475083892,-0.09240327672203175,-0.1662056238286335,-0.08309707336430376,-0.13005121775247103,0.1662056238286335
245,252,-3.9384310059004264,-0.004578638952373394,0.13005121775247103,-0.016251034766798053,-0.1987888685767715,0.1987888685767715
246,252,-3.3389699839661517,-0.19810416976873646,-0.17885587768780917,0.13279951926661035,-0.049830724632454505,0.19810416976873646
247,252,-6.531441864463332,-0.013905607540900826,0.06515487600178649,-0.016693350985262898,0.06471001082659238,0.06515487600178649
248,252,-2.7262017789814053,-0.09061360614603943,-0.08162245514079557,-0.11841467234190459,-0.0963366101718175,0.11841467234190459
249,252,-5.477013162257805,0.02524960656203125,-0.03282660821493053,-0.050094014498562496,0.14614357087864935,0.14614357087864935
250,252,-5.933314961260308,-0.07517155104951372,0.1816631500007223,0.09779720499582126,-0.04914402145763848,0.1816631500007223
251,252,-0.8716777984493405,-0.16671295671737477,-0.0164476798791585,-0.25103064406543585,0.13005121775247103,0.25103064406543585
252,252,-3.666523868134192,-0.13079993889472902,0.08230522367501678,-0.06597391247540421,-0.06515487600178649,0.13079993889472902
253,252,-7.361147596902242,-0.00851833147538891,0.03297350406984682,0.06779661016949151,0.016376946349404013,0.06779661016949151
254,252,-0.7991843139379995,-0.10951231398311886,-0.03244855405366682,-0.24752003446359194,-0.08162245514079557,0.24752003446359194
255,252,-8.988732452431805,0.17292380564604118,0.29740895825796565,0.16797828517084895,0.01625103476679828,0.29740895825796565
256,252,-4.863444939835915,0.019502879482504,0.14912234662243823,0.03282660821493064,0.05037572072342058,0.14912234662243823
257,252,-5.190243563464804,-0.04080988940996265,-0.17731559745022307,-0.09902823945323525,0.09858611698511634,0.17731559745022307
258,252,-3.433320534068983,-0.10782725504638002,0.08131962797461241,-0.16797828517084895,-0.14568333542253523,0.16797828517084895
259,252,-3.268240159263925,-0.10307251070125743,0.01637694634940401,-0.03282660821493064,-0.1305176932294657,0.1305176932294657
260,252,0.10820081507370105,-0.11929299035258364,-0.260102435504942,-0.13157254088015372,-0.050997845386547724,0.260102435504942
261,252,1.735335298695361,-0.20763178119422815,-0.04914402145763848,-0.21713461347342167,0.0,0.21713461347342167
262,252,-4.322118720658082,-0.13249723646954764,-0.016311455765743794,0.06597391247540421,-0.11482355042883065,0.13249723646954764
263,252,-7.636696261242619,0.151811275732007,-0.015987215339548572,0.32307972976119165,-0.22713987837566704,0.32307972976119165
264,252,-5.844366371694562,0.06203162718007444,-0.13005121775247103,-0.14778942783264992,0.18166315000072228,0.18166315000072228
265,252,-4.375234521191345,-0.08703400400905596,0.06540699401677286,-0.19975046777556893,0.04830861503963704,0.19975046777556893
266,252,0.5666409948700135,-0.23226708268511537,-0.14912234662243823,-0.2182947898014889,0.06540699401677286,0.23226708268511537
267,252,-1.4086819469757614,-0.08954286505648992,-0.05009401449856225,-0.06540699401677286,-0.19494807153143173,0.19494807153143173
268,252,-9.044171725306526,0.1409454413178903,0.14664711502135347,0.0,0.13216372009101796,0.14664711502135347
269,252,-4.337567831278278,-0.09698976307192791,-0.16706158440387578,0.08162245514079569,0.06515487600178649,0.16706158440387578
270,252,1.036536786671718,-0.31493107335154613,-0.016144789938174763,-0.2497746107243177,0.08450938930347111,0.31493107335154613
271,252,-7.59899309207097,0.12778247795072342,0.0164476798791585,-0.017496801658268616,0.13348172885319998,0.13348172885319998
272,252,-4.855712594843794,-0.057430510589350905,0.11532109556408446,0.016693350985262898,-0.08131962797461241,0.11532109556408446
273,252,-1.8608737809479834,-0.18728355994974932,-0.09902823945323512,-0.016311455765743908,0.14719525726349553,0.18728355994974932
274,252,-3.532353761121911,-0.20117966266953954,-0.23128651015928153,0.0673817120529209,0.08400692245562721,0.23128651015928153
275,252,-5.322506663571602,-0.04377754054343522,-0.14778942783264992,0.0,0.08016176935523037,0.14778942783264992
276,252,-3.240216764731784,-0.11091287617021184,-0.09779720499582115,-0.15151214565832516,0.0164476798791585,0.15151214565832516
277,252,-4.4450398595383405,0.014798250765987678,0.0,-0.17112152660248295,0.0,0.17112152660248295
278,252,-5.063918240171347,-0.06085099753584329,0.03330097311027833,0.1135475248053538,-0.21605239074718954,0.21605239074718954
279,252,-9.54202539990024,0.060627582449583106,0.21504500987720673,0.22941573387056174,0.06629024923502592,0.22941573387056174
280,252,-11.891666853583715,0.2886864057804348,0.19789482211536186,-0.11996964417539861,0.13279951926661038,0.2886864057804348
281,252,-5.98404296358396,0.06914443721945154,0.10056022847309876,-0.11482355042883063,0.0,0.11482355042883063
282,252,-9.05609896798343,0.12736827055652994,0.13157254088015372,-0.03282660821493064,0.2110406295443779,0.2110406295443779
283,252,-4.468451303063688,-0.14533967823343555,-0.17885587768780917,0.2497746107243177,-0.08195069690144598,0.2497746107243177
284,252,-2.7164694725806555,0.010758731384322977,-0.15066058828554757,0.03313147809612858,-0.17885587768780917,0.17885587768780917
285,252,-8.479487242952032,0.16275293946895672,-0.04914402145763848,-0.016887411200816063,-0.016693350985262898,0.16275293946895672
286,252,-7.174761482264984,0.11665939726657566,0.04876598490941713,-0.016311455765743908,0.03282660821493053,0.11665939726657566
287,252,-5.5671068112928594,0.006821739888209617,-0.09633661017181748,0.1723113791988944,-0.03348247650912113,0.1723113791988944
288,252,-6.049338934989109,0.12306645844872748,-0.15066058828554757,-0.08504557537878593,0.1970658556328586,0.1970658556328586
289,252,-2.956775084617732,-0.20544970060132045,-0.0974483204148486,0.1305176932294657,0.048072355274478125,0.20544970060132045
290,252,-6.960932557543174,0.08697513037054366,-0.06597391247540421,0.13279951926661035,-0.04844699937662018,0.13279951926661035
291,252,-4.347916022815909,-0.03367718662678497,0.10056022847309876,0.03330097311027845,-0.03256448045129192,0.10056022847309876
292,252,-8.081414206160645,0.1033678216601114,0.016020005458016733,-0.16222142113076254,0.39999999999999997,0.39999999999999997
293,252,-5.1238792943152305,-0.03883125283060261,0.04935639364032847,0.06492274731611955,0.0,0.06492274731611955
294,252,-5.98594853330016,-0.04525238071022942,0.04958508352445633,0.03388370737858486,0.27707367855809467,0.27707367855809467
295,252,-3.88045904874744,-0.11766606127121329,-0.015987215339548572,0.03269038851817778,0.0160986977887565,0.11766606127121329
296,252,-5.580915812407028,0.036411805654881675,-0.14843120879858798,0.11532109556408433,0.03297350406984682,0.14843120879858798
297,252,-9.972472256325915,0.16183092945378266,0.06515487600178647,0.08400692245562734,0.08195069690144598,0.16183092945378266
298,252,-5.049239996459534,-0.03936535590030126,-0.04958508352445633,-0.03434014098717225,-0.04876598490941713,0.04958508352445633
299,252,-5.833697432133931,-0.025234798878664293,-0.1662056238286335,0.016311455765743908,-0.06567976264690262,0.1662056238286335
300,252,-4.228782360432945,-0.03168935538513227,0.049830724632454505,0.032973504069846706,-0.11482355042883063,0.11482355042883063
301,252,-9.13782723270161,0.19687522920189696,0.0,0.03269038851817778,0.24395888392383738,0.24395888392383738
302,252,-3.592860808664838,-0.07532131909733282,0.016057136604691866,-0.0826869962019407,-0.11532109556408446,0.11532109556408446
303,252,-5.664441118317882,0.046370267690286994,-0.21043148449921759,0.016605660672154843,-0.08104142843194961,0.21043148449921759
304,252,-3.3473713551320117,0.023351522886393312,-0.1929220558087442,0.06540699401677286,-0.13102435641608365,0.1929220558087442
305,252,-4.830364316572911,0.07076714285739813,-0.09779720499582115,-0.10001389178307735,-0.08195069690144598,0.10001389178307735
306,252,-3.005434936787424,-0.11330402889364155,-0.24325212770526,-0.26176799640147536,-0.08104142843194961,0.26176799640147536
307,252,-5.236587195719125,0.0145704185612322,0.0,-0.016605660672154843,0.17829114255028908,0.17829114255028908
308,252,-2.4406810937990713,-0.1773733003764082,0.03269038851817766,0.016523847695440498,0.016523847695440727,0.1773733003764082
309,252,-7.744611367811103,0.017876021383069374,0.0,0.1305176932294657,-0.13157254088015372,0.13157254088015372
310,252,-9.387243558024934,0.1514793470023234,0.0807871469471804,0.08230522367501689,0.08230522367501678,0.1514793470023234
311,252,-5.805429054942493,-0.0010149452363199787,-0.01637694634940401,0.14778942783264992,-0.09712858623572654,0.14778942783264992
312,252,-8.695585322762184,0.04843819683564282,0.18087555371617964,0.0,0.2030692330267238,0.2030692330267238
313,252,-8.51033502691456,0.11816217567523128,0.050676687877664765,0.08195069690144575,0.08195069690144598,0.11816217567523128
314,252,-7.862901706604177,0.17676039327773008,-0.14843120879858798,0.16466623048469606,0.06597391247540421,0.17676039327773008
315,252,-1.7295644529594227,-0.20544677903849073,-0.24977461072431742,0.03330097311027845,-0.09683719348575995,0.24977461072431742
316,252,-2.8765896483553064,-0.11618404059706218,0.050676687877664765,0.06662966046527696,0.1305176932294657,0.1305176932294657
317,252,-6.208796089299469,-0.012246293942841817,0.06434062009777823,-0.03282660821493064,0.016787174126735378,0.06434062009777823
318,252,-8.57655209370948,0.06212689085260683,-0.08309707336430364,0.16797828517084895,0.06567976264690262,0.16797828517084895
319,252,-6.9393531795894745,0.03656725932277448,-0.0168874112008163,0.14719525726349564,0.08162245514079557,0.14719525726349564
320,252,-3.4530235115899472,-0.06095924524564907,-0.03215783206921668,-0.06662966046527696,0.01625103476679828,0.06662966046527696
321,252,-4.1613266259925155,-0.21163774948702754,-0.016195526603578262,-0.032973504069846706,0.19494807153143173,0.21163774948702754
322,252,-3.5482554636978563,0.13249920101912874,0.06471001082659238,-0.10056022847309865,-0.162757691754232,0.162757691754232
323,252,-5.06078795884801,-0.06690292919948179,-0.08131962797461241,0.1164324203450256,0.04935639364032846,0.1164324203450256
324,252,-0.813077225407099,0.09484848638272027,-0.23031425257483945,-0.1654079233947123,-0.23596995186213485,0.23596995186213485
325,252,-9.08548449723871,0.005937121907853529,0.2553584556621016,-0.01637694634940401,0.13279951926661038,0.2553584556621016
326,252,-4.978361488595866,0.060377283463723994,-0.03256448045129192,-0.13279951926661038,0.162757691754232,0.162757691754232
327,252,-8.305212138873117,0.2601393320352029,0.26271905058761047,-0.050094014498562496,-0.03224548418499746,0.26271905058761047
328,252,-5.841846298089209,-0.009423695009225007,0.0,0.01609869778875661,-0.03330097311027833,0.03330097311027833
329,252,-7.151771813407677,0.05658999775688911,0.16540792339471244,-0.06662966046527696,-0.15066058828554757,0.16540792339471244
330,252,-2.292235695773414,-0.0696702862092313,0.0164476798791585,-0.16334288009620027,0.016144789938174763,0.16334288009620027
331,252,-3.73358991514786,-0.01434747478631241,0.06492274731611955,-0.03330097311027845,-0.162757691754232,0.162757691754232
332,252,-6.069859945072338,-0.03010362865526364,0.06597391247540421,-0.016523847695440498,0.11393793003611218,0.11393793003611218
333,252,-7.186026789903778,0.08760546235038835,0.0331314780961287,0.03330097311027845,0.04876598490941714,0.08760546235038835
334,252,-8.620727328013501,0.040138676247071896,0.10001389178307747,0.11532109556408435,0.14664711502135347,0.14664711502135347
335,252,-1.1437115411728342,-0.3600729147083136,0.20988226919627262,-0.14912234662243798,0.04830861503963705,0.3600729147083136
336,252,-4.469635762932683,-0.04473343301044356,-0.0479739092880915,-0.0981761387347632,-0.01625103476679828,0.0981761387347632
337,252,-3.564446425303828,0.07415788450536548,-0.06451612903225806,-0.16797828517084898,0.08353662108385458,0.16797828517084898
338,252,-5.485997117630092,-0.06838547331959967,0.08309707336430364,-0.20711214923139915,0.016693350985262898,0.20711214923139915
339,252,-2.097234906153659,-0.1064020011115796,-0.11393793003611218,-0.10243323564400446,-0.14778942783264992,0.14778942783264992
340,252,-5.313991196216463,-0.00466198073814783,0.01652384769544073,0.09950371902099892,0.04876598490941714,0.09950371902099892
341,252,-4.600887462377628,0.023203688872431915,-0.13216372009101796,-0.1305176932294657,0.0,0.13216372009101796
342,252,-3.408579863477371,0.07468692713288219,-0.11704932817312284,0.1305176932294657,-0.23031425257483945,0.23031425257483945
343,252,-5.660336018574412,-0.03296176748108642,0.0331314780961287,-0.1794737712130681,0.30004167534923215,0.30004167534923215
344,252,-5.960626511554523,0.029084705869818994,0.06540699401677286,-0.06597391247540421,0.04935639364032846,0.06597391247540421
345,252,-5.896583775251543,0.009165006278461714,-0.03282660821493053,-0.09858611698511621,-0.06699312309016854,0.09858611698511621
346,252,-2.5100775516193607,-0.13925402001545137,-0.06662966046527696,-0.11841467234190459,0.01652384769544073,0.13925402001545137
347,252,-7.961730603861554,0.06063813813142617,0.1987888685767715,0.2837079174535775,0.0,0.2837079174535775
348,252,-5.319975670555863,0.025820264231950444,-0.06515487600178649,-0.05134021655291974,0.016311455765743794,0.06515487600178649
349,252,-8.202717467853759,0.1913699210131052,-0.16397850054841961,0.15442823221404453,-0.04876598490941713,0.1913699210131052
350,252,-4.137490012896265,-0.0389902932181218,-0.24651521285471384,0.016447679879158614,0.06451612903225806,0.24651521285471384
351,252,-9.199577207914174,0.12414664811611184,0.04876598490941713,-0.04914402145763871,0.06471001082659238,0.12414664811611184
352,252,-4.9795769284400535,0.038975415533431375,-0.06451612903225806,-0.1139379300361124,0.14778942783264992,0.14778942783264992
353,252,-3.76936813209241,-0.11855556701562305,-0.06540699401677286,-0.03282660821493064,0.1794737712130681,0.1794737712130681
354,252,-4.691151478859084,-0.05608672743333875,-0.06515487600178647,-0.03410467440859726,-0.16397850054841961,0.16397850054841961
355,252,-3.8107168250133014,0.0948579015895478,-0.2608965378392889,0.1970658556328586,-0.19435906451752108,0.2608965378392889
356,252,-5.218190095274323,-0.03692792688038012,-0.03256448045129192,-0.04876598490941714,-0.1794737712130681,0.1794737712130681
357,252,-4.834876211260379,0.012191837574692754,0.2851409958896212,-0.08504557537878595,-0.03348247650912113,0.2851409958896212
358,252,-3.2196425138985916,-0.2231849234408149,0.21104062954437794,-0.08309707336430376,0.12888147046219356,0.2231849234408149
359,252,-5.291954062649239,-0.059953831500213745,-0.01637694634940401,0.06823911939349404,0.09858611698511634,0.09858611698511634
360,252,-3.489289504921075,-0.09637802130075317,-0.016144789938174763,0.0491440214576387,-0.03244855405366681,0.09637802130075317
361,252,-6.882503643722174,0.06642289077049768,-0.0160986977887565,0.03282660821493064,0.06567976264690262,0.06642289077049768
362,252,-6.786478786217899,-0.03371634613460599,0.13279951926661038,0.2538183705155455,0.10114434748483461,0.2538183705155455
363,252,-4.656845991887849,0.08091745517871755,-0.11393793003611218,-0.24041642826490045,0.0,0.24041642826490045
364,252,-6.069321177989636,-0.21160687879106116,0.0995037190209988,0.0,0.016195526603578262,0.21160687879106116
365,252,-8.281694713701512,0.06051810530238004,0.1292341339502477,0.3136962587968716,-0.04958508352445633,0.3136962587968716
366,252,-1.5139641004713127,-0.18286705255359464,-0.11643242034502573,-0.016605660672154843,-0.04876598490941713,0.18286705255359464
367,252,-6.230301391864927,-0.16380093109976082,0.13499346141256544,-0.06540699401677286,0.0,0.16380093109976082
368,252,-10.705701932329063,0.200635425436044,0.23031425257483945,0.21713461347342167,0.016605660672154725,0.23031425257483945
369,252,-5.79756303401588,0.03417580787147723,-0.01652384769544073,-0.06597391247540421,0.1342123198723443,0.1342123198723443
370,252,-2.0327068287186734,-0.14467716434371952,0.1305176932294657,-0.1139379300361124,-0.016144789938174763,0.14467716434371952
371,252,-6.828663873795222,0.12763164546248143,-0.0799974401228736,-0.08195069690144575,0.11482355042883063,0.12763164546248143
372,252,-7.037853650482134,0.10651176337551466,-0.06515487600178649,-0.12082441866603533,0.08230522367501678,0.12082441866603533
373,252,-3.9080837909596795,-0.06585446029331335,-0.016787174126735378,0.016144789938174763,0.08450938930347111,0.08450938930347111
374,252,-3.5226268478760545,-0.06179224799789299,-0.13157254088015372,0.23346307108777453,-0.2117112224046785,0.23346307108777453
375,252,-6.124219312700006,0.0628465841541521,-0.1143629031433461,0.09950371902099892,0.048072355274478125,0.1143629031433461
376,252,-13.193476206961776,0.4583343482826132,0.1662056238286335,0.10243323564400446,0.1305176932294657,0.4583343482826132
377,252,-2.653397271824147,-0.12820065041821593,0.18251134839184677,-0.18544447870560357,-0.1962997276820284,0.1962997276820284
378,252,-3.4905443555595923,-0.15340985965399154,0.016605660672154725,0.032973504069846706,0.03282660821493053,0.15340985965399154
379,252,-5.048328196376019,-0.10096368821596219,0.21605239074718954,-0.04876598490941713,0.04818383473298543,0.21605239074718954
380,252,-4.619937453657471,-0.09364839858050038,0.04958508352445633,0.049830724632454394,-0.06567976264690262,0.09364839858050038
381,252,-6.0364248169606185,-0.06013575277954297,-0.14778942783264992,0.0,0.21605239074718954,0.21605239074718954
382,252,-8.52442543386286,0.20170825043810403,0.03348247650912113,0.06540699401677286,-0.03297350406984682,0.20170825043810403
383,252,-7.200249945924298,0.15166781314342678,-0.03234231136765743,-0.0826869962019407,0.04830861503963705,0.15166781314342678
384,252,-6.836241496385426,0.06700864467278013,-0.0160986977887565,0.06567976264690262,-0.04914402145763848,0.06700864467278013
385,252,-5.777019205325857,0.15846459740480948,0.01710839573839969,-0.14778942783264992,0.08131962797461241,0.15846459740480948
386,252,-7.1447036715319285,0.020191780315879555,0.26607604209509567,0.0,0.04914402145763848,0.26607604209509567
387,252,-5.039300716915591,-0.028635919012285467,0.06662966046527696,-0.04983072463245439,-0.06471001082659238,0.06662966046527696
388,252,-6.99020017359129,0.09878290644773922,0.03282660821493053,-0.016523847695440498,0.03224548418499746,0.09878290644773922
389,252,-6.810691560852135,0.04068126989095921,0.16620562382863352,-0.06823911939349404,0.08353662108385458,0.16620562382863352
390,252,-0.050112777274577525,-0.1896791469913782,-0.13279951926661038,-0.08230522367501689,-0.23128651015928153,0.23128651015928153
391,252,-6.847149562349131,0.023013161538741042,-0.20433118274318615,0.09902823945323525,0.04958508352445633,0.20433118274318615
392,252,-8.954817313022588,0.18654563433224255,0.13157254088015372,0.09902823945323525,0.016523847695440727,0.18654563433224255
393,252,-3.6790114894528614,0.05540143117715019,-0.23233514572576094,0.11841467234190459,-0.08230522367501678,0.23233514572576094
394,252,-0.39643193931475196,-0.24526116653803867,-0.04935639364032846,-0.1296237259056716,-0.0639202772100593,0.24526116653803867
395,252,-7.2389609853033505,0.1480458308317115,-0.3327331066072232,0.08078714694718017,-0.03269038851817766,0.3327331066072232
396,252,-2.8520615661267357,0.018082433114179414,-0.08034785573516881,0.1524220065843805,-0.11257424235312913,0.1524220065843805
397,252,-1.9484130166653841,-0.043455643704146056,-0.30151134457776374,-0.016311455765743908,-0.1305176932294657,0.30151134457776374
398,252,-4.362928033649482,0.02493746360258434,-0.29327476468811103,-0.14778942783264992,0.03215783206921668,0.29327476468811103
399,252,-5.537496180803046,0.17073058297139476,-0.14568333542253523,-0.10114434748483472,-0.03215783206921668,0.17073058297139476
400,252,-5.04851288153769,0.013954216788031864,-0.03297350406984682,-0.16620562382863338,0.0974483204148486,0.16620562382863338
401,252,-1.610018746499918,-0.18243301414054092,-0.09683719348575995,-0.11770941702795938,-0.10056022847309876,0.18243301414054092
402,252,-7.526997681220479,0.0665781204264566,0.06515487600178649,0.032973504069846706,0.0,0.0665781204264566
403,252,-8.565834615760977,0.17366482412559317,-0.3300042488320557,-0.06779661016949151,0.14568333542253523,0.3300042488320557
404,252,-5.603329174503429,0.05951624077275368,-0.21244496117875877,0.06567976264690262,0.0,0.21244496117875877
405,252,-4.263550260813744,-0.037663677254134866,-0.3603653156438298,0.14719525726349567,0.09683719348575995,0.3603653156438298
406,252,-1.365183236278412,-0.12916205473334452,0.04935639364032846,-0.15442823221404453,0.0,0.15442823221404453
407,252,-5.741256998708906,-0.14392663207464323,0.28237410625057513,0.05067668787766476,0.09683719348575995,0.28237410625057513
408,252,-2.7095873455860016,0.012553319436526263,-0.08104142843194961,-0.0687106737224096,-0.1662056238286335,0.1662056238286335
409,252,-5.920082190308165,0.04298726079340668,-0.050997845386547724,0.050094014498562496,-0.03269038851817766,0.050997845386547724
410,252,-0.9778147103445747,-0.11134101328624749,-0.11482355042883063,-0.267373168172058,0.06515487600178649,0.267373168172058
411,252,-9.411357273349708,0.17145819444706634,0.13279951926661038,0.06451612903225806,0.11585688927269827,0.17145819444706634
412,252,-7.5790518571414225,0.2552164729782231,0.18087555371617964,-0.016605660672154843,-0.06451612903225806,0.2552164729782231
413,252,-3.6357438461375295,0.051116928074451146,0.0,-0.15066058828554757,-0.1143629031433461,0.15066058828554757
414,252,-6.543360115131392,0.018371318028650975,0.016376946349404013,-0.06567976264690262,0.08309707336430364,0.08309707336430364
415,252,-3.61804034609726,-0.00836570157963276,0.04914402145763848,-0.08687444855261381,-0.016057136604691866,0.08687444855261381
416,252,-1.7990487142247389,-0.04526905878945958,0.049830724632454505,0.09902823945323525,-0.1816631500007223,0.1816631500007223
417,252,-7.525052344006255,-0.0020789608009501538,0.08131962797461241,0.20078234442307635,-0.1296237259056716,0.20078234442307635
418,252,-7.39816978118678,0.1376807763021058,0.2823741062505751,0.11841467234190459,-0.10001389178307747,0.2823741062505751
419,252,-3.418241438444767,-0.19741146907334542,0.18014640984344477,0.04983072463245439,0.13157254088015372,0.19741146907334542
420,252,-5.897503422916074,0.06952972503319235,0.11532109556408446,0.05037572072342046,0.03224548418499746,0.11532109556408446
421,252,-1.649361120030548,0.005835773140797363,-0.11643242034502573,-0.27893225640167035,-0.08195069690144598,0.27893225640167035
422,252,-7.453659282696606,0.12758811111701715,0.049830724632454505,-0.06699312309016854,0.04876598490941713,0.12758811111701715
423,252,-3.9924985543729434,-0.0041022625798146336,0.034104674408597144,0.06699312309016854,-0.1834225187400007,0.1834225187400007
424,252,-3.741311792073361,-0.015083480142247571,-0.3440081502034707,0.03313147809612858,-0.14719525726349555,0.3440081502034707
425,252,-6.739801497670626,-0.05273738684117883,0.04876598490941713,0.08400692245562734,-0.04894739214901862,0.08400692245562734
426,252,-6.8133225783170275,0.023734423060798926,0.11482355042883063,0.04958508352445633,0.06779661016949153,0.11482355042883063
427,252,-4.774894643633644,-0.005514168593537763,0.11532109556408446,0.06699312309016854,-0.06823911939349404,0.11532109556408446
428,252,-3.0194353738212953,-0.20353771775620152,-0.27893225640167063,-0.06597391247540421,0.1292341339502477,0.27893225640167063
429,252,-2.1970796102593226,0.050280101831370896,-0.04876598490941714,-0.16797828517084895,-0.2132437365106853,0.2132437365106853
430,252,-3.6575086603858864,-0.08434635334797701,-0.11393793003611218,-0.11704932817312284,0.06567976264690262,0.11704932817312284
431,252,-5.762585857047654,0.11112846513823116,0.09779720499582115,-0.016523847695440498,-0.16397850054841961,0.16397850054841961
432,252,-3.3007283223534074,-0.1601051608178361,0.06471001082659238,-0.070316255393463,0.04876598490941713,0.1601051608178361
433,252,-5.622349554132086,0.02152481238300412,-0.08400692245562721,-0.10243323564400446,0.16540792339471244,0.16540792339471244
434,252,-2.8330696774351765,0.03803657548888033,-0.04894739214901862,0.016693350985262898,-0.3429971702850176,0.3429971702850176
435,252,-2.6229253449507297,-0.02151950927120664,-0.10056022847309874,-0.18014640984344465,0.10001389178307747,0.18014640984344465
436,252,-5.756726385980301,-0.07946280960680244,-0.06597391247540421,0.016447679879158614,0.162757691754232,0.162757691754232
437,252,-3.260418886131376,-0.24661427032292907,0.04914402145763848,0.016787174126735496,0.23467349517937092,0.24661427032292907
438,252,-7.9832538768910695,0.053864660215981505,-0.01625103476679828,0.14664711502135322,0.11704932817312284,0.14664711502135322
439,252,-1.8482478054422842,-0.1637076638301087,0.13216372009101796,-0.16620562382863338,0.0,0.16620562382863338
440,252,-1.8156133864560076,-0.25895223201308204,-0.016057136604691866,-0.0981761387347632,-0.06492274731611955,0.25895223201308204
441,252,-2.5034428399010267,0.08748860957070838,-0.0826869962019407,-0.08309707336430376,-0.18251134839184677,0.18251134839184677
442,252,-5.961623753505378,0.05747288080851716,0.0,-0.016693350985262898,0.09594168517773206,0.09594168517773206
443,252,-7.622267307819442,0.036819082685778444,0.30151134457776374,-0.01710839573839969,0.06597391247540421,0.30151134457776374
444,252,-6.523962577883012,0.013743356501680352,0.04914402145763848,0.016447679879158614,-0.016523847695440727,0.04914402145763848
445,252,-4.465577284003942,0.0030175696498100355,0.016057136604691866,-0.050997845386547606,-0.26176799640147536,0.26176799640147536
446,252,-1.1426063847330283,-0.193564080370889,0.1143629031433461,0.0,0.09817613873476332,0.193564080370889
447,252,-5.251529042772489,-0.006471500382832091,0.04935639364032846,-0.033676524573407966,0.016144789938174763,0.04935639364032846
448,252,-4.305717582271313,-0.20609633127665275,0.18014640984344477,0.13582754059500468,-0.10001389178307749,0.20609633127665275
449,252,-4.944308451627862,-0.040432553222161015,0.04876598490941713,0.0,0.0826869962019407,0.0826869962019407
450,252,-5.122580549060572,0.04248706862398703,-0.06471001082659238,0.1177094170279594,0.06471001082659238,0.1177094170279594
451,252,-8.341449873393529,0.1107886848837208,0.14664711502135347,0.08687444855261381,0.11532109556408446,0.14664711502135347
452,252,-4.363800283033086,0.06313792202347131,0.0,-0.08400692245562733,-0.01625103476679828,0.08400692245562733
453,252,-7.9839280906357,0.15231116917468313,0.06451612903225806,-0.05067668787766476,0.22783059421644183,0.22783059421644183
454,252,-5.390259282764106,-0.04911134515172801,0.04876598490941713,-0.033131478096128576,0.14526525037324764,0.14526525037324764
455,252,-6.9720995814080595,-0.03339070442706264,0.1970658556328586,0.10056022847309866,0.08309707336430364,0.1970658556328586
456,252,-2.643335377519179,-0.029389844903254227,-0.0807871469471804,0.06662966046527696,-0.2637521893583148,0.2637521893583148
457,252,-4.688038460962375,-0.2430909557793334,0.06699312309016854,-0.03330097311027845,0.22941573387056166,0.2430909557793334
458,252,-3.537992684243335,-0.13322420430583495,-0.14912234662243823,-0.0687106737224096,0.08131962797461241,0.14912234662243823
459,252,-12.462179622677326,0.33736221809436073,0.08195069690144598,-0.01710839573839969,0.24651521285471384,0.33736221809436073
460,252,-5.667603615103076,0.04916973090359236,-0.0807871469471804,0.08504557537878593,-0.18087555371617964,0.18087555371617964
461,252,-8.473867979777978,0.1394081542708549,0.21829478980148911,0.05134021655291974,-0.1143629031433461,0.21829478980148911
462,252,-6.32180758063339,-0.04361935894627234,0.18439927112141233,0.016447679879158614,-0.11482355042883063,0.18439927112141233
463,252,-8.32877004777147,0.2984147857400104,-0.08195069690144598,-0.08162245514079568,0.10056022847309876,0.2984147857400104
464,252,-10.00070681470848,0.2517417830482322,0.0,0.08400692245562734,0.03244855405366682,0.2517417830482322
465,252,-4.297258798238062,0.06107019694636695,-0.32307972976119187,0.0673817120529209,-0.1801464098434448,0.32307972976119187
466,252,-4.711487471157227,-0.18242515247085123,0.0,0.13157254088015372,-0.13102435641608365,0.18242515247085123
467,252,-6.896892005392246,0.028833911863423087,-0.04876598490941713,0.13005121775247103,-0.031895046605474944,0.13005121775247103
468,252,-9.879006544550663,0.01772023927326021,0.04859932884790294,0.30658567818455756,0.11532109556408446,0.30658567818455756
469,252,-6.548839869573641,-0.061974414678060176,-0.03256448045129192,0.2497746107243177,-0.016311455765743794,0.2497746107243177
470,252,-9.095218742775785,0.1127595749674331,0.16466623048469595,0.20078234442307635,0.1816631500007223,0.20078234442307635
471,252,-5.131822942013002,-0.04549113862062709,-0.21324373651068532,0.0,0.01625103476679828,0.21324373651068532
472,252,-2.2775816382632,-0.044660420354301116,0.04914402145763848,-0.10176802973291374,-0.24473696074509285,0.24473696074509285
473,252,-2.1852010590458804,-0.0079847407695685,-0.04983072463245451,-0.1987888685767715,-0.06540699401677286,0.1987888685767715
474,252,-9.646413926344408,0.20284311163540544,-0.13157254088015372,0.06823911939349404,0.11393793003611218,0.20284311163540544
475,252,-5.0571983148884385,-0.029385853329743392,-0.11916727930898088,0.016887411200816063,0.16797828517084884,0.16797828517084884
476,252,-6.959901843817576,0.1355277869482018,0.03297350406984682,0.27893225640167035,-0.03234231136765743,0.27893225640167035
477,252,-4.018573190516392,-0.09045024871682193,-0.016693350985262898,0.18166315000072217,0.0,0.18166315000072217
478,252,-5.600962253297425,0.1319254625301325,0.16540792339471244,0.08230522367501689,-0.03297350406984682,0.16540792339471244
479,252,-5.278986937365801,0.0540088376580134,-0.09902823945323513,0.03282660821493064,-0.06540699401677286,0.09902823945323513
480,252,-2.2804056098969454,-0.028201475412629528,-0.11482355042883063,-0.149122346622438,-0.22501758018520487,0.22501758018520487
481,252,-12.407123362187562,0.3496379410903919,-0.04844699937662018,-0.09902823945323523,0.13157254088015372,0.3496379410903919
482,252,-3.144455761007933,-0.17269698941882564,-0.032826608214930525,-0.032973504069846706,-0.3440081502034707,0.3440081502034707
483,252,-9.086668843895865,0.09064900414194685,-0.01625103476679828,0.016605660672154843,0.08400692245562721,0.09064900414194685
484,252,-6.487238791350961,0.04040276423921608,0.04983072463245451,-0.16222142113076254,0.14843120879858798,0.16222142113076254
485,252,-3.111971650250041,-0.07501932509357243,-0.19789482211536186,0.033676524573407966,-0.08230522367501678,0.19789482211536186
486,252,-5.765316409562487,-0.03208637647502341,0.016376946349404013,0.049830724632454394,-0.1143629031433461,0.1143629031433461
487,252,-5.188854443256801,-0.127153826313413,0.13216372009101796,-0.03313147809612858,0.1801464098434448,0.1801464098434448
488,252,-7.0627274856502,0.03850788438395209,0.03282660821493053,-0.049356393640328344,0.0,0.049356393640328344
489,252,-3.8389733432681368,-0.08371656323772927,-0.13102435641608365,-0.09902823945323523,-0.2917299829957892,0.2917299829957892
490,252,-5.354953531584769,0.011211380390672647,0.0164476798791585,0.049356393640328344,-0.0995037190209988,0.0995037190209988
491,252,-5.858573751188345,-0.056515761298010884,0.0,-0.06699312309016854,-0.03244855405366681,0.06699312309016854
492,252,-7.847081896667163,0.12925696416977941,0.08162245514079557,0.0,0.07985447802730049,0.12925696416977941
493,252,-6.871393637211867,0.14776246484390734,-0.08055614605416073,-0.050094014498562496,0.11319069000971972,0.14776246484390734
494,252,-3.059019497279067,-0.08957439070383283,-0.3327331066072232,-0.14912234662243798,-0.0164476798791585,0.3327331066072232
495,252,-7.478513626611559,0.013026122173652302,0.08131962797461241,0.10056022847309863,0.0,0.10056022847309863
496,252,-2.566311762363867,-0.09100195110149932,-0.16540792339471244,-0.06629024923502592,0.1292341339502477,0.16540792339471244
497,252,-8.59239647929077,0.14758340655625551,0.03224548418499746,0.03434014098717225,-0.04859932884790294,0.14758340655625551
498,252,-2.2238390479215013,-0.262522896925549,-0.03330097311027833,-0.017359175306001808,0.03348247650912113,0.262522896925549
499,252,-8.952832560970577,0.07187124902831445,0.01625103476679828,0.09950371902099892,0.0807871469471804,0.09950371902099892
500,252,-9.247620302458827,0.19700212562475528,-0.0164476798791585,0.0826869962019407,0.13216372009101796,0.19700212562475528
501,252,-4.154573910332672,0.08424594647109919,-0.3114126482254941,0.06597391247540421,0.0164476798791585,0.3114126482254941
502,252,-9.945147836773359,0.021397444233985083,0.0,0.08162245514079568,0.2837079174535777,0.2837079174535777
503,252,-5.650619836347886,0.010283707887034003,-0.04894739214901862,-0.06597391247540421,-0.03330097311027833,0.06597391247540421
504,252,-5.479325815313331,-0.04600447880514678,-0.04914402145763848,0.14664711502135325,0.016020005458016733,0.14664711502135325
505,252,-4.790376534036753,-0.17906441857873293,-0.08131962797461241,-0.016787174126735496,0.18166315000072228,0.18166315000072228
506,252,2.141990455511376,-0.34409828863468367,-0.2110406295443779,-0.0856171914662227,-0.1305176932294657,0.34409828863468367
507,252,-9.192184656985319,0.07134501597687198,0.2637521893583148,0.11704932817312283,0.016523847695440727,0.2637521893583148
508,252,-5.120123613779924,-0.008750932389437298,-0.03256448045129192,0.03330097311027845,0.0,0.03330097311027845
509,252,-8.349979557878441,0.012021638889784986,-0.04876598490941714,0.16540792339471233,0.1305176932294657,0.16540792339471233
510,252,-4.47780410523049,-0.15248408514841075,-0.06492274731611955,-0.04958508352445633,0.09683719348575995,0.15248408514841075
511,252,-10.044782430323622,0.1762337306155063,0.11354752480535389,0.016523847695440498,0.11482355042883065,0.1762337306155063
512,252,-8.402744144700108,0.05544646580119112,-0.11482355042883063,0.0,0.06540699401677287,0.11482355042883063
513,252,-6.234889338335179,-0.0010384985905556364,0.11482355042883063,-0.09950371902099892,0.11585688927269827,0.11585688927269827
514,252,-3.1200646391728384,0.01917071791866684,-0.08055614605416073,-0.1342123198723443,-0.16706158440387578,0.16706158440387578
515,252,-9.843634274998621,0.21155584379669057,0.11643242034502573,0.0,0.06540699401677286,0.21155584379669057
516,252,-4.8855770907589715,-0.023204262128538322,-0.09858611698511634,0.03434014098717225,-0.01637694634940401,0.09858611698511634
517,252,-10.934944792444483,0.21186351312302232,0.16173270527973527,0.0856171914662227,0.1608931838805109,0.21186351312302232
518,252,-6.122703183928522,-0.053209257480743566,0.0826869962019407,0.050375720723420454,-0.04859932884790294,0.0826869962019407
519,252,-4.370558958911232,0.04122957149101133,-0.21504500987720673,0.050094014498562496,0.04894739214901862,0.21504500987720673
520,252,-7.2652260977397844,0.02151968657417404,0.14843120879858798,0.13102435641608365,0.16222142113076243,0.16222142113076243
521,252,-3.018987034112314,-0.07491857344387268,0.06699312309016854,-0.08504557537878593,0.14778942783264992,0.14778942783264992
522,252,-4.430093905092463,-0.09045417349065653,-0.08162245514079557,-0.016523847695440495,0.0,0.09045417349065653
523,252,-3.8678304016813314,-0.14039728541663618,0.11532109556408446,0.20306923302672383,-0.04958508352445632,0.20306923302672383
524,252,-5.352278964188173,-0.040686635378451956,0.0,0.06629024923502592,0.13005121775247103,0.13005121775247103
525,252,-2.0893055845957633,-0.171651690228936,0.0807871469471804,0.016523847695440498,-0.14488828009880916,0.171651690228936
526,252,-9.586686720287545,0.12033480498189066,0.11704932817312284,0.35606008475902323,0.21410964587899695,0.35606008475902323
527,252,-4.552188852412996,-0.001972275335886081,0.01625103476679828,-0.06629024923502592,-0.016311455765743794,0.06629024923502592
528,252,-2.3659410826416405,-0.07147165210915477,-0.1296237259056716,-0.06492274731611955,-0.3463394871967053,0.3463394871967053
529,252,-4.228895389350271,-0.026205367952750896,-0.21410964587899695,-0.06823911939349404,0.016605660672154725,0.21410964587899695
530,252,-4.588175509392869,-0.11078873542727741,0.016311455765743794,-0.22941573387056174,0.16054032476698377,0.22941573387056174
531,252,-5.339719417120918,0.11196560089739589,-0.08400692245562721,-0.050094014498562496,-0.18014640984344477,0.18014640984344477
532,252,-6.23327084685846,0.1712523555120283,-0.11319069000971972,-0.08195069690144574,0.06515487600178647,0.1712523555120283
533,252,-3.6874481723051247,-0.08186007005690321,-0.04876598490941713,-0.04876598490941713,-0.0160986977887565,0.08186007005690321
534,252,-5.441259933237404,0.06338693524241404,-0.08162245514079555,-0.21410964587899672,0.08230522367501678,0.21410964587899672
535,252,-6.135069916086039,0.1081630186022934,-0.06492274731611955,0.03388370737858486,-0.16023089886141118,0.16023089886141118
536,252,-3.200365577340065,-0.08859966874255122,-0.33590918243394513,-0.04958508352445633,-0.1305176932294657,0.33590918243394513
537,252,-7.490354878712083,0.026736057047721952,0.031895046605474944,-0.033131478096128576,0.09858611698511634,0.09858611698511634
538,252,-5.704114892623849,0.00145005755664524,-0.1177094170279595,-0.016376946349404013,0.14664711502135347,0.14664711502135347
539,252,-8.43924385463744,-0.1339470810048594,0.1296237259056716,0.13157254088015372,0.19494807153143173,0.19494807153143173
540,252,-6.974235748694326,-0.05202772318925824,0.0981761387347633,0.1139379300361124,-0.08131962797461241,0.1139379300361124
541,252,-6.499683666815528,0.12552939641502717,0.0995037190209988,-0.0856171914662227,0.13157254088015372,0.13157254088015372
542,252,-6.448557734415161,0.043605328876597196,-0.13582754059500465,-0.15339299776947418,0.23031425257483945,0.23031425257483945
543,252,-3.0817274801098193,-0.006439054228064576,0.09902823945323513,-0.24651521285471373,0.1296237259056716,0.24651521285471373
544,252,-4.336455205709839,0.024311587713828617,-0.2941742027072759,0.0,-0.2132437365106853,0.2941742027072759
545,252,-9.304241991095424,0.17535469090794195,0.1987888685767715,0.016605660672154843,-0.08195069690144598,0.1987888685767715
546,252,-5.1483234674623475,-0.04974416846035969,0.16466623048469595,-0.14986476643459062,0.09858611698511634,0.16466623048469595
547,252,-5.649259280471398,-0.00049569252802891,0.06629024923502592,-0.1158568892726985,-0.21324373651068532,0.21324373651068532
548,252,-11.003920942906447,0.24625969010168003,0.14912234662243823,0.2271110505216271,-0.016376946349404013,0.24625969010168003
549,252,-4.793510052515558,-0.0009588124339423287,0.11585688927269827,0.03388370737858486,-0.09612620041680033,0.11585688927269827
550,252,-3.5033571019821608,0.005153964777979959,0.08131962797461241,0.049830724632454394,-0.2851409958896212,0.2851409958896212
551,252,-5.68204701455565,0.060957976321182945,0.05209322610706238,-0.016447679879158614,-0.16466623048469595,0.16466623048469595
552,252,-0.5527052630485514,-0.1779598893049839,0.0,-0.16620562382863338,-0.0479739092880915,0.1779598893049839
553,252,-5.695918099263224,-0.007771361033836653,0.06540699401677286,-0.06699312309016854,-0.01625103476679828,0.06699312309016854
554,252,-5.677140852840665,-0.13166830815817016,0.03282660821493053,0.14778942783264992,0.14614357087864935,0.14778942783264992
555,252,-5.2534075784465415,-0.0894159512513001,-0.09858611698511634,0.03282660821493064,0.04935639364032847,0.09858611698511634
556,252,-0.6466491826687957,-0.2508923253295778,0.05009401449856226,-0.08309707336430375,-0.14778942783264992,0.2508923253295778
557,252,-5.60314508910821,-0.035682208395850686,0.11354752480535389,0.0826869962019407,-0.06515487600178649,0.11354752480535389
558,252,-6.797665037023947,-0.22456750645810084,0.3491041457412365,-0.06471001082659238,0.21104062954437794,0.3491041457412365
559,252,-9.193688734246095,0.21298570816340884,0.016994371546483433,0.08131962797461241,-0.04844699937662018,0.21298570816340884
560,252,-9.192201852291959,0.2232858004732726,0.0981761387347633,0.1139379300361124,-0.06492274731611955,0.2232858004732726
561,252,-6.908664381189169,-0.17297735474688244,0.016787174126735378,0.03388370737858486,0.21713461347342156,0.21713461347342156
562,252,-6.811617055195242,-0.02833709960250142,0.08162245514079557,-0.0673817120529209,0.13216372009101796,0.13216372009101796
563,252,-4.644485542834431,0.0879426032032879,0.08309707336430364,-0.06597391247540421,-0.09744832041484859,0.09744832041484859
564,252,-3.56910219782732,-0.11864065416467376,0.01625103476679828,-0.11996964417539861,0.08162245514079557,0.11996964417539861
565,252,-2.8258153614395383,-0.14528739757151138,-0.0974483204148486,-0.16620562382863338,0.016523847695440727,0.16620562382863338
566,252,-7.968032039713393,0.07299172748688966,-0.11996964417539861,-0.17000510022951149,0.06540699401677286,0.17000510022951149
567,252,-7.140444862275288,0.07149146158769444,-0.1794737712130681,0.1834225187400006,0.11482355042883065,0.1834225187400006
568,252,-7.417062004041938,0.06673205311638429,0.1143629031433461,0.23596995186213474,-0.1987888685767715,0.23596995186213474
569,252,-5.456449474996873,0.12829925989858176,0.04844699937662018,-0.1342123198723443,0.0,0.1342123198723443
570,252,-4.513494331868316,-0.16425518386555923,0.032157832069216685,0.1970658556328586,-0.11393793003611218,0.1970658556328586
571,252,-8.721784195163806,0.0826300871044599,0.0974483204148486,0.03256448045129181,0.1801464098434448,0.1801464098434448
572,252,-5.796122245250004,-0.0191015328066392,0.0,0.04859932884790282,-0.09779720499582115,0.09779720499582115
573,252,-5.792945372632374,0.006316331875957315,-0.11643242034502573,0.06662966046527696,-0.08131962797461241,0.11643242034502573
574,252,-5.096999160025476,-0.09700382710501584,-0.04859932884790294,0.22227906174285786,0.03234231136765743,0.22227906174285786
575,252,-8.165391290410838,0.12633329783691966,0.016376946349404013,-0.08353662108385433,0.23128651015928153,0.23128651015928153
576,252,-6.0148983921304335,-0.01983886350500994,0.11482355042883063,0.13671718540493263,0.0,0.13671718540493263
577,252,-1.6783391415056883,-0.18213898266061412,-0.19706585563285864,-0.06567976264690263,-0.24558833620630055,0.24558833620630055
578,252,-5.110562655763118,-0.10366303987548026,-0.16222142113076243,0.08309707336430376,0.08230522367501678,0.16222142113076243
579,252,-4.396896790272834,-0.00591871143676928,0.1843992711214123,0.016447679879158614,0.04958508352445633,0.1843992711214123
580,252,-6.031753400429565,0.07814960885590774,-0.15339299776947404,-0.016787174126735496,0.14778942783264992,0.15339299776947404
581,252,-2.7441442360742627,-0.1887682775915449,-0.14843120879858798,0.03348247650912125,0.03330097311027833,0.1887682775915449
582,252,-2.1322212407384455,-0.09487627763050711,0.29623860840448507,-0.016523847695440498,-0.2974089582579657,0.2974089582579657
583,252,-3.402460931501551,0.008860454654096347,-0.11482355042883065,0.0,-0.14488828009880916,0.14488828009880916
584,252,-6.314789468299992,0.010159145030951978,0.032342311367657424,-0.06567976264690262,0.1962997276820284,0.1962997276820284
585,252,-8.240257732134069,0.07531984233278852,-0.03215783206921668,0.28832201503194005,0.03256448045129192,0.28832201503194005
586,252,-6.419809357027319,0.06540338050581856,0.06540699401677286,0.06662966046527696,-0.06567976264690262,0.06662966046527696
587,252,-6.445384300962928,0.050479119809923964,0.14719525726349553,-0.06921285402059828,0.016195526603578262,0.14719525726349553
588,252,-2.4967435750980513,-0.06300197957849932,0.04935639364032846,-0.19789482211536183,-0.04876598490941713,0.19789482211536183
589,252,-0.3371669368798962,-0.2299080798077746,0.06699312309016854,0.13582754059500468,-0.22941573387056166,0.2299080798077746
590,252,-5.6623469566891345,-0.03336470310539716,-0.08309707336430364,0.13582754059500468,0.1801464098434448,0.1801464098434448
591,252,-3.7185069226949423,-0.08093678054866536,0.04983072463245451,0.016787174126735496,-0.13216372009101796,0.13216372009101796
592,252,-7.63446041947455,0.1979999507807366,0.2110406295443779,-0.11532109556408432,-0.016311455765743794,0.2110406295443779
593,252,-5.956171392745873,0.07517753666575724,-0.19494807153143173,0.016447679879158614,-0.04958508352445633,0.19494807153143173
594,252,-4.515811985746865,-0.05391527434583664,-0.08353662108385457,0.08353662108385433,-0.11231311618158328,0.11231311618158328
595,252,-3.193533030613267,-0.009209475818001338,0.06629024923502592,-0.01688741120081606,-0.09657341699694745,0.09657341699694745
596,252,-4.716044511209873,-0.06046326301858445,-0.14912234662243823,0.0,-0.03256448045129192,0.14912234662243823
597,252,-6.922770032284504,0.2290190686916915,0.09712858623572654,-0.016311455765743908,-0.08230522367501678,0.2290190686916915
598,252,-4.42871823154411,-0.07013960367860472,0.13157254088015372,-0.048947392149018505,0.11532109556408446,0.13157254088015372
599,252,-3.6632686795563387,-0.20486037865920476,0.08131962797461241,-0.11354752480535378,0.08230522367501678,0.20486037865920476
600,252,-6.214171026907849,0.009390327001798303,0.2117112224046785,-0.20433118274318615,0.13216372009101796,0.2117112224046785
601,252,-6.365912571184339,-0.08437650436219997,-0.13279951926661038,0.2660760420950957,0.03256448045129192,0.2660760420950957
602,252,-5.823717752539338,-0.09401323101421148,0.1143629031433461,0.10056022847309865,-0.09902823945323513,0.1143629031433461
603,252,-5.220755433838875,0.0761116805696491,-0.19494807153143173,0.2346734951793708,-0.09858611698511634,0.2346734951793708
604,252,-2.314298654558101,-0.15895607663363834,0.03297350406984682,0.0,-0.14664711502135347,0.15895607663363834
605,252,-3.239398169689096,-0.1147516240837206,-0.16334288009620038,0.15066058828554757,-0.03224548418499746,0.16334288009620038
606,252,-1.0939676516670005,-0.11990218100821794,-0.16222142113076243,-0.1890240853118817,-0.09657341699694745,0.1890240853118817
607,252,-9.606393123608626,0.03377477702155068,-0.0826869962019407,0.21410964587899672,-0.016195526603578262,0.21410964587899672
608,252,-2.3353160190371796,-0.2060681603731064,0.0,-0.08504557537878593,-0.16222142113076243,0.2060681603731064
609,252,-4.518434151833532,-0.09825358589103655,0.09779720499582115,0.03459089566371227,-0.11393793003611218,0.11393793003611218
610,252,-6.448504300276625,0.10516418194820201,-0.1834225187400007,-0.21713461347342167,0.14778942783264992,0.21713461347342167
611,252,-5.707411975376971,-0.01624079050308067,0.21324373651068532,-0.016787174126735496,-0.27707367855809467,0.27707367855809467
612,252,-7.289224843690917,0.010576379164234805,-0.03269038851817766,0.08162245514079568,0.04830861503963704,0.08162245514079568
613,252,-9.944107071080268,0.1274067704722414,0.27998953691868805,0.19975046777556893,0.14664711502135347,0.27998953691868805
614,252,-3.2791959605704477,-0.1265084430526483,0.0331314780961287,0.11532109556408435,-0.06540699401677286,0.1265084430526483
615,252,-10.438203238182993,0.0937900352483486,-0.0826869962019407,0.070316255393463,0.2182947898014891,0.2182947898014891
616,252,-6.582227714935087,-0.06568512231548622,0.10056022847309876,0.016693350985262898,0.06597391247540421,0.10056022847309876
617,252,-3.1175472473131975,-0.06969719192334657,-0.19789482211536183,0.04914402145763871,-0.18087555371617964,0.19789482211536183
618,252,-5.091837124462401,0.0666404773072751,-0.1498647664345905,-0.016251034766798053,-0.14843120879858798,0.1498647664345905
619,252,-5.4816315828948206,0.022251353075359245,-0.1955944099916425,0.1962997276820284,-0.3136962587968717,0.3136962587968717
620,252,-4.614143783451283,-0.08477299703722342,0.01625103476679828,0.016251034766798053,-0.04894739214901862,0.08477299703722342
621,252,-4.841043405289895,0.20048775349173834,-0.0974483204148486,-0.06662966046527695,-0.11257424235312913,0.20048775349173834
622,252,-3.510746958589124,-0.173732963208787,-0.15066058828554757,0.016693350985262898,0.0,0.173732963208787
623,252,-5.404301527895598,0.14607521269191256,0.08131962797461241,-0.29867549021998735,0.08034785573516881,0.29867549021998735
624,252,-10.037114259571126,0.21502884823866225,0.16540792339471244,0.2702563901282179,-0.14719525726349555,0.2702563901282179
625,252,-3.6852306013414022,-0.2991828101566624,0.1962997276820284,0.0,0.2117112224046785,0.2991828101566624
626,252,1.235602231962872,-0.24285845911005452,-0.2608965378392889,-0.08400692245562734,-0.04876598490941713,0.2608965378392889
627,252,-4.141861245404456,-0.01831592043394595,-0.11770941702795949,0.13102435641608365,-0.0981761387347633,0.13102435641608365
628,252,-2.9543465440792147,-0.13366187421556824,-0.09744832041484859,-0.06629024923502592,0.08055614605416073,0.13366187421556824
629,252,-2.15889243466944,-0.10546862521349981,-0.0826869962019407,-0.11841467234190459,0.0160986977887565,0.11841467234190459
630,252,-4.658701942234572,0.1443831730799893,-0.1296237259056716,-0.0697474050906156,-0.10056022847309876,0.1443831730799893
631,252,-2.6974709091316242,-0.16471116123621765,-0.33590918243394513,0.016523847695440498,-0.16706158440387578,0.33590918243394513
632,252,-2.3392302645112864,-0.34087253418205493,0.04876598490941713,-0.08309707336430375,0.06492274731611955,0.34087253418205493
633,252,-5.26008230186423,-0.02128353386017511,0.01678717412673538,0.050094014498562496,0.01625103476679828,0.050094014498562496
634,252,-0.8173644039396919,-0.2697096452883514,-0.09683719348575995,-0.19706585563285864,-0.12888147046219356,0.2697096452883514
635,252,-1.5180463663237589,-0.17764037089736323,0.08400692245562721,-0.10001389178307735,0.01652384769544073,0.17764037089736323
636,252,-5.1418769735272605,0.07448934397813582,-0.06662966046527696,0.04983072463245439,-0.0513402165529195,0.07448934397813582
637,252,-5.53763257615698,-0.06930353140324652,0.03297350406984682,0.0,0.01625103476679828,0.06930353140324652
638,252,-7.3060690902393475,0.253341728227683,-0.08162245514079557,-0.18656130384419653,0.08400692245562721,0.253341728227683
639,252,-7.370431125576118,0.19092301575430592,0.15151214565832502,0.1158568892726985,-0.016523847695440727,0.19092301575430592
640,252,-1.0021953693480867,-0.19105158250702062,-0.03256448045129192,-0.31057572176857146,0.14526525037324764,0.31057572176857146
641,252,-9.20396784879388,0.12886976527772306,0.18656130384419653,0.11841467234190459,0.016693350985262898,0.18656130384419653
642,252,-3.6751912900865733,-0.10692054098688052,-0.04894739214901862,-0.049830724632454394,-0.18251134839184677,0.18251134839184677
643,252,-7.327191481194873,0.11393583457607938,0.0,0.0,-0.04958508352445632,0.11393583457607938
644,252,-4.826830273446291,0.05657502275179002,-0.23233514572576094,-0.1296237259056716,-0.03224548418499746,0.23233514572576094
645,252,-4.790501320849742,-0.02082355969030211,-0.20078234442307635,-0.11704932817312284,0.0,0.20078234442307635
646,252,-4.792396619106825,0.017614571172615695,-0.13216372009101796,0.08400692245562734,0.04914402145763848,0.13216372009101796
647,252,-3.6666505897212858,-0.06343329687066275,-0.06699312309016854,-0.10176802973291374,0.03269038851817766,0.10176802973291374
648,252,-4.442351260352808,-0.018776130985800676,0.0807871469471804,0.0,-0.2851409958896212,0.2851409958896212
649,252,-4.784400598216294,-0.022003876616243038,0.03234231136765743,-0.13216372009101796,0.23031425257483945,0.23031425257483945
650,252,-4.7435059885877,0.07352273347615748,-0.06515487600178649,0.05067668787766476,-0.15066058828554757,0.15066058828554757
651,252,-3.872819746153837,-0.02193544574651283,0.0,0.18544447870560354,-0.352332131708822,0.352332131708822
652,252,-5.0061455266534125,-0.05675656323052439,0.016523847695440727,0.016311455765743908,0.04894739214901862,0.05675656323052439
653,252,-7.46790690003472,0.12339507967326845,0.0,-0.15151214565832516,0.03244855405366682,0.15151214565832516
654,252,-4.676505375976305,0.18437574644487661,-0.06540699401677284,-0.09779720499582126,-0.11319069000971972,0.18437574644487661
655,252,-3.580631083917737,-0.1333756765285326,0.033676524573408084,0.03313147809612858,-0.3687726352818682,0.3687726352818682
656,252,-2.760727902338175,-0.1350098038452117,0.16222142113076243,-0.2497746107243177,-0.1292341339502477,0.2497746107243177
657,252,-1.3136331423585688,-0.07500522922523024,-0.01625103476679828,-0.3125059177040126,-0.11482355042883065,0.3125059177040126
658,252,-7.099441771805942,0.11334891576388532,0.11286652959662011,0.016605660672154843,0.10001389178307747,0.11334891576388532
659,252,-3.0520950655241705,-0.08209282766829407,0.06471001082659238,0.016787174126735496,-0.19706585563285864,0.19706585563285864
660,252,-5.0150519248813055,-0.02198901816162906,-0.21244496117875877,-0.016311455765743908,0.06451612903225806,0.21244496117875877
661,252,-8.005267924239334,0.022282206313956093,-0.08131962797461241,0.18087555371617986,0.21410964587899695,0.21410964587899695
662,252,-9.430629704701857,0.04396481751108364,0.2439588839238374,0.17885587768780908,0.016376946349404013,0.2439588839238374
663,252,-9.659946970515392,0.310992874371317,0.09817613873476332,-0.1987888685767715,0.23735633163877054,0.310992874371317
664,252,-6.281034733916201,0.1785683537068186,-0.22783059421644183,-0.03282660821493064,0.032826608214930525,0.22783059421644183
665,252,-2.744691417656597,0.02676074795373297,0.0,-0.2346734951793708,-0.08104142843194961,0.2346734951793708
666,252,-5.387161860121864,-0.012786585945014578,-0.01625103476679828,-0.06629024923502592,0.11482355042883063,0.11482355042883063
667,252,-6.542034275493535,0.07199955096581537,-0.11393793003611218,-0.04914402145763871,0.09902823945323513,0.11393793003611218
668,252,-4.2422987347165275,-0.04943983671129729,-0.11704932817312284,0.01637694634940401,-0.03200921998322388,0.11704932817312284
669,252,-8.18871450071697,0.019706231602514498,0.03256448045129192,0.0489473921490185,0.03330097311027833,0.0489473921490185
670,252,-3.03709787027519,-0.1156432607247298,-0.23467349517937092,-0.06471001082659238,-0.11532109556408446,0.23467349517937092
671,252,-8.252544309602342,0.0906268926623729,0.016376946349404013,-0.016447679879158614,0.0,0.0906268926623729
672,252,-3.946886847091676,0.01391694584474255,0.08230522367501678,0.017229859028885408,-0.06629024923502592,0.08230522367501678
673,252,-5.123815484197252,0.01314726013662286,-0.05009401449856226,-0.0489473921490185,-0.01637694634940401,0.05009401449856226
674,252,-3.934242894290037,-0.06080076144142792,0.0164476798791585,0.03410467440859726,0.016311455765743794,0.06080076144142792
675,252,-2.8967981636539974,-0.11493297419828909,-0.31041359424622483,-0.13216372009101793,-0.04914402145763847,0.31041359424622483
676,252,-2.8358328369214405,-0.13340269574177577,-0.05009401449856225,-0.03224548418499757,0.03269038851817766,0.13340269574177577
677,252,-1.948074331549904,-0.15098232921881002,-0.24558833620630055,0.016693350985262898,-0.034104674408597144,0.24558833620630055
678,252,-4.7095447747967825,-0.1757458930624224,0.03282660821493053,0.09950371902099892,-0.13216372009101796,0.1757458930624224
679,252,-4.084387525734471,-0.14806547568714962,-0.16334288009620038,0.08504557537878593,0.016605660672154725,0.16334288009620038
680,252,-4.7144697606428,0.08807742176884913,-0.03215783206921668,-0.06471001082659236,-0.14719525726349553,0.14719525726349553
681,252,-8.853058651673322,0.06461761079627394,0.21829478980148911,0.09858611698511621,0.18544447870560365,0.21829478980148911
682,252,-6.744830634393665,0.1509705799743781,-0.03269038851817766,0.16397850054841973,-0.11286652959662011,0.16397850054841973
683,252,-3.1870555273650183,-0.060742752486621435,-0.1962997276820284,-0.06662966046527696,-0.1305176932294657,0.1962997276820284
684,252,-6.36878088648497,0.06207462211288537,0.16466623048469595,0.06699312309016854,-0.04894739214901862,0.16466623048469595
685,252,-1.7720975699311623,-0.11328880677972994,-0.03200921998322388,-0.28237410625057524,0.0810414284319496,0.28237410625057524
686,252,-2.9591583401865478,-0.11128139695183742,0.0,-0.18014640984344465,-0.1955944099916425,0.1955944099916425
687,252,-6.379625687558246,0.11881669670862399,0.14664711502135347,-0.0491440214576387,0.08055614605416073,0.14664711502135347
688,252,-6.399860224815413,0.11991960467435964,-0.13102435641608365,0.01699437154648355,0.03330097311027833,0.13102435641608365
689,252,-2.4758326380817124,-0.018493969614919465,-0.11482355042883065,-0.11704932817312284,-0.18166315000072228,0.18166315000072228
690,252,-5.411640414464685,-0.03754689702114368,-0.06471001082659238,0.0,0.016195526603578262,0.06471001082659238
691,252,-8.335119133014402,0.02736611238084657,0.1498647664345905,0.1484312087985881,0.18251134839184677,0.18251134839184677
692,252,-5.306578802402896,0.028811043750881418,0.06540699401677286,-0.15066058828554757,0.033676524573408084,0.15066058828554757
693,252,-4.420124890770552,-0.05355245018701065,0.11436290314334611,-0.21829478980148886,0.0,0.21829478980148886
694,252,-6.894663963464197,0.14082923514949797,0.13279951926661038,0.050676687877664765,0.11393793003611218,0.14082923514949797
695,252,-0.2185404911573272,-0.2192054607176341,-0.15066058828554757,-0.10001389178307735,-0.06540699401677286,0.2192054607176341
696,252,-5.434430800227801,-0.014232607297459442,0.14843120879858798,-0.016447679879158614,0.03256448045129192,0.14843120879858798
697,252,-2.5896020723827604,0.02176774343232963,-0.06540699401677286,-0.2718510664122339,-0.04894739214901862,0.2718510664122339
698,252,-3.4589182501182876,-0.2590536414721734,-0.24977461072431742,0.1987888685767715,-0.0673817120529209,0.2590536414721734
699,252,-6.3536257222031765,0.08819676701447075,0.016523847695440727,0.0,0.0826869962019407,0.08819676701447075
700,252,-5.096946863564426,-0.06341386327333887,-0.11319069000971972,0.2030692330267238,0.06451612903225806,0.2030692330267238
701,252,-7.863892808960358,0.05014440208354943,0.08162245514079557,0.21504500987720687,0.11319069000971972,0.21504500987720687
702,252,-3.945637857516431,-0.18415702777573834,0.04983072463245451,0.0,-0.08131962797461241,0.18415702777573834
703,252,-5.704377290664127,0.0790477551862776,-0.08450938930347111,-0.08131962797461241,0.03256448045129192,0.08450938930347111
704,252,-5.196558063884794,-0.24300390465523303,0.016144789938174763,0.3163811735841356,-0.06471001082659238,0.3163811735841356
705,252,-1.1877994954690791,-0.2249747098353425,-0.03256448045129192,-0.03269038851817778,-0.016195526603578262,0.2249747098353425
706,252,-5.12390047079559,-0.03671411876697841,0.08230522367501678,0.050375720723420454,-0.03256448045129192,0.08230522367501678
707,252,-11.251365661006176,0.22384957252630386,0.016376946349404013,-0.050997845386547606,0.260102435504942,0.260102435504942
708,252,-2.9967247574636815,-0.020615460903868597,-0.0974483204148486,-0.11482355042883065,-0.09633661017181748,0.11482355042883065
709,252,-8.820297917790953,0.10543114921887065,0.1296237259056716,0.017108395738399687,0.2132437365106853,0.2132437365106853
710,252,-3.062266141641615,0.005013195805567543,-0.03234231136765743,0.15066058828554757,-0.25103064406543596,0.25103064406543596
711,252,-3.436877886460266,-0.07191401719777106,0.016144789938174763,0.03330097311027845,-0.08131962797461241,0.08131962797461241
712,252,-6.157403000760567,-0.0494272071662622,0.0,-0.01637694634940401,0.13216372009101796,0.13216372009101796
713,252,-5.508910947894563,-0.014920494600832602,-0.03297350406984682,0.0,-0.016195526603578262,0.03297350406984682
714,252,-8.730551056271764,0.19098717994383296,-0.06471001082659238,0.11841467234190457,-0.04844699937662018,0.19098717994383296
715,252,-3.2797285261195555,-0.04279931550175447,-0.19975046777556893,-0.06699312309016854,0.01625103476679828,0.19975046777556893
716,252,-9.09534892604168,0.19736532145726168,-0.04876598490941714,0.19037810293146243,-0.04935639364032847,0.19736532145726168
717,252,-5.791131272916147,0.027622981511954307,-0.08016176935523037,-0.11532109556408435,-0.06662966046527696,0.11532109556408435
718,252,-3.868402592059198,0.04049333590632739,-0.18251134839184677,-0.04935639364032835,-0.21504500987720676,0.21504500987720676
719,252,-2.7775339544926965,-0.2293890255401845,0.08104142843194961,0.03234231136765754,-0.016144789938174763,0.2293890255401845
720,252,-6.703320977550831,0.07082513106848726,0.13005121775247103,-0.06597391247540421,0.016311455765743794,0.13005121775247103
721,252,-3.8343781632434144,-0.04334647198734894,-0.04894739214901862,-0.1723113791988944,0.04844699937662018,0.1723113791988944
722,252,-1.9143412406730533,-0.20452858474548927,-0.06699312309016854,-0.06597391247540421,0.01593435817568429,0.20452858474548927
723,252,-1.9628099607216427,-0.13804022226148457,-0.13157254088015372,-0.09779720499582127,-0.28237410625057513,0.28237410625057513
724,252,-7.015857330494811,0.09136441584141361,0.03269038851817766,-0.04983072463245439,0.14719525726349555,0.14719525726349555
725,252,-5.676687088468569,0.008318694173984882,0.0,0.0,0.21713461347342153,0.21713461347342153
726,252,-3.0878622229748345,-0.0009752490792603061,0.04935639364032846,-0.15795551935844304,0.016311455765743794,0.15795551935844304
727,252,-8.088596033046443,0.10768009963155047,0.016311455765743794,0.04958508352445633,0.09712858623572652,0.10768009963155047
728,252,-6.441689105034584,0.000983322198774547,-0.08353662108385458,0.0,0.32122745862895763,0.32122745862895763
729,252,-6.996428131384093,-0.00992354512358941,-0.05009401449856226,0.06567976264690262,0.08230522367501678,0.08230522367501678
730,252,-7.86656162340924,0.14159555560731468,-0.06662966046527696,0.20188749869296685,-0.049830724632454505,0.20188749869296685
731,252,-8.214052223236123,0.08018135931399072,0.20078234442307635,-0.05037572072342046,0.19382591213771905,0.20078234442307635
732,252,-5.798873513134737,-0.02210889402149316,0.15066058828554757,0.016693350985262898,0.1955944099916425,0.1955944099916425
733,252,-4.332286330591202,-0.09482330848450013,-0.2439588839238374,0.03330097311027845,0.11482355042883063,0.2439588839238374
734,252,-4.899724551199597,0.012658731692281697,0.06662966046527696,-0.19706585563285864,0.016376946349404013,0.19706585563285864
735,252,-6.045969828374652,0.07402921273731487,-0.1801464098434448,-0.22783059421644172,0.13157254088015372,0.22783059421644172
736,252,-2.579194983168364,-0.028369036982108065,0.05037572072342058,-0.21713461347342167,0.03348247650912113,0.21713461347342167
737,252,-4.224079107650766,0.09576778565084394,-0.4017334253290583,-0.016447679879158614,-0.4036036763977875,0.4036036763977875
738,252,-1.6881306749318838,-0.15730002305974616,-0.11532109556408446,-0.016311455765743908,-0.21104062954437794,0.21104062954437794
739,252,-3.389632718059943,-0.08540368865363658,0.1834225187400007,-0.13102435641608365,-0.19435906451752108,0.19435906451752108
740,252,-5.029740841305411,0.033851153673363464,-0.13157254088015372,0.049830724632454394,-0.1305176932294657,0.13157254088015372
741,252,-7.467899666036516,0.11232876406440284,-0.0995037190209988,-0.25103064406543585,0.0807871469471804,0.25103064406543585
742,252,-6.789333014768445,0.1572735406131,-0.01625103476679828,-0.049356393640328344,0.06540699401677286,0.1572735406131
743,252,-5.9655050420088855,-0.09970370413292214,-0.4017334253290583,-0.017359175306001808,0.22783059421644183,0.4017334253290583
744,252,-8.728403287289638,0.28715707138403324,0.13348172885319998,-0.032973504069846706,0.08034785573516881,0.28715707138403324
745,252,-3.732366509834648,0.0035803764807074575,-0.13216372009101796,-0.16466623048469606,-0.08353662108385457,0.16466623048469606
746,252,0.26933451059286995,-0.2659768048422299,-0.13102435641608365,-0.09950371902099892,-0.06597391247540421,0.2659768048422299
747,252,-6.880120265539219,0.14248264488978907,0.09902823945323513,0.050676687877664765,-0.14843120879858798,0.14843120879858798
748,252,-3.1584717242544684,0.05063351359245256,-0.11532109556408446,-0.06921285402059826,-0.0826869962019407,0.11532109556408446
749,252,-4.0034517108910705,0.018664922801588848,-0.08162245514079557,-0.03330097311027846,-0.0673817120529209,0.08162245514079557
750,252,-4.908740724339637,-0.1552264700849876,-0.08162245514079555,-0.09902823945323525,0.14664711502135347,0.1552264700849876
751,252,-6.145919715941815,0.1538640255850354,-0.03256448045129192,0.016693350985262898,0.0974483204148486,0.1538640255850354
752,252,-8.784135061573565,0.08896791866707587,0.048947392149018616,-0.16466623048469606,0.25722940774499237,0.25722940774499237
753,252,-6.352901132517104,-0.06615451335342545,-0.04830861503963704,0.11704932817312284,-0.06597391247540421,0.11704932817312284
754,252,-2.2464135445245574,-0.1821254285401239,0.15066058828554757,-0.18251134839184677,0.016195526603578262,0.18251134839184677
755,252,-9.334829186954877,0.022587542493664094,0.0995037190209988,0.2702563901282179,-0.0331314780961287,0.2702563901282179
756,252,-3.6592855994897633,-0.18905253583052997,0.05009401449856226,-0.09902823945323523,0.06699312309016854,0.18905253583052997
757,252,-7.561630225121789,0.03365866068921435,0.06492274731611955,-0.016693350985262898,0.06471001082659238,0.06492274731611955
758,252,-3.2934576905867914,-0.012453364630992269,-0.1296237259056716,-0.016144789938174763,-0.10056022847309876,0.1296237259056716
759,252,-7.3657823664084106,-0.11811924964166962,-0.06471001082659238,0.2359699518621347,-0.03269038851817766,0.2359699518621347
760,252,-6.475189665225727,0.20812594849794477,-0.08055614605416073,-0.19975046777556893,0.14843120879858798,0.20812594849794477
761,252,-6.113938712156354,-0.09252492736215064,0.01722985902888529,-0.08353662108385433,0.13279951926661038,0.13279951926661038
762,252,-6.715089255148001,0.08074921465926753,-0.01625103476679828,0.03313147809612858,0.08162245514079557,0.08162245514079557
763,252,-6.063961029134575,0.09555920655499847,0.08230522367501678,0.11704932817312284,0.03256448045129192,0.11704932817312284
764,252,-2.608769764243135,-0.06254802734564897,0.0331314780961287,-0.10176802973291374,-0.08104142843194961,0.10176802973291374
765,252,-7.655537089102552,0.0715290015012699,0.06597391247540421,-0.03282660821493064,0.03256448045129192,0.0715290015012699
766,252,-7.048836643298159,-0.040596288322523356,-0.16334288009620038,0.1342123198723443,-0.06451612903225806,0.16334288009620038
767,252,-5.267236129521081,0.0004851243027427882,0.24977461072431742,0.0324485540536667,-0.22858856621589518,0.24977461072431742
768,252,-2.426585297548286,-0.023008611305978324,0.0,-0.4793508701785305,0.17829114255028908,0.4793508701785305
769,252,-1.9445933061104483,-0.0627790404738092,-0.06567976264690262,-0.08195069690144574,-0.28113578708659853,0.28113578708659853
770,252,-6.79515561592595,0.14255488244976702,-0.0974483204148486,0.0,-0.04894739214901862,0.14255488244976702
771,252,-2.98304175070966,-0.1294671070710502,-0.0974483204148486,-0.0981761387347632,-0.06699312309016854,0.1294671070710502
772,252,-2.220446278756853,-0.1939697206541469,-0.03244855405366682,-0.08309707336430375,-0.01625103476679828,0.1939697206541469
773,252,-5.716675956949871,-0.0009623873535328667,0.09858611698511634,0.04958508352445633,-0.01625103476679828,0.09858611698511634
774,252,-5.458633297633611,0.0696758070459324,0.11532109556408446,-0.0673817120529209,-0.016144789938174763,0.11532109556408446
775,252,-5.883391207863127,-0.00466959113042239,0.06451612903225806,-0.01637694634940401,0.064183054380568,0.06451612903225806
776,252,-6.542359260706803,-0.07453452264799722,0.016887411200816303,0.06699312309016854,0.0995037190209988,0.0995037190209988
777,252,-8.303342696952555,0.046047286860556445,0.04935639364032846,0.050094014498562496,0.14425411105030345,0.14425411105030345
778,252,-7.003370165883624,0.14458988705142056,0.016311455765743794,0.13766529085714074,-0.19706585563285864,0.19706585563285864
779,252,-6.2184495197988525,0.08292632039030916,-0.03269038851817766,0.08450938930347111,0.09858611698511634,0.09858611698511634
780,252,-6.684067988392442,0.11686997904996703,-0.28370791745357776,0.13499346141256544,0.14843120879858798,0.28370791745357776
781,252,-7.952843911587365,0.07835919400726957,0.0,0.23735633163877065,-0.0164476798791585,0.23735633163877065
782,252,-3.42275154587837,0.1469237874772487,-0.17622006003818474,-0.19975046777556893,-0.03215783206921668,0.19975046777556893
783,252,-2.60629154585763,-0.16405152947467538,0.08230522367501678,-0.016787174126735496,-0.13279951926661038,0.16405152947467538
784,252,-11.20799110228917,0.16801065530168988,0.11482355042883065,0.09950371902099892,0.06629024923502592,0.16801065530168988
785,252,-0.9267430096198694,-0.20472940465185427,-0.11393793003611218,0.03282660821493064,-0.11532109556408446,0.20472940465185427
786,252,-7.853849535509212,0.19355977927008625,0.04935639364032846,0.14986476643459062,0.09817613873476332,0.19355977927008625
787,252,1.7366125072323229,-0.2380465689157634,-0.37788794390784364,-0.23467349517937078,0.048947392149018616,0.37788794390784364
788,252,-8.884733225436676,-0.032984091017853295,0.08268699620194071,0.1177094170279594,0.09858611698511634,0.1177094170279594
789,252,-4.872799192850408,-0.05113621451584762,-0.0164476798791585,-0.09779720499582126,0.04935639364032846,0.09779720499582126
790,252,-5.201168076403491,0.058856616181407,-0.01625103476679828,-0.03313147809612858,0.09902823945323513,0.09902823945323513
791,252,-3.5297268996658744,0.09441836844720787,0.13005121775247103,-0.19975046777556893,-0.0639202772100593,0.19975046777556893
792,252,-7.343929693611173,0.10176870645330131,0.19435906451752108,-0.08622612271184542,-0.016311455765743794,0.19435906451752108
793,252,-6.422842768129243,-0.04563724521371379,-0.049830724632454505,0.06567976264690263,0.20078234442307635,0.20078234442307635
794,252,-4.200724084343847,-0.1669937217836175,0.016144789938174763,0.032973504069846706,0.01637694634940401,0.1669937217836175
795,252,-4.932459351007523,-0.03593567429933453,0.23233514572576094,-0.03269038851817778,0.09902823945323513,0.23233514572576094
796,252,-8.892668859514245,-0.06745333156177309,0.19494807153143173,0.24860550508181412,0.1834225187400007,0.24860550508181412
797,252,-7.453481573612692,0.2679066185849556,0.03256448045129192,-0.050094014498562496,0.14719525726349553,0.2679066185849556
798,252,-3.214309498427724,0.04568007799483085,-0.09902823945323512,-0.220863052149693,0.04958508352445633,0.220863052149693
799,252,-4.906308108427311,-0.2006971666676398,0.09902823945323513,0.16540792339471233,-0.19254916314170403,0.2006971666676398
800,252,-7.274624856433874,0.042014427614825045,0.09712858623572652,0.2359699518621347,0.03256448045129192,0.2359699518621347
801,252,-2.764280214345206,-0.1898904515602313,-0.1662056238286335,-0.016787174126735496,0.03282660821493053,0.1898904515602313
802,252,-3.435122211590567,-0.14276055499759507,-0.21953634561060953,-0.06823911939349404,0.20188749869296685,0.21953634561060953
803,252,-8.952690957470622,0.11782809423346555,0.0,0.03313147809612858,0.1955944099916425,0.1955944099916425
804,252,-2.873028882249514,-0.12169729089635782,-0.13348172885319998,-0.2346734951793708,0.0331314780961287,0.2346734951793708
805,252,-2.847967159307302,-0.35280317123802973,0.0,0.1342123198723443,0.04830861503963705,0.35280317123802973
806,252,-5.0323753370198006,0.12286029203730939,-0.12856486930664499,0.048947392149018505,-0.03297350406984682,0.12856486930664499
807,252,-3.6851486023256683,-0.008064980217388973,-0.18544447870560365,-0.03313147809612858,0.04935639364032846,0.18544447870560365
808,252,-0.4794240074022298,-0.24867503407911104,0.03234231136765743,-0.03282660821493064,-0.09712858623572652,0.24867503407911104
809,252,-5.23633421091651,0.10751467703710207,0.03282660821493053,0.016693350985262898,-0.21244496117875877,0.21244496117875877
810,252,-5.012368717059886,-0.0995795128476316,0.1292341339502477,-0.2837079174535775,0.1794737712130681,0.2837079174535775
811,252,-3.2385687236242973,-0.20292336283077367,0.03224548418499746,0.033676524573407966,0.11286652959662011,0.20292336283077367
812,252,-6.4701146002809224,-0.06779509004066162,0.08195069690144598,0.08195069690144574,0.06597391247540421,0.08195069690144598
813,252,-8.0806301934348,0.037393177876118615,-0.16397850054841961,0.14778942783264992,0.015987215339548572,0.16397850054841961
814,252,-7.634901386115359,0.11640902124259674,0.18087555371617964,0.06597391247540421,-0.06540699401677286,0.18087555371617964
815,252,0.9294383224709009,-0.2956833070609618,-0.14664711502135347,-0.23596995186213474,0.03244855405366682,0.2956833070609618
816,252,-10.133529672309479,0.0960310004303793,-0.2182947898014891,0.23735633163877065,0.15066058828554757,0.23735633163877065
817,252,-5.480917840860158,-0.14769725744884032,-0.13216372009101796,0.23346307108777453,0.03256448045129192,0.23346307108777453
818,252,-3.6354324091978327,-0.11373513688849904,-0.06540699401677286,-0.0673817120529209,0.016605660672154725,0.11373513688849904
819,252,-5.629191940994829,-0.06304041729441959,0.2439588839238374,-0.0826869962019407,0.08309707336430364,0.2439588839238374
820,252,-7.942768107636098,0.24892874319150868,-0.016605660672154725,-0.08353662108385433,0.0,0.24892874319150868
821,252,-3.417900417962457,-0.04285326567150829,-0.08104142843194961,-0.016144789938174763,-0.2110406295443779,0.2110406295443779
822,252,-6.100641328765846,0.171427781350356,0.19706585563285864,-0.0673817120529209,-0.03256448045129192,0.19706585563285864
823,252,-8.784085757137305,0.12639662535594604,0.05009401449856226,-0.13102435641608365,0.1143629031433461,0.13102435641608365
824,252,-11.385040407257748,0.2778281975135124,0.016523847695440727,-0.050375720723420454,0.27893225640167063,0.27893225640167063
825,252,-8.106525064262328,0.16028923977280327,0.03269038851817767,0.13671718540493263,0.03244855405366682,0.16028923977280327
826,252,-5.281947346046266,-0.013218488676031067,-0.08195069690144598,-0.033676524573407966,0.16540792339471244,0.16540792339471244
827,252,-4.3795980035524735,-0.15800999618057515,0.03348247650912113,-0.016447679879158614,0.16466623048469595,0.16466623048469595
828,252,-6.3868876299430895,-0.0004757381197451124,-0.1305176932294657,-0.13005121775247103,0.14912234662243823,0.14912234662243823
829,252,-8.857444581785586,0.21975844019469587,0.08450938930347111,0.2497746107243177,-0.162757691754232,0.2497746107243177
830,252,-5.069848477475176,0.014349719356434023,0.23128651015928153,-0.2837079174535775,-0.14719525726349553,0.2837079174535775
831,252,-6.593924264215218,-0.031075363202804164,-0.01625103476679828,-0.050094014498562496,0.39323132184913956,0.39323132184913956
832,252,-8.325137559989756,0.1470547892245615,0.0331314780961287,0.016605660672154843,-0.06492274731611954,0.1470547892245615
833,252,-7.759365966328048,0.05982965320671101,-0.155531140908005,0.06567976264690262,0.016605660672154725,0.155531140908005
834,252,-2.3222591013402223,-0.15853886631051525,-0.16334288009620038,-0.20188749869296685,0.03348247650912113,0.20188749869296685
835,252,-4.705034830350257,-0.1693459460951646,0.06699312309016854,0.08353662108385433,-0.0995037190209988,0.1693459460951646
836,252,-3.475231096473223,-0.062403714263949056,0.13005121775247103,0.09858611698511621,-0.13005121775247103,0.13005121775247103
837,252,-5.581375907936348,-0.09893096064009733,-0.015958688549710567,0.1987888685767715,-0.08055614605416073,0.1987888685767715
838,252,-7.917317861999209,0.3378580154228137,0.06451612903225806,0.016605660672154843,-0.162757691754232,0.3378580154228137
839,252,-3.9771251402524967,0.03218540244273497,-0.16397850054841961,0.06515487600178649,-0.1292341339502477,0.16397850054841961
840,252,-4.751390884411364,-0.05248876475867904,-0.11482355042883065,-0.14986476643459062,0.11257424235312913,0.14986476643459062
841,252,-8.904490718143066,0.10176718144572171,0.09683719348575995,0.17000510022951149,0.06567976264690262,0.17000510022951149
842,252,-7.031747735174477,0.08659091532645481,0.049830724632454505,0.13279951926661035,0.0807871469471804,0.13279951926661035
843,252,-4.508697128375488,-0.16593279690848486,0.20078234442307635,-0.05037572072342046,0.13102435641608365,0.20078234442307635
844,252,-8.237325269147817,0.2456677023808992,-0.05009401449856225,-0.08195069690144575,-0.016376946349404013,0.2456677023808992
845,252,-5.649123644832201,0.03519896570694997,0.03256448045129191,-0.21244496117875877,0.11257424235312913,0.21244496117875877
846,252,-6.215469992422726,0.030335579532121293,0.13582754059500465,-0.09744832041484872,0.0826869962019407,0.13582754059500465
847,252,-1.7091189130285471,-0.10840767998889357,-0.016057136604691866,0.033676524573407966,-0.16089318388051094,0.16089318388051094
848,252,-7.297266208901817,0.08154370870834517,0.1987888685767715,-0.13005121775247103,0.08034785573516881,0.1987888685767715
849,252,-5.097767924748339,-0.09086815508882533,0.03297350406984682,-0.016523847695440498,0.032826608214930525,0.09086815508882533
850,252,-0.9733065648986496,-0.21441087222948796,-0.17829114255028908,0.156705509296671,-0.016787174126735378,0.21441087222948796
851,252,-5.28305923477383,0.02312170113451328,-0.08230522367501678,-0.08309707336430376,-0.06471001082659238,0.08309707336430376
852,252,-8.71983564796166,0.07578333964141473,0.21410964587899695,0.0,0.21104062954437794,0.21410964587899695
853,252,-8.064682837741316,0.012012485576406792,0.23467349517937094,-0.03282660821493064,0.14425411105030345,0.23467349517937094
854,252,0.3073661446794489,-0.2473483970823694,-0.18251134839184677,-0.2702563901282179,-0.13279951926661038,0.2702563901282179
855,252,-3.053713621513239,-0.05914740732271906,0.15066058828554757,-0.049356393640328344,-0.13157254088015372,0.15066058828554757
856,252,-9.220115528465513,0.3146352247980107,0.14719525726349555,0.13005121775247103,-0.1305176932294657,0.3146352247980107
857,252,-4.032992616021019,0.1366297100949244,0.10001389178307747,-0.2702563901282179,-0.1662056238286335,0.2702563901282179
858,252,-5.414755009779967,-0.10369517610601053,-0.03244855405366682,0.0,0.19382591213771905,0.19382591213771905
859,252,-6.287421628555677,0.09367999303864952,0.12856486930664499,0.05037572072342046,-0.13005121775247103,0.13005121775247103
860,252,-10.481660044375488,0.22026173260482232,0.2117112224046785,0.3194969890758898,0.03269038851817767,0.3194969890758898
861,252,-8.665678651396462,0.08234898177187197,0.016787174126735378,0.18014640984344465,-0.04958508352445633,0.18014640984344465
862,252,-7.8081944476482334,0.10336776081780799,0.09858611698511634,0.04958508352445633,-0.12888147046219356,0.12888147046219356
863,252,-6.429084075279093,0.22585818839309,0.14614357087864935,-0.20078234442307635,0.032079140624165454,0.22585818839309
864,252,-5.950489425445497,0.03752389794714969,0.04818383473298543,0.0,0.0,0.04818383473298543
865,252,-6.7313136023910545,0.19203941733992025,-0.19435906451752108,0.09779720499582126,-0.25656712701743567,0.25656712701743567
866,252,-2.890288883075172,-0.09157382780455708,-0.0331314780961287,0.0,-0.016311455765743794,0.09157382780455708
867,252,-3.8024348290817613,-0.10569416872843841,-0.016311455765743794,-0.08230522367501689,-0.06629024923502592,0.10569416872843841
868,252,-7.605618822737782,0.08257040552659171,0.11916727930898087,0.08230522367501689,0.14719525726349553,0.14719525726349553
869,252,-3.6945227781354077,0.06421701523257194,-0.24651521285471384,-0.10001389178307735,-0.016144789938174763,0.24651521285471384
870,252,-5.351870390304285,0.05671046701950477,0.04844699937662018,0.0826869962019407,-0.22783059421644183,0.22783059421644183
871,252,-7.215323206065548,0.2648431777033177,-0.24558833620630055,-0.04935639364032835,0.14568333542253523,0.2648431777033177
872,252,-8.000800588639791,0.08596086170131331,0.22858856621589518,0.19789482211536183,-0.016693350985262898,0.22858856621589518
873,252,-7.042667103393768,0.0721563292784252,0.03282660821493053,0.06699312309016854,0.03244855405366681,0.0721563292784252
874,252,-3.4712118117058424,-0.13013991525369045,0.08195069690144598,-0.08450938930347111,-0.0164476798791585,0.13013991525369045
875,252,-3.0792879558963477,-0.2013468759777831,0.11393793003611218,0.04914402145763871,-0.14526525037324764,0.2013468759777831
876,252,-7.590904252953351,0.18611439893405962,0.01625103476679828,0.0,-0.016311455765743794,0.18611439893405962
877,252,-6.473022037057703,0.07968821601196283,0.09712858623572654,-0.03330097311027845,0.1794737712130681,0.1794737712130681
878,252,-5.05535083638371,0.09361491906316456,0.14778942783264992,-0.050094014498562496,-0.0826869962019407,0.14778942783264992
879,252,-2.4387814796851472,-0.2220087778516696,0.06492274731611955,-0.06567976264690262,-0.03224548418499746,0.2220087778516696
880,252,-7.398608765126397,-0.09405255357837723,0.13005121775247103,0.08309707336430376,0.09858611698511634,0.13005121775247103
881,252,-9.112913716197966,0.14457980086342276,0.03224548418499746,0.20078234442307635,-0.016144789938174763,0.20078234442307635
882,252,-5.473865643829896,0.021602247995047785,0.14568333542253523,-0.06823911939349404,0.20188749869296685,0.20188749869296685
883,252,-5.294383447450983,-0.051821508406692744,0.2117112224046785,-0.08034785573516881,-0.11188191501373282,0.2117112224046785
884,252,-6.498288346140882,-0.04750606332724947,0.04935639364032846,0.05037572072342046,0.06515487600178649,0.06515487600178649
885,252,-7.600152006695751,0.15012277642166064,-0.09633661017181748,-0.06567976264690262,0.11482355042883063,0.15012277642166064
886,252,-6.618125777552137,0.004017935412472405,0.0,0.01699437154648355,-0.18166315000072228,0.18166315000072228
887,252,-6.2607982864787175,-0.046845034791491415,0.2587384909412604,0.0,0.05037572072342058,0.2587384909412604
888,252,-4.490908959108481,-0.0061997623599139165,-0.22941573387056166,0.0,-0.13216372009101796,0.22941573387056166
889,252,-4.25992386292377,-0.020535427218289697,-0.10056022847309876,0.03410467440859726,-0.14568333542253523,0.14568333542253523
890,252,-5.14304334436811,-0.012165262693894398,0.03330097311027833,0.03269038851817778,-0.08195069690144598,0.08195069690144598
891,252,-7.131615021873515,0.10874786140420897,-0.1662056238286335,0.0,0.0,0.1662056238286335
892,252,-2.066907749385848,-0.1386020241292875,0.03330097311027833,-0.2359699518621347,-0.0981761387347633,0.2359699518621347
893,252,-7.478342937498169,0.04558151367850175,-0.08131962797461241,0.1834225187400006,-0.016020005458016733,0.1834225187400006
894,252,-7.508005322760482,0.02088864303775014,0.03297350406984682,0.0673817120529209,-0.04830861503963704,0.0673817120529209
895,252,-8.201979699566863,0.010155680176890548,-0.06434062009777823,0.08450938930347111,0.08309707336430364,0.08450938930347111
896,252,-3.1062606981749497,-0.05958095893461678,-0.11286652959662011,-0.13279951926661035,0.03282660821493053,0.13279951926661035
897,252,-9.935643940768202,0.1269110197830953,0.0981761387347633,0.13157254088015372,0.04844699937662018,0.13157254088015372
898,252,-7.20859518617776,0.08116104904315444,-0.03282660821493053,0.21504500987720687,-0.06540699401677286,0.21504500987720687
899,252,-4.2893499303662,-0.009469444343818594,-0.11585688927269827,0.13216372009101796,-0.09657341699694745,0.13216372009101796
900,252,-3.644800663114083,-0.07859557038606121,0.14614357087864935,0.0,-0.09683719348575995,0.14614357087864935
901,252,-3.7365763112667736,-0.04006685655731687,-0.03269038851817767,-0.09902823945323523,0.08450938930347111,0.09902823945323523
902,252,-4.6010862316719425,-0.10381396825517067,-0.08195069690144598,0.06597391247540421,-0.04983072463245451,0.10381396825517067
903,252,-5.116452482661273,-0.1652125524815742,-0.03282660821493053,0.09950371902099892,0.11393793003611218,0.1652125524815742
904,252,-11.104300880758515,0.2861132697694806,0.11704932817312284,0.22378894868737523,-0.016195526603578262,0.2861132697694806
905,252,-5.887604627258625,-0.1036716803956293,0.09779720499582115,0.06779661016949153,0.14778942783264992,0.14778942783264992
906,252,-5.89725758760882,0.04137400886318434,-0.08104142843194961,-0.13279951926661035,0.04894739214901862,0.13279951926661035
907,252,-3.2373362603318583,-0.05438266941194292,-0.1662056238286335,0.1448882800988089,-0.0974483204148486,0.1662056238286335
908,252,-2.86114824278971,0.017251741989748322,-0.04935639364032846,-0.016605660672154843,-0.21324373651068532,0.21324373651068532
909,252,-10.648207513954517,0.262922097019159,0.06779661016949151,0.0,0.11841467234190434,0.262922097019159
910,252,-9.816939716044104,0.036828822304163226,0.016693350985262898,0.2660760420950957,0.1794737712130681,0.2660760420950957
911,252,-2.7810929219730696,-0.1956350017700903,-0.11257424235312913,-0.11482355042883065,0.06515487600178647,0.1956350017700903
912,252,-6.522909787018932,-0.0800952093173164,-0.048947392149018616,0.23346307108777453,-0.06471001082659238,0.23346307108777453
913,252,-5.193775349435555,0.0662129200604369,0.1292341339502477,0.06492274731611955,-0.21244496117875877,0.21244496117875877
914,252,-4.331661864423083,-0.07248402804170596,0.1143629031433461,0.11704932817312283,-0.14664711502135347,0.14664711502135347
915,252,-1.7392418409356623,-0.2026163083839609,-0.1962997276820284,0.03388370737858486,-0.1816631500007223,0.2026163083839609
916,252,-2.936612089424287,-0.10822870237461553,0.0,0.016447679879158614,-0.04859932884790294,0.10822870237461553
917,252,-7.733905353100852,-0.05209752321708385,0.13766529085714074,0.016195526603578373,0.1662056238286335,0.1662056238286335
918,252,-6.659506896150987,0.09195491669766738,-0.04876598490941714,0.16895845568892595,0.06515487600178647,0.16895845568892595
919,252,-1.5199639313619855,-0.08516466985463018,0.21713461347342153,-0.4831655966170785,0.09712858623572654,0.4831655966170785
920,252,-1.9197123858262302,-0.0528387104975931,-0.395574541147319,-0.08309707336430376,-0.08309707336430364,0.395574541147319
921,252,-6.253738220483385,0.09114954861276486,0.08230522367501678,0.18544447870560354,-0.1962997276820284,0.1962997276820284
922,252,-10.52070503573168,0.250410661922442,0.2171346134734215,0.016447679879158614,0.0,0.250410661922442
923,252,-5.782471492036436,-0.0009611718491940114,0.03282660821493053,0.04958508352445633,0.06492274731611955,0.06492274731611955
924,252,-6.3188123300911485,0.12893456914126772,-0.15066058828554757,0.06699312309016854,-0.2237889486873755,0.2237889486873755
925,252,-4.87785027179244,-0.005629098739569802,0.2171346134734215,0.15242200658438051,0.016605660672154725,0.2171346134734215
926,252,-10.695467713025103,0.20011200371534926,0.365500953116719,0.2837079174535775,0.016693350985262898,0.365500953116719
927,252,-6.563855256717602,0.08241833973200723,-0.0807871469471804,0.11532109556408435,0.032826608214930525,0.11532109556408435
928,252,-6.14057906355562,0.12613167974227962,0.14664711502135347,-0.06629024923502592,-0.14568333542253523,0.14664711502135347
929,252,-3.3525184407359063,-0.1055544999831971,0.034590895663712394,0.09950371902099892,-0.08195069690144598,0.1055544999831971
930,252,-3.1322390652407677,-0.05510613329400873,-0.09902823945323513,-0.16222142113076254,0.01625103476679828,0.16222142113076254
931,252,-5.487668588917742,0.018134119879788073,0.14912234662243823,-0.03269038851817778,0.0,0.14912234662243823
932,252,-3.102895660867574,0.03345679445782729,-0.09779720499582115,-0.06699312309016854,-0.015987215339548572,0.09779720499582115
933,252,-7.299573827026919,0.1303301839560654,-0.11643242034502573,-0.04859932884790282,0.14778942783264992,0.14778942783264992
934,252,-6.202834411895722,0.0852444767279184,0.11354752480535389,-0.03313147809612858,-0.01637694634940401,0.11354752480535389
935,252,-10.25918399963453,0.20139602014722383,0.3149868412851043,0.10001389178307735,0.11482355042883065,0.3149868412851043
936,252,-3.9288827885813333,-0.11102401950877633,0.1292341339502477,-0.050094014498562496,0.11354752480535389,0.1292341339502477
937,252,-6.720295474655742,0.12861630490544004,0.10056022847309874,0.1139379300361124,-0.03200921998322388,0.12861630490544004
938,252,-1.3780584326417227,-0.1009405321275772,-0.28370791745357776,-0.1834225187400006,-0.23596995186213482,0.28370791745357776
939,252,-5.059403242791063,-0.16800331728384635,-0.21244496117875877,0.03348247650912125,0.14614357087864935,0.21244496117875877
940,252,-8.140927911477576,0.13155224935294885,0.033676524573408084,0.14719525726349564,-0.1801464098434448,0.1801464098434448
941,252,-3.7397898335566566,0.02352930999455394,0.28370791745357776,0.01710839573839969,-0.11286652959662011,0.28370791745357776
942,252,-10.138770730982813,0.23875121331998136,0.21504500987720673,0.0,0.1292341339502477,0.23875121331998136
943,252,-2.7470492626597007,-0.17883531223844942,-0.03282660821493053,-0.13157254088015372,0.0,0.17883531223844942
944,252,-7.533158278119743,0.14802422057454268,0.016251034766798282,0.048947392149018505,-0.16466623048469595,0.16466623048469595
945,252,-6.711414685272686,0.1148249867188398,-0.1498647664345905,0.18166315000072217,-0.0164476798791585,0.18166315000072217
946,252,-8.621830632999632,0.0840500741259494,-0.11482355042883065,0.13157254088015372,-0.1143629031433461,0.13157254088015372
947,252,-6.950719168944218,0.1298399087081018,0.0995037190209988,0.08400692245562734,-0.016523847695440727,0.1298399087081018
948,252,-4.436025433627506,-0.10276127757601898,0.01625103476679828,-0.06662966046527696,0.06567976264690262,0.10276127757601898
949,252,-7.613714309803356,0.13626918462310136,0.0810414284319496,0.08504557537878593,0.0,0.13626918462310136
950,252,-2.8015229275937656,-0.0739791493997622,-0.11354752480535389,-0.033676524573407966,-0.14719525726349555,0.14719525726349555
951,252,-1.4459877238891181,-0.28282721148537804,-0.11482355042883063,-0.13216372009101793,0.13005121775247103,0.28282721148537804
952,252,-5.32088092313397,0.046981113743116615,0.21104062954437794,0.19789482211536183,-0.27707367855809467,0.27707367855809467
953,252,-9.129859878193912,0.13050785590189046,0.17829114255028908,0.13766529085714074,0.03244855405366682,0.17829114255028908
954,252,-6.765651835445354,0.04632506807832616,0.11354752480535389,0.08162245514079568,0.0,0.11354752480535389
955,252,-7.4150268613934855,0.02602445602341895,-0.03282660821493053,0.3451212979965994,-0.19435906451752108,0.3451212979965994
956,252,-7.059796927826596,0.04359896467777557,-0.08400692245562721,0.08309707336430375,0.032079140624165454,0.08400692245562721
957,252,-4.392320295040136,-0.10769148737012384,-0.06597391247540421,0.016447679879158614,0.18014640984344477,0.18014640984344477
958,252,-4.870612518890198,-0.04840042753563731,0.0826869962019407,0.11643242034502561,0.06699312309016854,0.11643242034502561
959,252,-10.31231788455267,-0.014841249039723524,0.11585688927269827,0.06662966046527696,0.14488828009880916,0.14488828009880916
960,252,-3.6426225060635886,-0.21037243709592102,0.14843120879858798,0.0,0.05009401449856225,0.21037243709592102
961,252,-7.130939436144544,0.306694235748463,-0.14843120879858798,-0.19789482211536183,0.04935639364032846,0.306694235748463
962,252,-7.932369252782038,0.14447339083282632,-0.1305176932294657,0.03282660821493064,-0.04844699937662018,0.14447339083282632
963,252,-5.307811775754544,0.03061608175912731,-0.033676524573408084,0.08162245514079568,0.016693350985262898,0.08162245514079568
964,252,-8.818193429176276,0.009111102833912131,-0.09779720499582115,0.1342123198723443,0.1498647664345905,0.1498647664345905
965,252,-7.28870184791829,0.046644547465695164,-0.033676524573408084,0.051704928906741034,-0.13279951926661038,0.13279951926661038
966,252,-10.06423486484411,0.05641790678146499,0.06540699401677286,0.1158568892726985,0.0,0.1158568892726985
967,252,-9.387150196546273,0.27685849347292907,0.14664711502135347,0.10114434748483472,-0.06540699401677286,0.27685849347292907
968,252,-2.2109614495609264,-0.08299390017249812,-0.03269038851817766,-0.16466623048469606,0.016311455765743794,0.16466623048469606
969,252,-2.923663391901684,-0.1428631452287936,-0.016787174126735378,-0.22783059421644172,0.06471001082659238,0.22783059421644172
970,252,-2.8607937757767132,-0.007652610539319054,0.049830724632454505,-0.2141096458789967,-0.1794737712130681,0.2141096458789967
971,252,-6.907025743860146,0.01624182048376226,-0.04818383473298543,0.016195526603578377,-0.0850455753787858,0.0850455753787858
972,252,-3.9118981596954256,-0.06019204007604077,0.06540699401677286,-0.04935639364032835,-0.2917299829957892,0.2917299829957892
973,252,-7.392172956420907,0.11575071849046074,0.08309707336430364,-0.13102435641608365,0.01652384769544073,0.13102435641608365
974,252,-0.18336781096290622,-0.18813303569951667,-0.04807235527447813,-0.2900795820544422,0.08131962797461241,0.2900795820544422
975,252,-4.26384308694341,-0.07994893751128691,0.0,-0.016447679879158614,0.06434062009777822,0.07994893751128691
976,252,-2.3282693739957807,-0.03800093930641741,0.04894739214901862,-0.050997845386547606,-0.29623860840448507,0.29623860840448507
977,252,-7.022178084266102,0.053091242705068376,-0.0673817120529209,0.04958508352445633,0.08309707336430364,0.08309707336430364
978,252,-0.7461885480808803,-0.2565688957200525,0.0164476798791585,0.016523847695440498,0.0,0.2565688957200525
979,252,-6.9709456064666,0.13902663155983647,-0.06492274731611955,-0.10176802973291374,0.16334288009620038,0.16334288009620038
980,252,-8.013310911750182,-0.0346477922811172,0.06404305140067547,0.016605660672154843,0.13005121775247103,0.13005121775247103
981,252,-6.947340378222066,0.02172072204116315,-0.03269038851817766,0.016447679879158614,0.1816631500007223,0.1816631500007223
982,252,-5.214443729856299,-0.00901086915810851,0.18656130384419653,0.03282660821493064,-0.050676687877664765,0.18656130384419653
983,252,-9.02985921799575,0.157674237611269,0.16540792339471244,0.0826869962019407,-0.033676524573408084,0.16540792339471244
984,252,-4.683981057703832,-0.15205703579957766,0.0,-0.15242200658438051,0.40777659961835083,0.40777659961835083
985,252,-9.304051543964903,0.1341964923716641,-0.032826608214930525,0.15066058828554757,0.1305176932294657,0.15066058828554757
986,252,-6.814793911236492,-0.01860462241426562,0.0,0.21713461347342164,-0.06515487600178649,0.21713461347342164
987,252,-6.210257150713389,-0.01909481907159488,0.18439927112141233,0.13499346141256544,0.04914402145763848,0.18439927112141233
988,252,-5.446644397705967,0.04815810979262555,-0.13216372009101796,-0.12082441866603531,0.19706585563285864,0.19706585563285864
989,252,-8.972102434016833,0.06602186915396782,0.06492274731611955,0.13348172885319998,-0.04935639364032846,0.13348172885319998
990,252,-9.411003860423179,0.20769852565279082,0.14843120879858798,-0.06540699401677286,0.016523847695440727,0.20769852565279082
991,252,-7.522290503368623,0.05033058486105786,0.0,0.0,-0.04983072463245451,0.05033058486105786
992,252,-2.7292663044793386,-0.2400564694348672,-0.016605660672154725,0.11482355042883065,0.01637694634940401,0.2400564694348672
993,252,-2.6446427554742513,-0.1559484066659818,-0.17885587768780917,-0.04914402145763871,-0.016195526603578262,0.17885587768780917
994,252,-5.651489142920468,-0.08928505417079124,0.0981761387347633,-0.03410467440859726,0.1143629031433461,0.1143629031433461
995,252,-1.851751242174899,-0.2164032479018117,0.11643242034502573,-0.08309707336430375,0.08195069690144598,0.2164032479018117
996,252,-2.3534258602448404,-0.12268320912584454,0.0164476798791585,-0.14912234662243798,-0.04844699937662018,0.14912234662243798
997,252,-1.5389845870825525,-0.09381024512825221,0.01637694634940401,-0.2117112224046786,-0.04859932884790294,0.2117112224046786
998,252,-5.675052239236464,0.0290405097718353,-0.04859932884790294,0.13499346141256544,0.06567976264690262,0.13499346141256544
999,252,-3.468912825939526,-0.17138827541384322,-0.13348172885319998,0.2182947898014889,-0.08131962797461241,0.2182947898014889
1000,252,-7.29860239361679,0.12200742339102695,-0.06451612903225806,0.03256448045129181,0.0,0.12200742339102695
