Age_Median,Sex,T_Unified,N_Unified,Histology_Unified,Treatment,RMST_0,S60_0,S120_0,RMST_1,S60_1,S120_1,RMST_Difference
67.0,Female,T4A,N0,Adenoid cystic carcinoma,0,68.29067314503426,0.5238573040331127,0.3348648778608343,65.69550699915675,0.49864129764552445,0.30804626352750214,-2.5951661458775135
90.0,Male,T3,N0,unspecified neoplasms,0,30.714738002364633,0.15242153616332696,0.04145734638100217,28.577064652024024,0.1320415759239882,0.0325177876660612,-2.1376733503406093
87.0,Male,T4A,N2,Squamous cell carcinoma,1,26.0727526656971,0.10875897360901843,0.023418862450265438,24.189739042956695,0.09182161888162696,0.01758569487845652,-1.8830136227404033
87.0,Male,T4A,N0,Squamous cell carcinoma,0,39.60421660853794,0.2398634987589905,0.08929223243043564,37.11480497677985,0.21510666073744664,0.07426054047667398,-2.489411631758088
87.0,Male,T3,N3,Squamous cell carcinoma,0,40.13102249053488,0.24511631624840896,0.09262610746593858,37.62611287251437,0.2201809666198089,0.0772489445157521,-2.5049096180205126
77.0,Female,T3,N0,Carcinoma ex pleomorphic adenoma,0,84.34034951584442,0.6769437357437675,0.5167393544157197,82.22885850488414,0.6570876514834032,0.4913527940015377,-2.111491010960279
67.0,Male,T3,N0,Acinar cell carcinoma,0,84.14635696458795,0.6751230338456323,0.5143897805493156,82.0270826253946,0.6551857004261259,0.4889485977928933,-2.1192743391933533
82.0,Male,T3,N2,Adenocarcinoma,0,51.271606706011994,0.3564080291930407,0.17451518305410715,48.56693920195343,0.3294275651755568,0.1527506862423521,-2.7046675040585626
82.0,Male,T4A,N2,Mucoepidermoid carcinoma,1,48.24286365648861,0.3261907841596415,0.15021968920568204,45.56926830536854,0.29946656657446497,0.12998972705994155,-2.6735953511200705
57.0,Female,T3,N0,Adenoid cystic carcinoma,0,88.90398891741377,0.7195684522801848,0.572988975507555,86.9883059762694,0.7017240392581822,0.5491515493036889,-1.915682941144368
77.0,Male,T4A,N0,Adenoid cystic carcinoma,0,57.257790115245825,0.4158275277008054,0.22654189653131307,54.538841201678885,0.3888976780881482,0.20227617403623163,-2.7189489135669405
62.0,Female,T3,N0,Carcinoma NOS,0,79.97491018765429,0.6357972049640916,0.46471631047134865,77.69925778707598,0.6142021412480871,0.43832224309226314,-2.275652400578309
62.0,Female,T4A,N0,Acinar cell carcinoma,0,77.28744174412668,0.6102834540906789,0.4336005472476401,74.92244466606752,0.5877154568505253,0.4068167774211841,-2.3649970780591616
90.0,Male,T3,N0,Squamous cell carcinoma,0,50.66556502794664,0.35036824181491466,0.16954028388558667,47.96579360192041,0.32342293698929364,0.1480691131877165,-2.6997714260262313
42.0,Female,T3,N0,Mucoepidermoid carcinoma,0,103.9616707230593,0.8574675885292127,0.7708948452944216,102.85433138707481,0.8474655547909298,0.7557403050976744,-1.1073393359844914
57.0,Female,T3,N0,Epithelial-myoepithelial carcinoma,1,98.07739027129932,0.8040689671794014,0.6914219735468685,96.6257780008319,0.7908005082981185,0.672225798460102,-1.4516122704674217
27.0,Male,T3,N0,Mucoepidermoid carcinoma,0,108.92723099959157,0.9020574089836941,0.8399434402041397,108.13710161816634,0.8949905139352374,0.8288389062558352,-0.7901293814252313
82.0,Male,T3,N0,Squamous cell carcinoma,0,59.005081602378695,0.43307492915304935,0.24266908032464496,56.29320315614012,0.40628602301157224,0.21781585419882923,-2.711878446238572
67.0,Female,T4A,N0,Myoepithelial carcinoma,0,59.01970274431028,0.4332190489647803,0.242805746464105,56.30790415980797,0.40643154626693956,0.2179478863388598,-2.7117985845023114
87.0,Male,T3,N0,Adenocarcinoma,0,62.3115331195716,0.4655758478269123,0.2742798780758299,59.62626982023342,0.43919488354289976,0.2485001882348026,-2.6852632993381818
62.0,Male,T4A,N2,Squamous cell carcinoma,1,49.052948821698735,0.33428030905938694,0.15657762470542347,46.36941310150236,0.30746751832784647,0.13592067908088198,-2.6835357201963745
42.0,Male,T4B,N0,Carcinoma NOS,1,79.53585931808293,0.6316385819887391,0.45958450902117814,77.24499001612216,0.6098793126386683,0.43311478036354945,-2.290869301960768
72.0,Female,T4A,N3,Adenocarcinoma,1,50.3637680348771,0.3473591967455591,0.16708377211145384,47.66667891051975,0.3204343462965376,0.14576128450800108,-2.6970891243573476
37.0,Female,T3,N0,Adenoid cystic carcinoma,0,100.84930439667266,0.8293001909849221,0.7285327399762678,99.55549478457647,0.817540482617314,0.7111375141042263,-1.2938096120961973
62.0,Male,T3,N0,Adenocarcinoma,0,85.25526802946919,0.6855209231842647,0.5278668490479074,83.18108627598926,0.6660528325823463,0.5027502508694082,-2.074181753479934
22.0,Female,T4A,N1,Mucoepidermoid carcinoma,0,101.9254811237937,0.8390590948087485,0.7430986321681267,100.69504962947383,0.8278997044534513,0.7264520942378018,-1.2304314943198733
62.0,Male,T3,N0,Adenocarcinoma,1,85.25526802946919,0.6855209231842647,0.5278668490479074,83.18108627598926,0.6660528325823463,0.5027502508694082,-2.074181753479934
87.0,Male,T4A,N0,Squamous cell carcinoma,0,39.60421660853794,0.2398634987589905,0.08929223243043564,37.11480497677985,0.21510666073744664,0.07426054047667398,-2.489411631758088
52.0,Male,T3,N0,Squamous cell carcinoma,1,86.63469747049218,0.6984226032450924,0.5447868277049571,84.61862646880661,0.6795542239084699,0.5201157668412943,-2.0160710016855745
37.0,Male,T4A,N2,Adenocarcinoma,1,81.57627951540421,0.6509335706094924,0.48359107566247556,79.35815149823978,0.6299543008631492,0.4575127173690195,-2.2181280171644318
62.0,Male,T3,N0,Carcinoma NOS,0,79.2634937325412,0.6290569031131489,0.45641041499612967,76.96330557801045,0.6071967861185769,0.42989610569494696,-2.3001881545307583
77.0,Male,T4A,N1,Squamous cell carcinoma,1,38.88207060186859,0.23266968489382672,0.08480788491151008,36.414842992121876,0.2081711030926889,0.07025434688614893,-2.4672276097467147
62.0,Male,T4A,N0,Squamous cell carcinoma,1,65.22363831489363,0.49404298782797046,0.30325475525957146,62.57567903982978,0.4681642133621696,0.27686510834773037,-2.6479592750638545
77.0,Female,T3,N1,Squamous cell carcinoma,0,53.873563309772635,0.3822927602274525,0.19649723624745954,51.155194483092714,0.355248158629117,0.17355524868713706,-2.718368826679921
72.0,Male,T4A,N0,Adenoid cystic carcinoma,0,62.42848261467744,0.4667219865269489,0.27542340462602194,59.7444708125603,0.4403586856125191,0.24961546428123724,-2.6840118021171406
62.0,Male,T4B,N2,Adenoid cystic carcinoma,0,50.60511349660987,0.3497655841155189,0.16904711454718835,47.90586630861955,0.3228242185421226,0.14760558755293732,-2.6992471879903164
72.0,Male,T3,N0,Squamous cell carcinoma,0,69.13197302279286,0.5320047587355621,0.3437250455592389,66.55364307977032,0.5069932488872677,0.3168275329438275,-2.5783299430225384
52.0,Male,T4B,N2,Adenoid cystic carcinoma,0,61.013256555629525,0.4528364331832213,0.26170091203519,58.31551113462822,0.42627397107175097,0.23625570262948978,-2.697745421001308
67.0,Male,T4B,N0,Squamous cell carcinoma,1,54.12219847931479,0.384761905500878,0.19864958105998695,51.40313212567048,0.3577183099399873,0.17560220398524023,-2.7190663536443083
57.0,Male,T4A,N3,Carcinoma ex pleomorphic adenoma,1,77.47125801531365,0.6120329866283173,0.435706005328934,75.1120803645382,0.5895290478778095,0.4089433015890127,-2.3591776507754503
72.0,Male,T3,N1,Squamous cell carcinoma,0,58.228345008811225,0.4254137471798706,0.23544951274094028,55.512715708833554,0.3985555839151472,0.21084922347274143,-2.715629299977671
90.0,Male,T4A,N0,Squamous cell carcinoma,0,36.74516229848045,0.21144239164069867,0.07213262147945566,34.350038020771294,0.18780299180698581,0.059020688531809265,-2.395124277709158
62.0,Male,T4A,N2,Mucoepidermoid carcinoma,1,68.80118733761748,0.5288029031877148,0.3402318156648113,66.21611845739565,0.5037098560923308,0.3133633220835747,-2.585068880221826
57.0,Female,T4A,N1,Adenocarcinoma,0,68.4946467468188,0.5258338846384659,0.33700566481734606,65.90347066588842,0.5006665846344545,0.31016638069691616,-2.5911760809303814
72.0,Female,T4A,N2,Adenocarcinoma,1,48.0500951343148,0.32426513516962835,0.14872214581092447,45.37904312634352,0.29756421780017994,0.12859551050577783,-2.6710520079712836
77.0,Male,T3,N1,Adenoid cystic carcinoma,0,60.55996114974624,0.4483816485566884,0.25735937157799055,57.85847217133794,0.42176222129458857,0.23203991327203297,-2.7014889784083067
77.0,Male,T3,N2,Squamous cell carcinoma,1,47.94827040188323,0.3232478693745911,0.14793351498458926,45.278589596614104,0.2965596084351197,0.12786172308390265,-2.669680805269124
67.0,Male,T3,N0,Adenocarcinoma,0,81.20221162305793,0.6474022595070255,0.47916012576633266,78.97036375928721,0.626276800941326,0.45300243404291396,-2.2318478637707244
62.0,Female,T4B,N2,Undifferentiated carcinoma,1,36.105736683088566,0.20511278017220747,0.06851672661395784,33.73409267910634,0.18175904078965022,0.05584251078277815,-2.371644003982226
82.0,Male,T4A,N0,Squamous cell carcinoma,0,44.566211965254844,0.28943505379933826,0.12270721471214471,41.95316514265197,0.26330924887633284,0.10455590790442672,-2.6130468226028754
62.0,Male,T4A,N0,Mucoepidermoid carcinoma,0,82.92571563721796,0.663650240669371,0.499685347640118,80.75849822637392,0.6432099739283549,0.4739214905720186,-2.167217410844046
47.0,Male,T4NOS,N2,Mucoepidermoid carcinoma,0,79.4735563171331,0.6310481554541982,0.4588578044349659,77.18054716403303,0.6092657484696705,0.4323777189524875,-2.2930091531000727
82.0,Male,T4A,N0,Squamous cell carcinoma,0,44.566211965254844,0.28943505379933826,0.12270721471214471,41.95316514265197,0.26330924887633284,0.10455590790442672,-2.6130468226028754
47.0,Female,T4A,N0,Adenoid cystic carcinoma,0,85.98163830263152,0.6923191192905128,0.5367551671890627,83.93777896784376,0.6731646368758107,0.5118674056530987,-2.0438593347877685
82.0,Male,T4A,N2,Mucoepidermoid carcinoma,0,48.24286365648861,0.3261907841596415,0.15021968920568204,45.56926830536854,0.29946656657446497,0.12998972705994155,-2.6735953511200705
87.0,Female,T4A,N0,Squamous cell carcinoma,1,40.406847513730334,0.24786803465413348,0.09439248307393194,37.894052470802364,0.22284249579203355,0.07883562901266611,-2.5127950429279693
90.0,Male,T4A,N3,Carcinoma NOS,1,26.19983783383127,0.10992159021196475,0.023844044547382308,24.309186868423012,0.09287850265878486,0.01792957107731919,-1.890650965408259
90.0,Male,T4A,N0,Adenocarcinoma,0,44.7741482678576,0.2915146675256368,0.12420281392852822,42.15698865223228,0.2653460601712495,0.10592814519955275,-2.6171596156253187
87.0,Male,T4A,N1,Mucoepidermoid carcinoma,0,48.113872545654004,0.32490226173718917,0.14921694852877726,45.441971468471664,0.2981935400146203,0.1290560550783801,-2.6719010771823406
72.0,Male,T3,N2,Squamous cell carcinoma,0,53.143298639317194,0.3750360901007539,0.19022726384881958,50.427590244050464,0.3479956037148717,0.16760209626502914,-2.7157083952667307
42.0,Female,T4A,N0,Carcinoma ex pleomorphic adenoma,0,98.32113805642251,0.8062932043660433,0.6946615052744454,96.88308442686235,0.7931552045421608,0.675616316900754,-1.4380536295601587
52.0,Male,T3,N2,Carcinoma NOS,1,74.2069471997712,0.5808665000877011,0.3988269966023832,71.75093101545231,0.5572816673425398,0.3718119957021585,-2.4560161843188837
72.0,Male,T4A,N0,Undifferentiated carcinoma,1,46.46718964560357,0.30844509254595165,0.13665274349941642,43.81964049003622,0.28196866055251546,0.11739885058846108,-2.647549155567347
77.0,Female,T4B,N1,Adenoid cystic carcinoma,0,41.140630629793236,0.255192671772905,0.099160572527828,38.60761888643643,0.22993799446633478,0.08312987920984471,-2.533011743356809
62.0,Male,T3,N1,Adenocarcinoma,1,76.17568120503941,0.5996879577520323,0.4209388067515919,73.77641211291316,0.5767405238788288,0.39404508992797427,-2.3992690921262465
77.0,Male,T4A,N0,Adenocarcinoma,0,58.25151606389084,0.42564242909238253,0.23566372025425167,55.53598464110811,0.39878618028272356,0.21105569413084557,-2.715531422782732
82.0,Male,T3,N2,Carcinoma NOS,0,43.80309179193594,0.28180316713737535,0.1172822793732831,41.20586086492355,0.2558440642446898,0.09958925207004578,-2.59723092701239
90.0,Male,T3,N0,unspecified neoplasms,0,30.714738002364633,0.15242153616332696,0.04145734638100217,28.577064652024024,0.1320415759239882,0.0325177876660612,-2.1376733503406093
62.0,Female,T3,N2,Adenocarcinoma,0,72.41641947343611,0.5636837395908846,0.379068479025119,69.91324929196958,0.5395589305910234,0.35202439711502004,-2.5031701814665297
72.0,Male,T3,N0,Squamous cell carcinoma,0,69.13197302279286,0.5320047587355621,0.3437250455592389,66.55364307977032,0.5069932488872677,0.3168275329438275,-2.5783299430225384
42.0,Female,T4A,N0,Adenoid cystic carcinoma,0,89.66525471712669,0.7266403346483732,0.5825503014205299,87.78456371262004,0.7091495434667764,0.5590205553888073,-1.8806910045066445
57.0,Male,T4A,N2,Adenocarcinoma,0,62.768233640855705,0.47005028400132753,0.27875513799045176,60.08797584676792,0.4437395105778218,0.2528668978689476,-2.6802577940877867
87.0,Male,T3,N0,Neuroendocrine carcinoma,0,46.37576429125637,0.3075310188131524,0.1359681830834869,43.729716462301155,0.2810693919737112,0.11676598934881831,-2.6460478289552114
7.0,Female,T3,N0,Mucoepidermoid carcinoma,0,113.67880438482072,0.9443336389099026,0.9076299982344281,113.21410184687613,0.9402156372643075,0.9009427178437881,-0.46470253794458927
57.0,Female,T4A,N0,Acinar cell carcinoma,0,81.61053207733991,0.6512567900357735,0.48399747174191193,79.39366891496564,0.6302909770651018,0.4579265480499764,-2.216863162374267
82.0,Female,T4A,N1,Adenoid cystic carcinoma,0,41.886374365157565,0.26264186864556366,0.10410787446965895,39.333940864252874,0.23717011170694335,0.08760221486569991,-2.552433500904691
82.0,Female,T3,N0,Myoepithelial carcinoma,0,57.90897854557416,0.42226096581706385,0.23250441427541538,55.19208843730111,0.39537737454633576,0.20801195593562502,-2.7168901082730486
62.0,Female,T4A,N2,Carcinoma NOS,1,50.880812714427556,0.35251381397593,0.17130082411084385,48.17922757027296,0.3255551217384726,0.14972466721490985,-2.701585144154599
22.0,Female,T4A,N0,Acinar cell carcinoma,0,103.39695903976752,0.8523695211640978,0.763155151564897,102.25506813653534,0.8420437288286963,0.7475769501029684,-1.1418909032321807
42.0,Male,T3,N2,Adenocarcinoma,1,88.54859229776082,0.7162632077744037,0.5685424342006106,86.61679822470789,0.6982554252518659,0.5445661861700691,-1.9317940730529273
62.0,Female,T4A,N2,Acinar cell carcinoma,0,62.17240186831578,0.46421201030199427,0.27292168553074,59.48567692696294,0.437810312498039,0.24717601044320386,-2.6867249413528427
67.0,Female,T4B,N0,Acinar cell carcinoma,0,67.09593182844677,0.5122641353344973,0.3224212217137363,64.47858532420528,0.4867742577986441,0.29574342321637587,-2.617346504241482
67.0,Male,T3,N0,Acinar cell carcinoma,1,84.14635696458795,0.6751230338456323,0.5143897805493156,82.0270826253946,0.6551857004261259,0.4889485977928933,-2.1192743391933533
52.0,Male,T3,N0,Acinar cell carcinoma,0,94.70065509896445,0.7731447412703486,0.6470261638291337,93.06763086127329,0.7581145338270797,0.6258852257290882,-1.63302423769116
62.0,Male,T4A,N2,Carcinoma NOS,1,50.02385475172235,0.3439690959033638,0.16433376941834482,47.3299821973534,0.3170696566350555,0.14318080025268504,-2.6938725543689443
82.0,Male,T4A,N1,Adenocarcinoma,0,42.01594377361077,0.2639365673311118,0.10497776386656611,39.46025057305748,0.23842869109185458,0.088390290634489,-2.555693200553293
57.0,Male,T4A,N2,Squamous cell carcinoma,0,54.25970833160956,0.38612714090525724,0.19984376637130058,51.540301413491754,0.35908462146344633,0.1767386473722761,-2.719406918117805
37.0,Female,T3,N0,Adenoid cystic carcinoma,0,100.84930439667266,0.8293001909849221,0.7285327399762678,99.55549478457647,0.817540482617314,0.7111375141042263,-1.2938096120961973
82.0,Male,T3,N2,Adenocarcinoma,0,51.271606706011994,0.3564080291930407,0.17451518305410715,48.56693920195343,0.3294275651755568,0.1527506862423521,-2.7046675040585626
82.0,Male,T4A,N0,Squamous cell carcinoma,0,44.566211965254844,0.28943505379933826,0.12270721471214471,41.95316514265197,0.26330924887633284,0.10455590790442672,-2.6130468226028754
77.0,Male,T3,N2,Squamous cell carcinoma,1,47.94827040188323,0.3232478693745911,0.14793351498458926,45.278589596614104,0.2965596084351197,0.12786172308390265,-2.669680805269124
37.0,Male,T4A,N0,Myoepithelial carcinoma,1,86.01691350198564,0.6926490084005595,0.5371880250633125,83.97454246391928,0.6735098801319527,0.5123117035783821,-2.0423710380663636
62.0,Female,T3,N0,Adenocarcinoma,1,85.89386859410658,0.691498205405186,0.5356786398404346,83.84631247447282,0.672305569397352,0.5107625452243029,-2.0475561196337537
87.0,Male,T3,N2,Squamous cell carcinoma,1,37.97913414553578,0.22368797137357804,0.0793424225348659,35.54118721145698,0.19953482998383848,0.06539355288940989,-2.437946934078802
57.0,Female,T4A,N0,Adenoid cystic carcinoma,0,77.68949258266937,0.614109257234492,0.4382100835429814,75.33728004931366,0.591681853624488,0.4114734549829837,-2.3522125333557113
87.0,Female,T3,N0,Adenoid cystic carcinoma,0,62.17768099835597,0.4642637652675942,0.27297317593250325,59.491010976307166,0.437862848600337,0.2472262021590511,-2.6866700220488013
77.0,Male,T4B,N3,Adenocarcinoma,0,38.69914142764435,0.23084879022080323,0.08368783259447345,36.23770685987158,0.2064181518868427,0.06925621055200326,-2.46143456777277
62.0,Male,T3,N2,Small cell carcinoma,1,39.3759239394072,0.23758841335668604,0.08786381953123383,36.8934075448124,0.21291151116753187,0.07298273101291256,-2.4825163945948034
62.0,Male,T3,N2,Mixed tumor,0,88.46215190195568,0.7154589380659793,0.567462595305592,86.52646096517782,0.6974115871352549,0.5434530465859683,-1.9356909367778599
47.0,Male,T3,N0,Undifferentiated carcinoma,0,84.20031090649047,0.6756294867172611,0.5150429065836286,82.08319680340054,0.6557147146046353,0.4896168236252939,-2.117114103089932
67.0,Female,T3,N0,Carcinoma NOS,0,75.54132750584071,0.5936316066268307,0.4137704699004302,73.12321983999126,0.570473913965848,0.386827437235479,-2.4181076658494476
77.0,Female,T3,N0,Mucoepidermoid carcinoma,0,82.72566638295541,0.6617672507797897,0.497288643628335,80.55076232709928,0.6412459407948378,0.47147536381902977,-2.174904055856132
57.0,Male,T4A,N0,Adenoid cystic carcinoma,1,76.9534393603796,0.6071028006797267,0.429783513785651,74.57797889169936,0.5844193618004957,0.4029635638219233,-2.375460468680245
67.0,Female,T3,N1,Adenoid cystic carcinoma,0,71.38661867526933,0.5537733436260988,0.36785981943582635,68.85828659347875,0.5293557457779194,0.3408339251880907,-2.5283320817905803
82.0,Male,T3,N0,Adenocarcinoma,0,67.36181047269474,0.5148463977705436,0.3251762270659962,64.74922322028604,0.48941576486755883,0.2984641784235005,-2.6125872524087015
72.0,Male,T4A,N1,Squamous cell carcinoma,0,43.81094487090318,0.28188170091360853,0.1173375915460232,41.213545381087336,0.25592080479980467,0.09963980460839614,-2.5973994898158423
57.0,Female,T3,N2,squamous cell neoplasms,0,102.01801728707039,0.8398972663266476,0.7443551618014153,100.79308994935832,0.8287898663209642,0.7277742895643807,-1.2249273377120744
62.0,Female,T4A,N2,Carcinoma ex pleomorphic adenoma,0,71.54197808197688,0.5552697640163241,0.36954344527765903,69.0173494801101,0.5308954889901293,0.3425131781704842,-2.5246286018667803
52.0,Male,T3,N2,Adenoid cystic carcinoma,0,79.86035978025112,0.6347125602815015,0.46337559660477706,77.58071406326553,0.6130744601924502,0.43696133683181515,-2.279645716985584
32.0,Female,T4A,N2,Carcinoma NOS,1,80.35664405344033,0.6394099018237123,0.469193333418012,78.0944168655272,0.6179592396416734,0.4428688603910991,-2.2622271879131404
82.0,Male,T3,N3,Squamous cell carcinoma,0,45.115798399444415,0.2949315494908624,0.12667620507133193,42.49206309303156,0.2686950207706464,0.10820028434508405,-2.623735306412854
57.0,Female,T3,N0,Adenoid cystic carcinoma,0,88.90398891741377,0.7195684522801848,0.572988975507555,86.9883059762694,0.7017240392581822,0.5491515493036889,-1.915682941144368
37.0,Female,T3,N0,Adenocarcinoma,0,101.30524978775972,0.833437268266996,0.734693233602284,100.03814880675898,0.8219309223504615,0.717611833378948,-1.2671009810007376
87.0,Female,T4B,N3,Adenocarcinoma,0,30.430096563210213,0.14968608859159016,0.04020619848351818,28.30660421431304,0.1294928214120259,0.031462775517694865,-2.123492348897173
47.0,Female,T3,N0,Adenoid cystic carcinoma,0,95.47014177344772,0.7802100214536436,0.6570629868229241,93.87739451261123,0.7655736733465532,0.6363410725491467,-1.5927472608364894
57.0,Male,T4A,N2,Adenocarcinoma,0,62.768233640855705,0.47005028400132753,0.27875513799045176,60.08797584676792,0.4437395105778218,0.2528668978689476,-2.6802577940877867
72.0,Male,T3,N2,Epithelial-myoepithelial carcinoma,0,75.03869905056979,0.5888273442825378,0.40811998196499527,72.60603746165673,0.5655063278602017,0.38114478852709405,-2.4326615889130636
57.0,Male,T4A,N1,Adenocarcinoma,1,67.68046735601516,0.5179395130643125,0.3284888690953573,65.07371775083932,0.4925811757833324,0.30173796624712573,-2.6067496051758354
62.0,Male,T4A,N2,Carcinoma ex pleomorphic adenoma,1,70.7498339784986,0.5476350125456394,0.36098651836447665,68.20666793610039,0.5230430344700071,0.33398458554868354,-2.5431660423982123
62.0,Female,T4A,N3,Adenocarcinoma,1,60.77393156726181,0.450484887691143,0.2594054427114718,58.074169771784895,0.42389193126820895,0.2340260501894342,-2.699761795476917
67.0,Male,T3,N2,Acinar cell carcinoma,0,70.27749262277729,0.5430768413503385,0.3559169336125885,67.72368426194117,0.5183588614782801,0.3289390365626756,-2.553808360836115
72.0,Female,T4A,N0,Adenoid cystic carcinoma,0,63.270968631636364,0.47497148453469895,0.283711402264163,60.59658724411124,0.4487417224594632,0.2577091880864838,-2.6743813875251234
77.0,Male,T3,N2,Mucoepidermoid carcinoma,0,67.74688787841421,0.5185839996707747,0.3291808247959378,65.14137337198451,0.49324090791271163,0.3024221249146786,-2.6055145064296994
42.0,Male,T4A,N0,Adenoid cystic carcinoma,0,89.07953155875822,0.7212001476417347,0.5751893148146675,87.17185936595772,0.703436833624574,0.551421589323935,-1.9076721928005043
82.0,Female,T3,N2,Squamous cell carcinoma,1,43.69038046225197,0.2806760249561951,0.1164895969122883,41.09558218828886,0.25474283893778865,0.09886498047758847,-2.5947982739631144
7.0,Female,T3,N0,Adenoid cystic carcinoma,0,111.25972572250214,0.9228575515421337,0.872977487137966,110.62672336978082,0.917221776857962,0.8639754989923686,-0.63300235272132
52.0,Female,T3,N0,Adenoid cystic carcinoma,0,92.3413226005413,0.7514138162470516,0.6165529973842028,90.58878598287697,0.7352049843925138,0.5942163859841362,-1.752536617664333
67.0,Male,T3,N3,Carcinoma NOS,1,61.63634953756302,0.45895419820837624,0.2677114791836598,58.94427060882513,0.4324754813870273,0.24210097290496368,-2.6920789287378923
72.0,Female,T3,N0,Acinar cell carcinoma,0,80.71076943058777,0.6427587971242168,0.47335910939092724,78.46115786138078,0.6214434393225778,0.4471023672598813,-2.2496115692069907
82.0,Male,T3,N3,Adenoid cystic carcinoma,0,52.60495215241075,0.36968231231818666,0.1856548887790834,49.89179348848813,0.3426517106318944,0.16327016584177007,-2.71315866392262
62.0,Male,T3,N2,Adenocarcinoma,1,71.63132022268357,0.5561300972506404,0.3705128313469905,69.1088363078739,0.5317808731159533,0.3434803114898753,-2.522483914809669
37.0,Male,T3,N0,synovial-like neoplasms,0,114.44924715732641,0.9511531425804552,0.9187487282211693,114.03927056778565,0.9475254880292923,0.9128271941753489,-0.40997658954076144
42.0,Male,T3,N1,Adenocarcinoma,1,91.93378056747886,0.7476496566135323,0.6113357532566246,90.16121479974844,0.7312417612473348,0.5888062380894407,-1.772565767730427
57.0,Male,T3,N0,Adenoid cystic carcinoma,0,88.30719908507733,0.7140168531308495,0.5655285079382636,86.3645439580497,0.6958987358811072,0.5414597188757823,-1.9426551270276349
42.0,Female,T3,N0,Acinar cell carcinoma,0,100.63045178948624,0.8273130916985997,0.7255813109838458,99.32389699871888,0.8154322831468446,0.7080372120726622,-1.3065547907673647
90.0,Female,T4B,N0,Squamous cell carcinoma,0,32.291590533338066,0.16767641956342524,0.048719120250570895,30.07871567598088,0.14631782581275884,0.03868722492156803,-2.2128748573571855
82.0,Male,T4A,N1,Carcinoma NOS,0,35.07075063392549,0.1948950336293886,0.06284124233844776,32.739001007662,0.17203260724971123,0.05088008072813306,-2.3317496262634947
42.0,Male,T4B,N0,Adenoid cystic carcinoma,1,84.75331124541125,0.6808171560211517,0.5217524737471959,82.65853775198963,0.6611352212721383,0.49648524169364017,-2.094773493421627
72.0,Male,T4A,N3,Adenocarcinoma,0,49.507964919307526,0.33882194559803763,0.16019423295909344,46.81937201839044,0.3119659310872356,0.13930266281873688,-2.6885929009170866
72.0,Male,T4A,N0,Adenocarcinoma,0,63.40409445899889,0.47627388372346946,0.28502905511862464,60.731333162276904,0.45006622496977516,0.2589976314044423,-2.672761296721987
72.0,Male,T4B,N0,Adenocarcinoma,0,57.46644887657507,0.4178896906185312,0.2284462099344804,54.748084608619166,0.3909738412703013,0.2041068348386872,-2.7183642679559057
57.0,Male,T3,N1,Adenoid cystic carcinoma,1,79.75281038213026,0.6336939752429331,0.4621179810937745,77.46943027818469,0.6120155937524502,0.4356850535129904,-2.283380103945575
77.0,Male,T3,N2,Adenoid cystic carcinoma,0,55.49309842298169,0.3983611696097386,0.21067521362376773,52.77206595209117,0.3713446066851755,0.187069693354584,-2.7210324708905205
47.0,Male,T4A,N3,Adenocarcinoma,1,74.73688450588156,0.5859401694145562,0.404739560369449,72.29564291005019,0.562522487537302,0.3777479903338265,-2.4412415958313716
42.0,Female,T4A,N3,Adenocarcinoma,0,79.93114459772715,0.6353828311913742,0.4642039219201319,77.65396456744776,0.6137713086723787,0.4378021020787647,-2.2771800302793963
72.0,Male,T3,N0,Adenoid cystic carcinoma,1,75.98769129507971,0.5978939778506784,0.41881019206556647,73.58278487369324,0.5748837566557068,0.3919008447261632,-2.404906421386471
62.0,Male,T4A,N0,Squamous cell carcinoma,1,65.22363831489363,0.49404298782797046,0.30325475525957146,62.57567903982978,0.4681642133621696,0.27686510834773037,-2.6479592750638545
57.0,Female,T3,N3,Adenoid cystic carcinoma,0,78.16915143750884,0.6186694619672651,0.4437304850973379,75.83246070162377,0.5964121031212787,0.4170552304533242,-2.336690735885071
52.0,Female,T3,N0,Adenoid cystic carcinoma,0,92.3413226005413,0.7514138162470516,0.6165529973842028,90.58878598287697,0.7352049843925138,0.5942163859841362,-1.752536617664333
52.0,Male,T3,N2,Adenocarcinoma,1,80.67599271107866,0.6424300276459446,0.47294947808171023,78.42513537055066,0.6211013252355734,0.44668594935538536,-2.2508573405280003
72.0,Male,T4A,N0,Adenocarcinoma,0,63.40409445899889,0.47627388372346946,0.28502905511862464,60.731333162276904,0.45006622496977516,0.2589976314044423,-2.672761296721987
57.0,Male,T3,N3,Adenocarcinoma,1,78.28425217432196,0.6197630830795583,0.4450585792033619,75.95132956408871,0.5975469004092391,0.4183988832502967,-2.332922610233254
72.0,Male,T4B,N2,Adenocarcinoma,1,41.392635957345874,0.2577094224118664,0.10082101972892582,38.852934882540694,0.2323796251349576,0.08462905823389573,-2.53970107480518
72.0,Female,T4A,N2,Adenoid cystic carcinoma,0,47.06716700134734,0.31444287908805235,0.14117936640257725,44.41015703116806,0.2878743213848918,0.12158965279301745,-2.6570099701792813
57.0,Female,T4A,N0,Adenocarcinoma,0,78.53259034764423,0.622121776192943,0.44792850149448926,76.20785486093855,0.5999949210544893,0.42130347071315905,-2.324735486705677
62.0,Male,T4A,N3,Adenocarcinoma,1,59.922348129704304,0.44210962346761823,0.2512972413554637,57.21613735955802,0.41541579616232055,0.22616246239271728,-2.706210770146285
27.0,Female,T4A,N2,Adenoid cystic carcinoma,1,89.22344347875054,0.7225373975615469,0.5769951659547778,87.32236462992879,0.7048407684439825,0.5532851401094502,-1.9010788488217543
82.0,Male,T3,N0,Adenoid cystic carcinoma,0,66.40989576362087,0.505595152561132,0.3153505384136166,63.78074017612432,0.479956980145077,0.2887687922150282,-2.629155587496548
67.0,Male,T3,N0,Squamous cell carcinoma,0,73.91513941841728,0.5780703894070062,0.39558379486098666,71.4511463811036,0.5543949300402881,0.36855878583165774,-2.463993037313685
67.0,Female,T4B,N3,Myoepithelial carcinoma,0,39.41184490336151,0.2379463365111926,0.0880879169055712,36.92823636573398,0.21325675266442945,0.0731830967170705,-2.483608537627532
57.0,Female,T3,N0,Adenocarcinoma,1,89.58464764460814,0.725892040494122,0.5815355321859008,87.70022051954925,0.7083635698401368,0.5579725412965266,-1.8844271250588918
62.0,Male,T4A,N3,Adenocarcinoma,1,59.922348129704304,0.44210962346761823,0.2512972413554637,57.21613735955802,0.41541579616232055,0.22616246239271728,-2.706210770146285
27.0,Male,T4A,N0,Acinar cell carcinoma,0,100.74940046037419,0.8283932066056945,0.7271849925249084,99.44976677048275,0.8165781758397176,0.7097216657909412,-1.2996336898914365
82.0,Male,T3,N3,Squamous cell carcinoma,0,45.115798399444415,0.2949315494908624,0.12667620507133193,42.49206309303156,0.2686950207706464,0.10820028434508405,-2.623735306412854
62.0,Male,T3,N2,Adenocarcinoma,0,71.63132022268357,0.5561300972506404,0.3705128313469905,69.1088363078739,0.5317808731159533,0.3434803114898753,-2.522483914809669
67.0,Female,T4A,N2,Acinar cell carcinoma,0,56.99742891478458,0.41325346186542566,0.22417402128517772,54.27785014495362,0.38630723918265625,0.2000015186917036,-2.71957876983096
82.0,Male,T3,N0,Carcinoma NOS,1,59.97508636579181,0.4426286523069283,0.2517966562125971,57.2692419145921,0.41594072246528996,0.22664625756542695,-2.7058444511997095
77.0,Male,T3,N0,Epithelial-myoepithelial carcinoma,0,84.17564263810797,0.6753979384467136,0.5147442578545145,82.05754042420851,0.6554728476370202,0.48931126232710587,-2.118102213899462
57.0,Female,T4A,N0,Mucoepidermoid carcinoma,0,87.4675860799201,0.7061950077917343,0.5550851623175219,85.48767303589369,0.6876971278195757,0.530705525755109,-1.9799130440264037
47.0,Male,T4A,N2,Adenocarcinoma,1,72.64826424748446,0.5659121131659928,0.3816076941824468,70.15095729235095,0.5418550324865945,0.3545630288276862,-2.49730695513351
82.0,Female,T3,N2,Carcinoma NOS,0,44.63573265113155,0.29013034441364427,0.12320642321326278,42.02130143186861,0.2639901052185975,0.10501379893051363,-2.61443121926294
87.0,Male,T4A,N0,Mucinous adenocarcinoma,0,13.045998695031233,0.012998581603224785,0.000643355955946205,12.121586854617153,0.009332144325343843,0.00036722147692155394,-0.9244118404140806
82.0,Male,T3,N0,Myoepithelial carcinoma,0,57.050668756706074,0.4137799021394748,0.2246574641002067,54.33120976715698,0.3868369281337266,0.20046578074800042,-2.7194589895490964
67.0,Female,T4A,N0,Adenoid cystic carcinoma,0,68.29067314503426,0.5238573040331127,0.3348648778608343,65.69550699915675,0.49864129764552445,0.30804626352750214,-2.5951661458775135
87.0,Female,T3,N0,Squamous cell carcinoma,0,54.654662013369105,0.3900469530105989,0.20328871577241428,51.93445535016379,0.36300956790366795,0.18001991876948947,-2.7202066632053175
37.0,Male,T4A,N2,Adenocarcinoma,1,81.57627951540421,0.6509335706094924,0.48359107566247556,79.35815149823978,0.6299543008631492,0.4575127173690195,-2.2181280171644318
32.0,Female,T4B,N0,Adenoid cystic carcinoma,1,92.54714937793398,0.7533137104643596,0.6191931937787281,90.804797688207,0.7372059282760741,0.5969555349956039,-1.7423516897269735
87.0,Male,T4A,N2,Squamous cell carcinoma,1,26.0727526656971,0.10875897360901843,0.023418862450265438,24.189739042956695,0.09182161888162696,0.01758569487845652,-1.8830136227404033
67.0,Female,T4A,N1,Squamous cell carcinoma,1,49.777882491928295,0.3415152612412946,0.16235491333864935,47.08646724696365,0.31463579188883595,0.14132596119090207,-2.691415244964645
77.0,Male,T4B,N1,Adenoid cystic carcinoma,0,40.33196659879091,0.24712090685763916,0.09391153940874486,37.82129677496043,0.22211963152596514,0.07840338485076861,-2.510669823830483
87.0,Male,T3,N0,Squamous cell carcinoma,0,53.79372799840567,0.38149976231268545,0.19580801873206843,51.075605517825466,0.35445509546619974,0.17290013934569573,-2.718122480580206
82.0,Female,T4A,N2,Undifferentiated carcinoma,0,24.39839926159698,0.09366952918666163,0.018188725493815068,22.619487948826226,0.07818594397325583,0.013397407619948938,-1.7789113127707523
82.0,Female,T3,N1,Squamous cell carcinoma,0,48.670393632682206,0.3304606884144721,0.15356217429610114,45.99140206429505,0.3036878559440324,0.1331054011985675,-2.678991568387154
72.0,Female,T3,N0,Adenocarcinoma,0,77.58801063858765,0.6131438788097743,0.4370450624941416,75.23255167441161,0.5906808203867248,0.4102961648527099,-2.3554589641760373
77.0,Male,T3,N0,Carcinoma NOS,0,65.08969441352352,0.4927369769830644,0.30189947880948115,62.43974167527267,0.46683231592984226,0.27553358524414157,-2.649952738250846
62.0,Female,T4A,N0,Mucoepidermoid carcinoma,0,83.59411762401504,0.6699360850879874,0.5077201769884633,81.45293199840951,0.6497694319176219,0.48212851719776706,-2.14118562560553
82.0,Male,T3,N0,Adenocarcinoma,0,67.36181047269474,0.5148463977705436,0.3251762270659962,64.74922322028604,0.48941576486755883,0.2984641784235005,-2.6125872524087015
77.0,Female,T3,N2,Carcinoma NOS,0,49.76979103348572,0.34143453135736,0.1622899766787654,47.07845847892045,0.3145557416221064,0.14126512329393287,-2.691332554565264
77.0,Male,T4A,N2,Adenocarcinoma,1,42.14009713503013,0.2651772527285101,0.10581413846375859,39.58131221369208,0.23963520615962708,0.08914847374437591,-2.5587849213380522
72.0,Male,T4A,N2,Squamous cell carcinoma,1,39.00234088476733,0.23386718865045422,0.08554779950030553,36.531342851428874,0.20932449532659425,0.07091427566528799,-2.4709980333384536
82.0,Male,T3,N2,Undifferentiated carcinoma,0,35.05813456143026,0.19477071466537943,0.06277342803377885,32.72688573264823,0.17191450146400325,0.050820987077651626,-2.33124882878203
77.0,Male,T3,N2,Mixed tumor,1,76.18100995866787,0.5997387998560394,0.420999196847927,73.78190133002559,0.5767931515826696,0.39410593556144785,-2.3991086286422814
90.0,Male,T3,N0,Squamous cell carcinoma,0,50.66556502794664,0.35036824181491466,0.16954028388558667,47.96579360192041,0.32342293698929364,0.1480691131877165,-2.6997714260262313
82.0,Male,T4B,N0,Acinar cell carcinoma,0,50.78359066489152,0.35154476870302803,0.1705047568985029,48.082814508465816,0.3245919998921249,0.1489759102277546,-2.700776156425704
62.0,Male,T3,N0,Adenoid cystic carcinoma,0,84.50492745084009,0.6784878039458331,0.5187353697461273,82.4000746534899,0.6587009299562439,0.49339586776775923,-2.1048527973501905
77.0,Male,T3,N2,Carcinoma NOS,0,48.915500711818254,0.33290808432687186,0.15549154346981905,46.23356683782733,0.30610926760082613,0.13490621349477855,-2.6819338739909213
62.0,Female,T3,N0,Mucoepidermoid carcinoma,0,93.607991693389,0.7630934136225788,0.6328565073163364,91.9188675861957,0.7475118580100992,0.6111451042268852,-1.6891241071932939
82.0,Female,T3,N2,Adenocarcinoma,0,52.13074118835719,0.36496352336625215,0.18166262827866675,49.42024554239923,0.3379465249326097,0.15949448866039506,-2.7104956459579626
77.0,Male,T3,N2,Carcinoma NOS,1,48.915500711818254,0.33290808432687186,0.15549154346981905,46.23356683782733,0.30610926760082613,0.13490621349477855,-2.6819338739909213
87.0,Male,T3,N0,Mixed tumor,0,81.10194777254685,0.646455280533991,0.47797473185720923,78.86645164557706,0.6252908789244049,0.45179635465124446,-2.2354961269697924
87.0,Female,T3,N0,Adenocarcinoma,0,63.15450876747394,0.4738318739096093,0.28256049395992333,60.47873204798094,0.4475829985166935,0.25658416639507114,-2.675776719493001
72.0,Female,T3,N0,Adenoid cystic carcinoma,0,76.73345485222194,0.6050067420567862,0.4272756302243938,74.35118112752332,0.5822479465812338,0.40043332864026465,-2.3822737246986208
72.0,Male,T3,N3,Adenocarcinoma,1,63.955460823207716,0.4816646550949482,0.2905094893134814,61.289693369672705,0.45555141626535195,0.2643614315269793,-2.665767453535011
90.0,Male,T3,N0,Acinar cell carcinoma,0,62.918983569919625,0.4715264224980117,0.28023804212109765,60.240447673599405,0.4452395311987709,0.2543150177862042,-2.67853589632022
62.0,Male,T4A,N0,Acinar cell carcinoma,0,76.54726167389671,0.6032319221365414,0.42515679700358366,74.15926996203066,0.5804097677673229,0.39829649391482697,-2.38799171186605
47.0,Female,T3,N0,Carcinoma ex pleomorphic adenoma,0,102.6819313576472,0.8459064160505991,0.7533890785846371,101.49674623154851,0.8351737346424709,0.7372853129475205,-1.1851851260986876
67.0,Male,T3,N2,Acinar cell carcinoma,1,70.27749262277729,0.5430768413503385,0.3559169336125885,67.72368426194117,0.5183588614782801,0.3289390365626756,-2.553808360836115
82.0,Male,T3,N0,Adenoid cystic carcinoma,0,66.40989576362087,0.505595152561132,0.3153505384136166,63.78074017612432,0.479956980145077,0.2887687922150282,-2.629155587496548
67.0,Female,T4A,N0,Mucoepidermoid carcinoma,0,79.4139552320719,0.6304832638913505,0.4581629689898251,77.11890356902941,0.6086787609370516,0.43167306416206597,-2.2950516630424858
17.0,Male,T4B,N0,Adenoid cystic carcinoma,0,100.60192556394355,0.8270540214922638,0.725196876425261,99.29371309591173,0.8151574528231238,0.7076334569926296,-1.308212468031826
37.0,Female,T3,N0,Adenoid cystic carcinoma,0,100.84930439667266,0.8293001909849221,0.7285327399762678,99.55549478457647,0.817540482617314,0.7111375141042263,-1.2938096120961973
57.0,Male,T4A,N0,Squamous cell carcinoma,1,70.1738784457738,0.5420763788075111,0.3548081494563602,67.61777686318509,0.5173311436311677,0.32783623729268463,-2.5561015825887097
82.0,Male,T3,N2,Squamous cell carcinoma,0,42.86346222549243,0.2724077326439803,0.11074222095082188,40.287278361185514,0.246675060046108,0.09362501628964152,-2.5761838643069126
77.0,Male,T3,N3,Mucoepidermoid carcinoma,1,69.93918000745664,0.5398094563660529,0.3523010224140348,67.37793914094578,0.5150029999414513,0.32534361356564795,-2.5612408665108575
82.0,Male,T4A,N0,Adenoid cystic carcinoma,0,52.039732821662184,0.3640576212615991,0.18090026860839237,49.329793153735814,0.33704376350274756,0.15877420305477524,-2.7099396679263705
82.0,Male,T3,N1,Squamous cell carcinoma,0,47.81943452784738,0.3219606625778662,0.14693807311039553,45.15151621212988,0.29528876236368046,0.12693593303737358,-2.6679183157175004
67.0,Male,T3,N0,Squamous cell carcinoma,0,73.91513941841728,0.5780703894070062,0.39558379486098666,71.4511463811036,0.5543949300402881,0.36855878583165774,-2.463993037313685
87.0,Female,T3,N2,Squamous cell carcinoma,0,38.766988849778514,0.23152407986277262,0.08410250003123872,36.303397460650714,0.2070681216528602,0.06962562396883405,-2.4635913891277994
52.0,Male,T3,N2,Acinar cell carcinoma,0,83.64733288925329,0.6704361680708417,0.508361654038707,81.5082428334303,0.6502914850544931,0.48278417133963897,-2.13909005582299
57.0,Male,T4A,N2,Adenocarcinoma,1,62.768233640855705,0.47005028400132753,0.27875513799045176,60.08797584676792,0.4437395105778218,0.2528668978689476,-2.6802577940877867
77.0,Female,T4NOS,N1,Adenoid cystic carcinoma,0,43.39948183970537,0.2777671045440643,0.1144540207308409,40.811077652409665,0.25190236659605875,0.09700680866679212,-2.5884041872957084
57.0,Male,T3,N2,Squamous cell carcinoma,1,68.52048612931772,0.5260842220171172,0.3372771972459215,65.92981971726384,0.5009231322534689,0.31043536499850155,-2.590666412053878
67.0,Male,T3,N2,Adenocarcinoma,0,66.74161777282472,0.5088209259204883,0.3187626056660109,64.11808729603523,0.4832536322357292,0.29213303452408834,-2.6235304767894974
82.0,Female,T4A,N0,Carcinoma NOS,0,46.35874860766171,0.30736089224279023,0.13584092857271204,43.712981946730565,0.2809020434176145,0.11664837207577551,-2.6457666609311445
62.0,Male,T3,N0,Mucoepidermoid carcinoma,0,93.08268148659323,0.7582532832855264,0.626079070686414,91.36704673909924,0.7424100220618237,0.6041036744890207,-1.7156347474939935
52.0,Male,T3,N0,Mucoepidermoid carcinoma,0,98.9073552348425,0.811638144601869,0.7024715480958106,97.5021626470972,0.7988156680338375,0.6837953181915665,-1.4051925877453044
77.0,Male,T4A,N2,Mucoepidermoid carcinoma,0,53.44143002687579,0.37799944341564673,0.19277763829541228,50.72452491922084,0.3509559947141693,0.1700218221349464,-2.716905107654952
77.0,Male,T3,N0,Adenoid cystic carcinoma,0,71.3133068516539,0.5530670442673877,0.3670662531895498,68.7832386195463,0.5286291085936894,0.34004262322269163,-2.5300682321076096
87.0,Female,T3,N0,Epithelial-myoepithelial carcinoma,0,76.35931490351183,0.6014397059833685,0.42302156963508114,73.96559673193852,0.5785539904047557,0.39614394763348426,-2.393718171573312
47.0,Female,T3,N0,Epithelial-myoepithelial carcinoma,0,102.95264393950998,0.8483544325493997,0.757082099548286,101.78379029693414,0.8377753980972329,0.7411758852184478,-1.16885364257584
57.0,Female,T4B,N1,Mixed tumor,0,81.43041010341028,0.6495568413690472,0.481861626064093,79.20691158826402,0.6285203964306386,0.45575192623995514,-2.223498515146261
67.0,Male,T3,N0,"epithelial neoplasms, NOS",0,59.54752959499134,0.43841948293915495,0.24775825310407776,56.83884177851981,0.41168508494823597,0.2227362690473955,-2.7086878164715316
82.0,Female,T4A,N0,Mucoepidermoid carcinoma,0,65.2647692469399,0.494443966445093,0.30367135776630855,62.61742742342604,0.4685731937612343,0.27727450058305375,-2.6473418235138695
72.0,Male,T3,N0,Mucoepidermoid carcinoma,0,86.03740558586901,0.6928406368361258,0.537439532288558,83.99589979703694,0.6737104333591488,0.5125698704662761,-2.041505788832069
82.0,Male,T4A,N1,complex mixed and stromal neoplasms,0,28.29975721752465,0.12942839381480165,0.031436291472943606,26.288335333128284,0.11073251570495384,0.024142459262262158,-2.0114218843963663
82.0,Male,T4A,N0,Squamous cell carcinoma,0,44.566211965254844,0.28943505379933826,0.12270721471214471,41.95316514265197,0.26330924887633284,0.10455590790442672,-2.6130468226028754
32.0,Female,T3,N0,Mucoepidermoid carcinoma,0,107.63621703753425,0.8905051052798513,0.8218221682088738,106.76132867803226,0.8826602001293842,0.8096087365917434,-0.8748883595019947
57.0,Male,T3,N0,Adenoid cystic carcinoma,0,88.30719908507733,0.7140168531308495,0.5655285079382636,86.3645439580497,0.6958987358811072,0.5414597188757823,-1.9426551270276349
77.0,Male,T3,N2,Mucoepidermoid carcinoma,0,67.74688787841421,0.5185839996707747,0.3291808247959378,65.14137337198451,0.49324090791271163,0.3024221249146786,-2.6055145064296994
67.0,Male,T4B,N2,Squamous cell carcinoma,1,38.27883327393492,0.22666736703520107,0.0811388983646604,35.83097641835912,0.20239675572965818,0.06698854164333812,-2.4478568555758002
62.0,Male,T4B,N1,Adenocarcinoma,1,56.68717087983866,0.4101847543865106,0.22136443901123334,53.966986523072336,0.38322062132004625,0.19730492438353298,-2.7201843567663246
42.0,Male,T3,N3,Squamous cell carcinoma,1,83.99629886062522,0.6737141806300582,0.5125746947357289,81.87103464103726,0.6537142453904512,0.48709188869393993,-2.1252642195879616
82.0,Male,T3,N0,Mucoepidermoid carcinoma,0,77.75399422271359,0.614722745407982,0.4389511016979408,75.40385193560405,0.5923180624812319,0.412222401267178,-2.3501422871095343
72.0,Female,T3,N2,Acinar cell carcinoma,0,66.15970784594074,0.5031608960924874,0.3127856513097741,63.5264154186556,0.47747029839325233,0.28624168205074185,-2.6332924272851415
7.0,Female,T3,N0,Adenocarcinoma,0,111.48137491490789,0.9248293619360028,0.8761360555798117,110.86356839248577,0.9193312528083613,0.8673404823109003,-0.6178065224221143
42.0,Male,T3,N0,Adenoid cystic carcinoma,0,97.85430828711657,0.8020323684787556,0.688461165711091,96.39034110084319,0.7886448919798784,0.6691280544075618,-1.4639671862733792
82.0,Male,T3,N1,Carcinoma NOS,0,48.78618380700101,0.33161690888942497,0.15447243602628852,46.105788558909424,0.30483163080305237,0.1339547969764936,-2.6803952480915854
42.0,Male,T3,N0,Carcinoma NOS,0,94.16924703653535,0.7682591058478524,0.6401227085496247,92.50877820605704,0.752959583124766,0.6187007292837724,-1.6604688304783082
87.0,Male,T4A,N2,Adenocarcinoma,0,32.73885299087996,0.17203116425983372,0.050879358565733904,30.50567716971762,0.1504118368903444,0.04053661455216452,-2.233175821162341
37.0,Male,T3,N2,Carcinoma NOS,1,86.87144274298676,0.700633218374788,0.547707834541487,84.86556789699878,0.6818695156360243,0.5231178937007469,-2.005874845987975
77.0,Male,T3,N1,Squamous cell carcinoma,0,53.01282093397135,0.3737388291842108,0.18911516731637126,50.297684474694506,0.3467002003676149,0.16654774218069954,-2.7151364592768417
90.0,Female,T3,N0,Adenocarcinoma,0,60.07155047402689,0.44357789433678874,0.25271107544179516,57.36638739065248,0.41690087171934753,0.22753226712319263,-2.7051630833744156
82.0,Female,T3,N2,Mixed tumor,1,72.3033784552613,0.5625968722719609,0.3778325185674485,69.79737587748863,0.5384392805410793,0.3507891895316564,-2.506002577772662
52.0,Male,T4NOS,N1,Adenocarcinoma,1,69.17369468013753,0.5324084585142798,0.34416651843481544,66.59622564515296,0.5074073363707695,0.3172655302077041,-2.577469034984574
52.0,Male,T3,N0,Acinar cell carcinoma,0,94.70065509896445,0.7731447412703486,0.6470261638291337,93.06763086127329,0.7581145338270797,0.6258852257290882,-1.63302423769116
62.0,Female,T3,N2,Acinar cell carcinoma,1,75.76016350605522,0.5957217746580259,0.4162387144254947,73.34849551846159,0.5726360977702862,0.3893115938270944,-2.4116679875936313
67.0,Female,T4A,N2,Mucoepidermoid carcinoma,0,64.6356096667391,0.4883070241341874,0.2973209332079666,61.97909617105846,0.46231656664820553,0.2710386695425483,-2.6565134956806418
87.0,Male,T3,N0,Squamous cell carcinoma,0,53.79372799840567,0.38149976231268545,0.19580801873206843,51.075605517825466,0.35445509546619974,0.17290013934569573,-2.718122480580206
62.0,Female,T3,N0,Myoepithelial carcinoma,0,77.51267505098258,0.6124270967294693,0.43618086892157437,75.15481458171708,0.5899376428094844,0.40942302492099436,-2.3578604692655034
17.0,Male,T4A,N0,Adenoid cystic carcinoma,0,103.23762172576673,0.850930055457001,0.7609755950017106,102.08603904958994,0.840513295470947,0.7452792242822143,-1.151582676176787
72.0,Male,T3,N2,Squamous cell carcinoma,0,53.143298639317194,0.3750360901007539,0.19022726384881958,50.427590244050464,0.3479956037148717,0.16760209626502914,-2.7157083952667307
62.0,Male,T4A,N1,adenomas and adenocarcinomas,1,114.30345691962111,0.9498634423832907,0.91664171611643,113.88308323644735,0.9461427461807399,0.9105742253330193,-0.42037368317376433
57.0,Female,T4A,N0,Adenoid cystic carcinoma,0,77.68949258266937,0.614109257234492,0.4382100835429814,75.33728004931366,0.591681853624488,0.4114734549829837,-2.3522125333557113
47.0,Male,T3,N0,Adenoid cystic carcinoma,0,94.97512870050217,0.775666151559639,0.6506007855995948,93.35639846264712,0.7607759076300368,0.6296076741558593,-1.618730237855047
52.0,Female,T3,N1,Adenoid cystic carcinoma,1,84.56541212352846,0.6790551401083975,0.5194695551659946,82.46300703587687,0.6592937664248625,0.4941475135157822,-2.10240508765159
52.0,Male,T4A,N1,Squamous cell carcinoma,0,64.46775254700725,0.4866684990374141,0.2956347038232293,61.80889118295817,0.46064709792538383,0.269384566189552,-2.6588613640490806
77.0,Male,T4A,N2,Squamous cell carcinoma,1,34.33471156208948,0.1876524017567876,0.05894062894771803,32.032767314024085,0.16516164718529258,0.0474891390398386,-2.3019442480653964
32.0,Female,T3,N0,Adenoid cystic carcinoma,0,103.13233613073191,0.849978652727884,0.7595364352906858,101.97436324936237,0.8395018768432905,0.7437623126316866,-1.1579728813695453
62.0,Female,T3,N3,Acinar cell carcinoma,1,77.76985111958872,0.6148735512317679,0.4391333349689197,75.4202185874669,0.5924744608555242,0.41240659903235777,-2.3496325321218166
57.0,Female,T3,N0,Adenoid cystic carcinoma,0,88.90398891741377,0.7195684522801848,0.572988975507555,86.9883059762694,0.7017240392581822,0.5491515493036889,-1.915682941144368
82.0,Male,T3,N0,Mucoepidermoid carcinoma,0,77.75399422271359,0.614722745407982,0.4389511016979408,75.40385193560405,0.5923180624812319,0.412222401267178,-2.3501422871095343
67.0,Male,T4A,N3,Adenocarcinoma,1,54.71834927643533,0.3906788362881253,0.20384630252413743,51.99803836733561,0.363642561381418,0.18055141416121587,-2.720310909099723
82.0,Female,T3,N0,Squamous cell carcinoma,0,59.85925056421402,0.4414885816191704,0.2507002016139953,57.15260727815257,0.4147877595222239,0.22558419192835566,-2.7066432860614498
52.0,Male,T4B,N0,Adenoid cystic carcinoma,1,76.27309826025515,0.6006173355557508,0.42204327843602285,73.87676847570731,0.5777025956316623,0.39515799812339697,-2.396329784547845
72.0,Female,T4A,N2,Squamous cell carcinoma,0,39.7997109171818,0.24181233840374525,0.09052329420578543,37.304480898507364,0.2169882915898878,0.07536305938070856,-2.495230018674434
77.0,Male,T3,N0,Adenocarcinoma,0,72.22517253876516,0.5618447939413337,0.3769782391669263,69.71722053028614,0.5376646141730137,0.34993561062385325,-2.507952008479023
67.0,Male,T3,N2,Squamous cell carcinoma,1,58.35825734020931,0.42669578032626987,0.23665142818597634,55.643187967196404,0.39984847183636346,0.21200791259123283,-2.715069373012909
87.0,Male,T4A,N2,Squamous cell carcinoma,0,26.0727526656971,0.10875897360901843,0.023418862450265438,24.189739042956695,0.09182161888162696,0.01758569487845652,-1.8830136227404033
82.0,Male,T3,N0,Carcinoma ex pleomorphic adenoma,1,79.50776067480524,0.6313723090116669,0.45925671857768396,77.21592569977753,0.6096025995363072,0.4327823073089595,-2.2918349750277116
62.0,Male,T3,N0,Acinar cell carcinoma,0,87.97684012990649,0.7109408169650975,0.5614120370430283,86.01942891292384,0.6926725312932598,0.5372188956416498,-1.9574112169826492
52.0,Male,T3,N0,Acinar cell carcinoma,1,94.70065509896445,0.7731447412703486,0.6470261638291337,93.06763086127329,0.7581145338270797,0.6258852257290882,-1.63302423769116
82.0,Male,T3,N2,Squamous cell carcinoma,0,42.86346222549243,0.2724077326439803,0.11074222095082188,40.287278361185514,0.246675060046108,0.09362501628964152,-2.5761838643069126
47.0,Male,T3,N2,Mucoepidermoid carcinoma,0,92.68020074679868,0.7545414291939295,0.620901752255286,90.94445753729326,0.7384991505626997,0.5987286042442758,-1.735743209505415
47.0,Male,T4A,N0,Acinar cell carcinoma,1,88.75523444389283,0.718185302231615,0.5711265014811703,86.8327905755391,0.7002723755125473,0.5472305968248842,-1.9224438683537386
67.0,Male,T4B,N0,Mucoepidermoid carcinoma,1,73.47655814464494,0.5738647998833307,0.3907261602575229,71.0007890908335,0.5500550378504497,0.363689971643653,-2.475769053811433
72.0,Male,T3,N2,Squamous cell carcinoma,1,53.143298639317194,0.3750360901007539,0.19022726384881958,50.427590244050464,0.3479956037148717,0.16760209626502914,-2.7157083952667307
87.0,Male,T4A,N3,Adenocarcinoma,0,34.732013261438055,0.1915592013130264,0.06103198918630375,32.413831724766766,0.1688654955605683,0.04930517289591134,-2.3181815366712897
67.0,Male,T3,N3,Squamous cell carcinoma,1,60.672072367389546,0.4494837510557777,0.25843069140853236,57.97147944715114,0.42287809974209106,0.23307970196921166,-2.7005929202384067
77.0,Male,T4A,N3,Adenoid cystic carcinoma,1,43.417920220140715,0.2779514773789176,0.11458260349180505,40.82910579308205,0.2520823339485214,0.09712411106215293,-2.588814427058665
57.0,Male,T3,N0,Acinar cell carcinoma,0,91.49393428999974,0.743583658029943,0.605720541802348,89.6999570817778,0.7269624471408487,0.5829873441935282,-1.7939772082219463
82.0,Male,T3,N0,Acinar cell carcinoma,0,70.87939016962144,0.5488845067964994,0.36238132038838755,68.33919698485823,0.5243275892133339,0.3353737264907675,-2.5401931847632113
82.0,Male,T4A,N2,Adenocarcinoma,1,37.29204234794776,0.21686487064892618,0.0752905387786703,34.877536913169706,0.19299175773626984,0.06180631499424755,-2.4145054347780572
77.0,Female,T3,N0,Adenocarcinoma,0,73.00534921256272,0.5693422084233816,0.3855298025932848,70.51721448600131,0.5453907282962911,0.35848676687743725,-2.4881347265614124
27.0,Female,T3,N0,Adenoid cystic carcinoma,0,105.16962694571026,0.8683540075816878,0.7875289648344758,104.13725136852824,0.8590515473111159,0.7733060530167972,-1.032375577182023
82.0,Male,T3,N3,Adenocarcinoma,0,53.601824268729956,0.37959326388304326,0.1941550815113568,50.88433853957981,0.35254895531069325,0.17132972108538974,-2.717485729150148
67.0,Female,T4B,N0,Adenocarcinoma,0,63.475182900003205,0.47696922836083205,0.2857335658971934,60.80329766597006,0.4507734836821357,0.25968671130865206,-2.671885234033148
52.0,Male,T4A,N2,Adenocarcinoma,1,67.80425471709286,0.5191405707462039,0.32977886879151197,65.19981202824383,0.4938106951896981,0.3030135185043451,-2.6044426888490335
47.0,Male,T3,N2,Adenoid cystic carcinoma,0,84.00937661889537,0.6738369811821929,0.512732799520834,81.88463335802999,0.6538424932019171,0.4872535991951595,-2.1247432608653867
87.0,Male,T4A,N2,Squamous cell carcinoma,0,26.0727526656971,0.10875897360901843,0.023418862450265438,24.189739042956695,0.09182161888162696,0.01758569487845652,-1.8830136227404033
67.0,Male,T3,N0,Adenocarcinoma,0,81.20221162305793,0.6474022595070255,0.47916012576633266,78.97036375928721,0.626276800941326,0.45300243404291396,-2.2318478637707244
57.0,Female,T3,N0,Adenoid cystic carcinoma,1,88.90398891741377,0.7195684522801848,0.572988975507555,86.9883059762694,0.7017240392581822,0.5491515493036889,-1.915682941144368
82.0,Male,T3,N0,Squamous cell carcinoma,0,59.005081602378695,0.43307492915304935,0.24266908032464496,56.29320315614012,0.40628602301157224,0.21781585419882923,-2.711878446238572
52.0,Male,T3,N1,Adenocarcinoma,0,84.6685643942601,0.6800225297125473,0.5207224260944507,82.57034370044292,0.6603047248613347,0.49543036724050016,-2.098220693817183
87.0,Male,T3,N3,Carcinoma NOS,0,41.04816820506189,0.2542694057526089,0.09855427024174582,38.51764326003963,0.229042745682923,0.08258293858620103,-2.5305249450222647
77.0,Male,T4A,N0,Adenocarcinoma,0,58.25151606389084,0.42564242909238253,0.23566372025425167,55.53598464110811,0.39878618028272356,0.21105569413084557,-2.715531422782732
67.0,Male,T3,N0,Adenoid cystic carcinoma,0,80.39362802429827,0.6397597653698289,0.4696278328585145,78.13271112757513,0.6183231736105885,0.4433102907880982,-2.2609168967231312
77.0,Male,T3,N0,Squamous cell carcinoma,0,64.14207026611868,0.4834879227918722,0.2923727350632376,61.47877309838361,0.45740768164348616,0.2661867906477273,-2.6632971677350668
72.0,Male,T4B,N2,Squamous cell carcinoma,0,33.65821233895618,0.18101564656975352,0.05545658080140111,31.384723425102568,0.15888319854254326,0.04447475114531511,-2.2734889138536154
67.0,Female,T3,N0,Mucoepidermoid carcinoma,0,90.29291528286703,0.7324628784774009,0.5904710128033525,88.44156608540044,0.71526738009307,0.5672055271132583,-1.8513491974665897
72.0,Female,T3,N0,Acinar cell carcinoma,0,80.71076943058777,0.6427587971242168,0.47335910939092724,78.46115786138078,0.6214434393225778,0.4471023672598813,-2.2496115692069907
62.0,Female,T4A,N0,Adenoid cystic carcinoma,0,73.11287195063466,0.5703745719929532,0.3867134584787799,70.62753267867606,0.5464551933996556,0.35967151442027884,-2.485339271958594
57.0,Female,T4A,N0,Adenoid cystic carcinoma,1,77.68949258266937,0.614109257234492,0.4382100835429814,75.33728004931366,0.591681853624488,0.4114734549829837,-2.3522125333557113
77.0,Female,T4A,N3,Carcinoma ex pleomorphic adenoma,0,58.717428517137165,0.4302388471269932,0.23998608453480264,56.00404829993799,0.4034230763850974,0.2152249846722557,-2.713380217199173
87.0,Male,T4B,N0,Squamous cell carcinoma,0,34.216105095431786,0.18648736971111476,0.058322755359278104,31.919076051297008,0.16405826940014653,0.046953540684530205,-2.297029044134778
72.0,Female,T3,N0,adenomas and adenocarcinomas,0,116.28167009473154,0.9673336111518993,0.9453509594372627,116.00400816139016,0.9648853479574429,0.9413058519389419,-0.2776619333413777
57.0,Female,T4A,N0,Mucoepidermoid carcinoma,0,87.4675860799201,0.7061950077917343,0.5550851623175219,85.48767303589369,0.6876971278195757,0.530705525755109,-1.9799130440264037
82.0,Female,T4A,N0,Adenosquamous carcinoma,1,117.66501151637266,0.9795125189880641,0.9655786677085515,117.48922567907472,0.9779666174310896,0.9630014089248229,-0.17578583729793706
42.0,Female,T3,N0,Carcinoma ex pleomorphic adenoma,0,104.76830652253604,0.864740020412342,0.7819907994010178,103.7108667020519,0.8552040854009962,0.7674545373165079,-1.0574398204841344
57.0,Female,T4A,N2,Squamous cell carcinoma,1,55.120603107402985,0.394668582232298,0.2073813446429336,52.39979174484971,0.36764111636686575,0.18392360953858283,-2.7208113625532775
47.0,Female,T3,N0,Mucoepidermoid carcinoma,0,101.7776401503283,0.8377196706889578,0.7410924617285315,100.53843277409187,0.8264773390077865,0.7243414359037998,-1.239207376236422
57.0,Female,T3,N2,Adenocarcinoma,0,77.03172081533832,0.607848456773601,0.43067712055372953,74.65869985126639,0.5851919634585533,0.4038654075008059,-2.3730209640719266
62.0,Male,T4A,N2,Adenoid cystic carcinoma,1,56.60858861568445,0.40940728253473785,0.22065492035340042,53.88827597013555,0.3824388909779474,0.1966243507961601,-2.720312645548894
82.0,Male,T3,N0,Squamous cell carcinoma,1,59.005081602378695,0.43307492915304935,0.24266908032464496,56.29320315614012,0.40628602301157224,0.21781585419882923,-2.711878446238572
72.0,Male,T4A,N1,Squamous cell carcinoma,0,43.81094487090318,0.28188170091360853,0.1173375915460232,41.213545381087336,0.25592080479980467,0.09963980460839614,-2.5973994898158423
37.0,Male,T4A,N1,Carcinoma NOS,0,79.54162850905377,0.6316932510541099,0.45965182020319645,77.25095760037684,0.6099361262895818,0.4331830553510788,-2.2906709086769297
62.0,Male,T4B,N0,Adenoid cystic carcinoma,0,66.72415152634673,0.5086511293158046,0.3185826286385008,64.10032089421901,0.4830800648996496,0.29195551121579266,-2.6238306321277207
67.0,Female,T4A,N0,Myoepithelial carcinoma,0,59.01970274431028,0.4332190489647803,0.242805746464105,56.30790415980797,0.40643154626693956,0.2179478863388598,-2.7117985845023114
37.0,Male,T4A,N0,Adenoid cystic carcinoma,0,92.5015960687486,0.7528932961813226,0.6186085656577477,90.75698626269683,0.736763120209436,0.5963489184871986,-1.7446098060517699
52.0,Male,T3,N0,Carcinoma ex pleomorphic adenoma,0,99.93521583006483,0.8209949469020021,0.7162295937074453,98.58849662715032,0.8087316616042488,0.698220155993981,-1.3467192029145139
72.0,Male,T3,N0,Myoepithelial carcinoma,0,67.2777063137862,0.5140297052387217,0.32430386453209,64.66360260119598,0.4885802254814564,0.2976024700637645,-2.6141037125902216
87.0,Female,T3,N0,Squamous cell carcinoma,0,54.654662013369105,0.3900469530105989,0.20328871577241428,51.93445535016379,0.36300956790366795,0.18001991876948947,-2.7202066632053175
82.0,Male,T4A,N2,Adenocarcinoma,0,37.29204234794776,0.21686487064892618,0.0752905387786703,34.877536913169706,0.19299175773626984,0.06180631499424755,-2.4145054347780572
57.0,Female,T3,N0,Mixed tumor,0,101.2489020363877,0.8329261898727305,0.7339310417648255,99.97848888622613,0.8213884543494253,0.7168105889681061,-1.2704131501615734
87.0,Male,T4NOS,N1,Carcinoma NOS,1,27.852567015240822,0.12523122157455915,0.029730694741975795,25.866005739349696,0.10687245916819316,0.022735616448240674,-1.9865612758911269
67.0,Female,T3,N0,Adenoid cystic carcinoma,0,81.09228076920394,0.6463639666975407,0.47786049200359465,78.8564335452233,0.6251958157705764,0.45168013332561474,-2.2358472239806417
82.0,Male,T4A,N2,Carcinoma NOS,1,30.78867779188755,0.15313309001973716,0.04178536575849414,28.647351163274443,0.13270514132845282,0.03279479043638696,-2.1413266286131076
62.0,Female,T4B,N2,Adenoid cystic carcinoma,0,51.463193251030546,0.3583165895040383,0.17609945999545037,48.7571134468994,0.33132663651530614,0.1542437054246832,-2.706079804131143
32.0,Female,T3,N0,Mucoepidermoid carcinoma,0,107.63621703753425,0.8905051052798513,0.8218221682088738,106.76132867803226,0.8826602001293842,0.8096087365917434,-0.8748883595019947
62.0,Male,T3,N0,Adenocarcinoma,0,85.25526802946919,0.6855209231842647,0.5278668490479074,83.18108627598926,0.6660528325823463,0.5027502508694082,-2.074181753479934
72.0,Female,T3,N0,Mucoepidermoid carcinoma,0,86.66558658259616,0.6987110915643701,0.5451676605940788,84.65084222824476,0.679856340982259,0.5205071064542616,-2.014744354351407
72.0,Male,T3,N0,Adenocarcinoma,0,76.85090984927542,0.6061259945454289,0.4286140418769763,74.47226613904238,0.5834073666582699,0.4017835283605744,-2.3786437102330495
47.0,Female,T4B,N0,Squamous cell carcinoma,1,74.97071669549044,0.5881771749300655,0.4073577341164095,72.53611205185834,0.5648342926087186,0.3803786598255043,-2.434604643632099
67.0,Female,T3,N3,Squamous cell carcinoma,1,61.52124364542844,0.457824546215226,0.26659742076695747,58.828072722372795,0.4313298883509758,0.24101678932876613,-2.6931709230556464
87.0,Male,T4A,N0,Squamous cell carcinoma,0,39.60421660853794,0.2398634987589905,0.08929223243043564,37.11480497677985,0.21510666073744664,0.07426054047667398,-2.489411631758088
62.0,Male,T4A,N2,Adenocarcinoma,1,57.603525187900985,0.41924404427312656,0.22970043904597715,54.88558356948341,0.39233781539890183,0.20531319124588282,-2.7179416184175764
77.0,Female,T4A,N0,Mucoepidermoid carcinoma,0,70.21344355506201,0.542458429906971,0.35523139879866694,67.65821588220645,0.5177235857687186,0.3282571710754971,-2.5552276728555654
90.0,Male,T4A,N0,Squamous cell carcinoma,0,36.74516229848045,0.21144239164069867,0.07213262147945566,34.350038020771294,0.18780299180698581,0.059020688531809265,-2.395124277709158
17.0,Female,T3,N0,Adenoid cystic carcinoma,0,108.5872733062894,0.8990181386923664,0.8351602884475325,107.77467084832762,0.8917453842618889,0.8237599545908074,-0.8126024579617876
87.0,Female,T3,N0,Adenocarcinoma,0,63.15450876747394,0.4738318739096093,0.28256049395992333,60.47873204798094,0.4475829985166935,0.25658416639507114,-2.675776719493001
52.0,Female,T3,N0,Carcinoma ex pleomorphic adenoma,1,100.34573180217984,0.8247266644997192,0.7217470470661806,99.02266887483356,0.8126888096201677,0.7040109814033377,-1.3230629273462853
82.0,Male,T4A,N1,Squamous cell carcinoma,0,34.22211370285845,0.1865463758934175,0.05835398518101653,31.924834902343747,0.1641141403203266,0.04698060163539188,-2.297278800514704
47.0,Male,T3,N0,Adenoid cystic carcinoma,0,94.97512870050217,0.775666151559639,0.6506007855995948,93.35639846264712,0.7607759076300368,0.6296076741558593,-1.618730237855047
62.0,Female,T3,N2,Squamous cell carcinoma,0,64.3463915376091,0.4854835249189691,0.2944176755337951,61.68585875786104,0.45944001264008294,0.26819117168807316,-2.6605327797480527
52.0,Male,T3,N2,Carcinoma NOS,1,74.2069471997712,0.5808665000877011,0.3988269966023832,71.75093101545231,0.5572816673425398,0.3718119957021585,-2.4560161843188837
72.0,Male,T4A,N2,Squamous cell carcinoma,1,39.00234088476733,0.23386718865045422,0.08554779950030553,36.531342851428874,0.20932449532659425,0.07091427566528799,-2.4709980333384536
77.0,Female,T4A,N1,Adenocarcinoma,0,47.92120473477512,0.3229774629486446,0.1477241722053818,45.25189163612758,0.29629260685262376,0.12766698859858785,-2.6693130986475353
27.0,Male,T4A,N0,Adenoid cystic carcinoma,0,98.43233842689136,0.8073075693896063,0.6961409520415591,97.00049089280333,0.7942292301684092,0.6771651187753618,-1.4318475340880354
77.0,Male,T4A,N0,Carcinoma NOS,1,50.67124835475528,0.35042489861629994,0.1695866777293189,47.971427978191386,0.3234792274984921,0.14811272366313913,-2.699820376563892
42.0,Female,T4A,N0,Mucoepidermoid carcinoma,0,97.22336321428568,0.7962673611317559,0.6801081985938722,95.72473373798087,0.7825452485371313,0.6603942573485799,-1.4986294763048136
72.0,Female,T3,N0,Adenoid cystic carcinoma,0,76.73345485222194,0.6050067420567862,0.4272756302243938,74.35118112752332,0.5822479465812338,0.40043332864026465,-2.3822737246986208
62.0,Male,T3,N3,Squamous cell carcinoma,1,65.76901568952638,0.4993572644644703,0.30879507439686416,63.1294456569736,0.47358658896623396,0.28231302765476984,-2.6395700325527827
72.0,Male,T3,N3,Squamous cell carcinoma,1,55.47602175872015,0.39819192934410286,0.2105237835579422,52.75499434535513,0.37117480924326857,0.18692497468770564,-2.7210274133650216
62.0,Male,T4A,N1,Carcinoma ex pleomorphic adenoma,1,75.33885379630067,0.5916968944727012,0.41149115466851305,72.91484361130247,0.5684730597820041,0.3845344317339913,-2.4240101849981954
90.0,Male,T4A,N2,Adenocarcinoma,0,30.17704142020586,0.14725937749481166,0.03910942253117466,28.066312876984583,0.12723470336187515,0.030539991132879498,-2.1107285432212777
82.0,Female,T3,N3,Squamous cell carcinoma,0,45.955506844112506,0.3033289245760682,0.1328393055322678,43.3165642701898,0.2769379908541999,0.11387652182618856,-2.638942573922705
67.0,Female,T4A,N0,Squamous cell carcinoma,0,60.96340379333436,0.4523466730325649,0.26122214906814933,58.26523100294986,0.4257777818384208,0.23579054339519684,-2.698172790384497
77.0,Male,T3,N3,Epithelial-myoepithelial carcinoma,1,72.45433923153988,0.5640482756438183,0.37948339070459636,69.95212305281672,0.5399344989019081,0.3524391250056382,-2.5022161787231596
77.0,Male,T3,N0,Adenocarcinoma,0,72.22517253876516,0.5618447939413337,0.3769782391669263,69.71722053028614,0.5376646141730137,0.34993561062385325,-2.507952008479023
72.0,Male,T4A,N0,Carcinoma NOS,0,55.887759060805266,0.40227134464567965,0.21418628571769008,53.166745218142495,0.37526918318068975,0.19042736901610177,-2.721013842662771
67.0,Male,T4A,N2,Adenocarcinoma,0,52.38602739894439,0.36750415366896444,0.18380767961814312,49.67404943668113,0.34047925811818985,0.16152239098850427,-2.711977962263262
57.0,Female,T3,N0,Myoepithelial carcinoma,0,81.82105756802451,0.6532428872090782,0.48649773139813746,79.61200001225953,0.6323600421911927,0.4604731299832074,-2.2090575557649856
87.0,Female,T4A,N2,Adenocarcinoma,0,33.466218879002525,0.17913591229908082,0.05448561474897446,31.200991914550727,0.15710810993804206,0.0436372082220519,-2.2652269644517986
42.0,Female,T3,N0,Adenocarcinoma,0,98.80917174615115,0.8107433702808721,0.7011616126671419,97.39845058284848,0.7978678745307975,0.6824230129580982,-1.410721163302668
57.0,Male,T4A,N1,Adenoid cystic carcinoma,0,66.7308147329572,0.5087159057707494,0.3186512839626868,64.10709855517081,0.48314627934603527,0.29202322962415905,-2.6237161777863918
87.0,Male,T4A,N2,Carcinoma NOS,0,26.777758002671746,0.11523619401431909,0.025827284530085644,24.852848438609776,0.09772051817574026,0.019539629779223685,-1.92490956406197
67.0,Female,T4A,N2,Carcinoma NOS,1,45.72238503563915,0.30099776300248815,0.13111639209808343,43.08752888065904,0.2746479259400114,0.11228764729485846,-2.634856154980106
72.0,Female,T3,N1,Adenocarcinoma,0,67.4377237449367,0.515583439385969,0.32596433195646696,64.82651398380554,0.49016990205623284,0.2992428098660905,-2.611209761131164
67.0,Male,T4A,N3,Adenoid cystic carcinoma,0,53.72104105875254,0.3807776974949701,0.1951813130959426,51.00315234294682,0.35373308063191883,0.17230460097632086,-2.717888715805721
72.0,Female,T4B,N0,Squamous cell carcinoma,0,49.77095431353895,0.3414461376389685,0.16229931176419637,47.079609863588864,0.31456725010840486,0.141273869040088,-2.691344449950087
77.0,Female,T3,N0,unspecified neoplasms,0,43.6075011618573,0.2798472287187011,0.11590813501626109,41.014507621625214,0.25393331475272957,0.09833393938812672,-2.5929935402320865
77.0,Female,T3,N2,Epithelial-myoepithelial carcinoma,0,71.10860918726061,0.5510944053316318,0.3648535991509124,68.57373235464485,0.5266000429803351,0.33783697269041674,-2.5348768326157654
82.0,Female,T4A,N3,Squamous cell carcinoma,0,32.61022714520803,0.17077766427643015,0.050253613653742445,30.382843224747507,0.14923256875244653,0.040000283503554224,-2.2273839204605217
77.0,Female,T4A,N0,Carcinoma ex pleomorphic adenoma,0,72.13637868342747,0.5609907527521075,0.3760091003032033,69.6262233686958,0.5367850185187681,0.3489674451303801,-2.510155314731662
82.0,Female,T3,N0,Neuroendocrine carcinoma,0,52.40626583754118,0.36770553633825753,0.1839781471477447,49.69417522543127,0.34068007209728135,0.1616836264163393,-2.712090612109904
82.0,Male,T3,N1,Squamous cell carcinoma,0,47.81943452784738,0.3219606625778662,0.14693807311039553,45.15151621212988,0.29528876236368046,0.12693593303737358,-2.6679183157175004
72.0,Male,T4A,N2,Squamous cell carcinoma,1,39.00234088476733,0.23386718865045422,0.08554779950030553,36.531342851428874,0.20932449532659425,0.07091427566528799,-2.4709980333384536
77.0,Male,T4A,N0,Carcinoma NOS,0,50.67124835475528,0.35042489861629994,0.1695866777293189,47.971427978191386,0.3234792274984921,0.14811272366313913,-2.699820376563892
72.0,Male,T4A,N1,Mucoepidermoid carcinoma,0,63.672183555164096,0.4788957000542139,0.2876891465317162,61.0027658155623,0.4527333742734995,0.2616001374452531,-2.6694177396017977
90.0,Male,T4A,N2,Neuroendocrine carcinoma,0,19.397735598768158,0.052095740624915704,0.006739877780639086,17.966894913461786,0.041580621217787335,0.004602276076318628,-1.4308406853063715
82.0,Male,T3,N1,Squamous cell carcinoma,0,47.81943452784738,0.3219606625778662,0.14693807311039553,45.15151621212988,0.29528876236368046,0.12693593303737358,-2.6679183157175004
42.0,Female,T3,N0,Adenoid cystic carcinoma,0,98.30115517056942,0.8061108977023722,0.6943957483309929,96.8619876560447,0.7929621863078241,0.6753381281653659,-1.439167514524712
87.0,Male,T3,N1,Basal cell carcinoma,0,40.310691804540426,0.2469086488930105,0.09377508732542428,37.800627894951624,0.22191429718989508,0.07828078038172395,-2.5100639095888013
82.0,Female,T4A,N0,Adenocarcinoma,0,53.89684170613822,0.3825239672639255,0.19669837147001237,51.178403099888264,0.35547940833592795,0.17374646315688275,-2.718438606249954
72.0,Female,T4A,N0,Epithelial-myoepithelial carcinoma,0,77.32025803204387,0.610595842010485,0.43397618151744477,74.95629671331906,0.5880392536793233,0.4071961124541625,-2.3639613187248045
87.0,Male,T3,N1,Squamous cell carcinoma,0,42.73855222203238,0.27115898921892523,0.1098845652135839,40.16529809945371,0.24545820927615647,0.09284483165742108,-2.5732541225786747
87.0,Male,T4A,N0,Adenocarcinoma,0,47.842405564537216,0.3221901747874483,0.14711536148916435,45.174170746022085,0.2955153290603205,0.12710078148210951,-2.6682348185151312
87.0,Male,T3,N0,Epithelial-myoepithelial carcinoma,0,75.60984832113722,0.5942861690598149,0.4145427859376757,73.19375030011545,0.5711509666694055,0.3876046109464647,-2.4160980210217673
82.0,Female,T3,N0,Adenocarcinoma,0,68.17805089219242,0.5227656167533308,0.3336848906890867,65.58070696378792,0.4975229590807795,0.3068781110276561,-2.5973439284044986
62.0,Male,T3,N0,complex mixed and stromal neoplasms,0,72.04835399737198,0.5601439601610742,0.37504919460199665,69.53602502025656,0.5359129892257244,0.3480086911979574,-2.5123289771154163
77.0,Male,T3,N0,Squamous cell carcinoma,0,64.14207026611868,0.4834879227918722,0.2923727350632376,61.47877309838361,0.45740768164348616,0.2661867906477273,-2.6632971677350668
82.0,Male,T4A,N3,Squamous cell carcinoma,0,31.894524006918946,0.16382009448824397,0.046838252770840784,29.700051680880847,0.14269915325467464,0.037082085332609684,-2.194472326038099
67.0,Male,T4A,N2,Carcinoma ex pleomorphic adenoma,0,65.8228163388282,0.4998812141305862,0.3093435307103001,63.18409753034388,0.47412143568173293,0.2828527449927767,-2.6387188084843274
57.0,Male,T3,N0,Adenocarcinoma,0,88.99774339440884,0.7204399865637449,0.5741638093041119,87.08633451778577,0.7026388539670755,0.5503635160138011,-1.9114088766230708
72.0,Male,T4A,N1,Squamous cell carcinoma,0,43.81094487090318,0.28188170091360853,0.1173375915460232,41.213545381087336,0.25592080479980467,0.09963980460839614,-2.5973994898158423
67.0,Male,T4A,N1,Mucoepidermoid carcinoma,1,68.67840154634598,0.5276138663307923,0.33893829288856175,66.09087046449473,0.502490925394857,0.3120812317921469,-2.587531081851253
87.0,Male,T4A,N0,Mucoepidermoid carcinoma,0,59.301206232341386,0.43599313784515675,0.24544249267757745,56.59101161642191,0.40923336784508635,0.22049633382429012,-2.7101946159194767
67.0,Male,T3,N1,Adenocarcinoma,1,71.5117249771333,0.5549784026411294,0.3692153874464391,68.98637261038301,0.5305956675710943,0.3421859265230885,-2.5253523667502833
47.0,Female,T3,N2,Squamous cell carcinoma,0,78.62264278031445,0.6229767909778434,0.44897069707707105,76.30089536335055,0.6008824916780174,0.4223586067404632,-2.321747416963902
72.0,Female,T4NOS,N0,Adenoid cystic carcinoma,0,59.68907204263493,0.4398132602874944,0.24909252673018217,56.98129354852702,0.4130939054791574,0.22402758093239386,-2.707778494107913
77.0,Female,T4B,N0,Adenoid cystic carcinoma,0,52.1124891859011,0.36478184944963904,0.18150963592917382,49.40210388116984,0.33776546714169625,0.1593499213149215,-2.710385304731254
62.0,Female,T3,N0,Mucoepidermoid carcinoma,0,93.607991693389,0.7630934136225788,0.6328565073163364,91.9188675861957,0.7475118580100992,0.6111451042268852,-1.6891241071932939
62.0,Male,T3,N0,Carcinoma ex pleomorphic adenoma,0,94.34397544894944,0.7698660893385282,0.642390050152044,92.6924969371957,0.7546548745307042,0.6210597259835842,-1.6514785117537372
72.0,Male,T4B,N3,Squamous cell carcinoma,1,35.68327103145154,0.20093768393505443,0.06617341736446963,33.32762808856988,0.17778012612204303,0.05378965145688825,-2.3556429428816585
62.0,Male,T4B,N2,Mucoepidermoid carcinoma,0,63.03039714401723,0.4726171227762139,0.2813358080311907,60.353155987913254,0.44634810795074176,0.2553874104677316,-2.6772411561039746
77.0,Male,T3,N1,Squamous cell carcinoma,0,53.01282093397135,0.3737388291842108,0.18911516731637126,50.297684474694506,0.3467002003676149,0.16654774218069954,-2.7151364592768417
82.0,Male,T3,N2,Squamous cell carcinoma,0,42.86346222549243,0.2724077326439803,0.11074222095082188,40.287278361185514,0.246675060046108,0.09362501628964152,-2.5761838643069126
87.0,Male,T3,N1,Squamous cell carcinoma,0,42.73855222203238,0.27115898921892523,0.1098845652135839,40.16529809945371,0.24545820927615647,0.09284483165742108,-2.5732541225786747
57.0,Male,T4A,N2,Adenosquamous carcinoma,0,118.16078213334038,0.9838697646232628,0.9728580293888407,118.02191973317966,0.982649724033098,0.970817534440808,-0.13886240016071838
42.0,Female,T3,N2,Adenoid cystic carcinoma,0,88.45381600620686,0.7153813707061419,0.5673584952242089,86.51774972467865,0.6973302074471098,0.5433457447433041,-1.9360662815282126
67.0,Male,T3,N0,Squamous cell carcinoma,1,73.91513941841728,0.5780703894070062,0.39558379486098666,71.4511463811036,0.5543949300402881,0.36855878583165774,-2.463993037313685
57.0,Female,T3,N0,Acinar cell carcinoma,0,92.04382595154917,0.7486663676070809,0.6127431589786578,90.27665049374536,0.7323120901472772,0.5902653358738305,-1.767175457803802
72.0,Male,T4A,N1,Mucoepidermoid carcinoma,0,63.672183555164096,0.4788957000542139,0.2876891465317162,61.0027658155623,0.4527333742734995,0.2616001374452531,-2.6694177396017977
17.0,Female,T3,N0,Squamous cell carcinoma,1,106.19255616456056,0.8775531041369574,0.8016979351449413,105.22477795428264,0.8688504370976942,0.788290954454525,-0.9677782102779133
27.0,Male,T4A,N2,Mucoepidermoid carcinoma,0,96.40088549453783,0.7887414560707625,0.6692666973064008,94.85769860215547,0.7745875669779848,0.6490706824525984,-1.5431868923823657
62.0,Female,T3,N2,Carcinoma NOS,0,65.29284127912496,0.4947176182741607,0.3039558065637321,62.645922299437174,0.4688523210163094,0.2775540509590834,-2.646918979687783
67.0,Male,T4B,N1,Squamous cell carcinoma,1,43.0531135073933,0.274303831904386,0.11204970027631372,40.47254076262324,0.24852354665792464,0.09481527876023042,-2.580572744770059
32.0,Female,T4A,N1,Mucoepidermoid carcinoma,0,96.80138237081354,0.7924076524179694,0.6745391634725791,95.2798032990548,0.778463380158708,0.6545758575527254,-1.5215790717587367
67.0,Male,T3,N0,Mucoepidermoid carcinoma,0,89.71646380267735,0.7271156570276869,0.5831952666719857,87.83815012958866,0.7096488322250623,0.5596867227695659,-1.878313673088698
67.0,Female,T3,N0,Carcinoma ex pleomorphic adenoma,0,91.65743138371491,0.7450954682592074,0.6078059014941747,89.87138816489764,0.7285533638655787,0.5851478684242993,-1.7860432188172695
57.0,Female,T3,N2,Squamous cell carcinoma,1,69.32902591021173,0.5339111575400673,0.34581185738391124,66.7547835534692,0.5089489121750281,0.3188982930171092,-2.5742423567425305
82.0,Male,T4A,N2,Adenocarcinoma,0,37.29204234794776,0.21686487064892618,0.0752905387786703,34.877536913169706,0.19299175773626984,0.06180631499424755,-2.4145054347780572
47.0,Male,T3,N2,Carcinoma NOS,1,78.72068152436844,0.6239074544000155,0.45010622818713303,76.40219880711106,0.6018486970123407,0.42350844994502324,-2.318482717257382
77.0,Male,T3,N1,Squamous cell carcinoma,0,53.01282093397135,0.3737388291842108,0.18911516731637126,50.297684474694506,0.3467002003676149,0.16654774218069954,-2.7151364592768417
77.0,Female,T4B,N2,Carcinoma NOS,1,30.847483875129853,0.15369928890166148,0.0420471329059481,28.703260662224547,0.13323332292076887,0.033015964267275454,-2.144223212905306
72.0,Male,T3,N0,Squamous cell carcinoma,1,69.13197302279286,0.5320047587355621,0.3437250455592389,66.55364307977032,0.5069932488872677,0.3168275329438275,-2.5783299430225384
67.0,Male,T3,N0,Carcinoma ex pleomorphic adenoma,0,91.10159098354225,0.7399537389490062,0.6007254835725192,89.28869534284877,0.7231435986004763,0.5778145554955255,-1.8128956406934833
82.0,Male,T4A,N2,Squamous cell carcinoma,0,30.006845250212535,0.1456300967458355,0.03838002846385881,27.904784152449558,0.12572020459133662,0.02992739651086863,-2.1020610977629772
72.0,Male,T3,N2,Adenocarcinoma,0,61.672300265438814,0.4593069727127228,0.26805977332197123,58.98056658316106,0.4328332781685691,0.24243999782055972,-2.691733682277757
82.0,Female,T3,N1,Adenocarcinoma,0,57.218501821826095,0.415439169241674,0.2261839950553068,54.499450767542825,0.388506770800321,0.20193224577729266,-2.7190510542832698
67.0,Male,T4A,N2,Carcinoma NOS,0,44.88384774935095,0.292611791692701,0.12499481850486462,42.26455215822419,0.2664210507498984,0.10665533440220255,-2.6192955911267575
87.0,Male,T4A,N2,Squamous cell carcinoma,0,26.0727526656971,0.10875897360901843,0.023418862450265438,24.189739042956695,0.09182161888162696,0.01758569487845652,-1.8830136227404033
57.0,Male,T3,N2,Carcinoma ex pleomorphic adenoma,1,87.08342421076341,0.7026116972428869,0.5503275224478062,85.08673405912035,0.6839421518134587,0.5258113731481815,-1.9966901516430653
87.0,Female,T3,N2,Carcinoma NOS,0,39.6707943584058,0.24052713592718666,0.08971067085426541,37.17939228949783,0.21574728083446054,0.0746351578125929,-2.4914020689079734
82.0,Male,T4A,N0,Squamous cell carcinoma,1,44.566211965254844,0.28943505379933826,0.12270721471214471,41.95316514265197,0.26330924887633284,0.10455590790442672,-2.6130468226028754
77.0,Male,T3,N1,Squamous cell carcinoma,0,53.01282093397135,0.3737388291842108,0.18911516731637126,50.297684474694506,0.3467002003676149,0.16654774218069954,-2.7151364592768417
82.0,Male,T4A,N2,Adenocarcinoma,0,37.29204234794776,0.21686487064892618,0.0752905387786703,34.877536913169706,0.19299175773626984,0.06180631499424755,-2.4145054347780572
67.0,Female,T3,N1,Carcinoma ex pleomorphic adenoma,0,83.7428703669825,0.6713338317617471,0.5095139551922402,81.6075509916878,0.6512286603438483,0.4839620976629607,-2.1353193752946993
77.0,Male,T4A,N2,Adenocarcinoma,0,42.14009713503013,0.2651772527285101,0.10581413846375859,39.58131221369208,0.23963520615962708,0.08914847374437591,-2.5587849213380522
67.0,Female,T3,N1,Adenoid cystic carcinoma,0,71.38661867526933,0.5537733436260988,0.36785981943582635,68.85828659347875,0.5293557457779194,0.3408339251880907,-2.5283320817905803
62.0,Male,T3,N0,Neuroendocrine carcinoma,1,71.88359097934284,0.5585585492832065,0.3732547067728553,69.36722167022567,0.5342805993854347,0.34621685901725674,-2.5163693091171666
67.0,Female,T3,N2,Mixed tumor,0,85.319421693857,0.6861217512530285,0.5286499565974989,83.24789311297084,0.6666811615161582,0.5035530525074045,-2.0715285808861523
77.0,Male,T4A,N2,Undifferentiated carcinoma,0,27.49290856953902,0.12187149905217919,0.028393577839911574,25.526678776473666,0.1037896794329568,0.02163699256095899,-1.9662297930653523
77.0,Male,T3,N2,Neuroendocrine carcinoma,0,40.73005665634926,0.2510936102032401,0.09648037875552477,38.20822081668874,0.2259652210479335,0.08071404664091382,-2.5218358396605254
57.0,Female,T4A,N2,Squamous cell carcinoma,1,55.120603107402985,0.394668582232298,0.2073813446429336,52.39979174484971,0.36764111636686575,0.18392360953858283,-2.7208113625532775
72.0,Female,T3,N0,Acinar cell carcinoma,0,80.71076943058777,0.6427587971242168,0.47335910939092724,78.46115786138078,0.6214434393225778,0.4471023672598813,-2.2496115692069907
77.0,Male,T4B,N2,Adenocarcinoma,1,36.584139986815174,0.20984733504110067,0.07121425625760545,34.194845141268424,0.18627860351220324,0.05821231792238628,-2.3892948455467504
82.0,Male,T4A,N2,Carcinoma ex pleomorphic adenoma,0,50.316815079689306,0.34689097816612247,0.16670284904147611,47.6201579186656,0.3199694876419096,0.14540364807743747,-2.6966571610237082
90.0,Female,T4A,N0,Adenoid cystic carcinoma,0,44.6418109109577,0.29019113435992017,0.12325010891064309,42.02725909886048,0.2640496390851266,0.10505387568369881,-2.6145518120972184
57.0,Male,T4B,N2,Carcinoma NOS,1,49.24116614785831,0.3361591563840108,0.1580696963173764,46.55549283427925,0.30932792229596023,0.13731523927783157,-2.685673313579059
87.0,Male,T4A,N2,"epithelial neoplasms, NOS",1,17.083868966105506,0.03550754448123623,0.0035232396643945863,15.831012197040502,0.02752367558885113,0.0022896423960344354,-1.2528567690650032
87.0,Male,T3,N2,Carcinoma ex pleomorphic adenoma,0,59.62225077550461,0.4391553081502197,0.24846229890116228,56.91403904693301,0.41242880948099087,0.22341757961189393,-2.708211728571598
90.0,Female,T4A,N2,Squamous cell carcinoma,0,24.49259791796051,0.09450629504348722,0.018464518364058435,22.707658912987533,0.07893794120673411,0.013616176677175747,-1.7849390049729763
72.0,Male,T3,N2,Squamous cell carcinoma,1,53.143298639317194,0.3750360901007539,0.19022726384881958,50.427590244050464,0.3479956037148717,0.16760209626502914,-2.7157083952667307
77.0,Male,T3,N0,Squamous cell carcinoma,0,64.14207026611868,0.4834879227918722,0.2923727350632376,61.47877309838361,0.45740768164348616,0.2661867906477273,-2.6632971677350668
77.0,Male,T3,N3,Squamous cell carcinoma,1,50.26115981680593,0.3463359529055311,0.16625176442623654,47.56501980057937,0.31941850724293186,0.14498021987093837,-2.6961400162265576
57.0,Male,T4A,N2,Carcinoma ex pleomorphic adenoma,1,75.45335221271051,0.5927910671785193,0.41277958430738654,73.03267330785948,0.5696045777613881,0.3858304813416713,-2.42067890485103
62.0,Male,T3,N0,Squamous cell carcinoma,0,78.44589811982041,0.6212985170263496,0.44692594988929285,76.11829573523079,0.5991404031365603,0.4202886476521087,-2.3276023845896248
87.0,Female,T4A,N0,Squamous cell carcinoma,0,40.406847513730334,0.24786803465413348,0.09439248307393194,37.894052470802364,0.22284249579203355,0.07883562901266611,-2.5127950429279693
72.0,Female,T4A,N3,Acinar cell carcinoma,0,54.110603348148416,0.3846467745166365,0.19854900869661413,51.391567182063454,0.3576031050999061,0.1755065183073796,-2.719036166084962
77.0,Female,T3,N0,Small cell carcinoma,1,40.78609844514558,0.25165301527783296,0.0968443777663568,38.26271681627653,0.22650710163298665,0.08104184526165886,-2.5233816288690534
57.0,Male,T4B,N0,Squamous cell carcinoma,1,64.4609891383389,0.48660246782802774,0.29556683241441933,61.80203405014967,0.46057982869335695,0.2693180029087613,-2.6589550881892308
57.0,Male,T3,N3,Squamous cell carcinoma,0,70.69815456434377,0.5471365051576688,0.36043065205090646,68.15380911638924,0.5225306014684823,0.3334310893624948,-2.5443454479545267
77.0,Male,T3,N1,Squamous cell carcinoma,0,53.01282093397135,0.3737388291842108,0.18911516731637126,50.297684474694506,0.3467002003676149,0.16654774218069954,-2.7151364592768417
72.0,Male,T4B,N3,Carcinoma NOS,0,36.55149126993433,0.20952401181560845,0.07102868763337557,34.16338523129545,0.1859697125230436,0.058049071508827384,-2.388106038638881
62.0,Female,T3,N0,Sarcoma,1,116.2177146206927,0.9667697995506904,0.9444187810857737,115.93538387556988,0.9642800654190878,0.9403068767043137,-0.2823307451228203
72.0,Male,T4A,N3,Squamous cell carcinoma,1,41.17890978508596,0.25557492460545905,0.09941204033937726,38.644873617014916,0.23030871993415594,0.08335680135082309,-2.5340361680710473
82.0,Male,T4A,N2,Adenocarcinoma,0,37.29204234794776,0.21686487064892618,0.0752905387786703,34.877536913169706,0.19299175773626984,0.06180631499424755,-2.4145054347780572
47.0,Female,T3,N0,Adenoid cystic carcinoma,0,95.47014177344772,0.7802100214536436,0.6570629868229241,93.87739451261123,0.7655736733465532,0.6363410725491467,-1.5927472608364894
67.0,Male,T4A,N3,Adenocarcinoma,1,54.71834927643533,0.3906788362881253,0.20384630252413743,51.99803836733561,0.363642561381418,0.18055141416121587,-2.720310909099723
72.0,Male,T3,N0,Carcinoma NOS,0,70.04500464981292,0.5408317329153638,0.3534307197887816,67.48607158821726,0.5160527922589162,0.32646660886802936,-2.558933061595667
62.0,Male,T4A,N0,Adenocarcinoma,0,73.23570461340007,0.5715536589906899,0.38806715504166794,70.75357781305308,0.5476711241547958,0.3610267986329032,-2.4821268003469896
77.0,Male,T4A,N0,Squamous cell carcinoma,0,49.69856242010401,0.34072384681834317,0.1617187822853427,47.00796289045582,0.31385110226890417,0.14073006244901562,-2.690599529648189
62.0,Male,T4A,N3,Mucoepidermoid carcinoma,1,70.9733852640183,0.5497908341703299,0.363394423885071,68.43536340062462,0.5252594875619275,0.3363829740082579,-2.5380218633936806
67.0,Male,T3,N0,Adenocarcinoma,0,81.20221162305793,0.6474022595070255,0.47916012576633266,78.97036375928721,0.626276800941326,0.45300243404291396,-2.2318478637707244
87.0,Male,T4A,N0,Adenocarcinoma,0,47.842405564537216,0.3221901747874483,0.14711536148916435,45.174170746022085,0.2955153290603205,0.12710078148210951,-2.6682348185151312
57.0,Male,T3,N2,Adenocarcinoma,0,76.28894854277735,0.6007685329804191,0.422223073257677,73.89309816197441,0.5778591226755366,0.3953391873571739,-2.3958503808029405
82.0,Male,T3,N1,Squamous cell carcinoma,0,47.81943452784738,0.3219606625778662,0.14693807311039553,45.15151621212988,0.29528876236368046,0.12693593303737358,-2.6679183157175004
82.0,Male,T3,N2,Carcinoma NOS,1,43.80309179193594,0.28180316713737535,0.1172822793732831,41.20586086492355,0.2558440642446898,0.09958925207004578,-2.59723092701239
72.0,Male,T4A,N2,Squamous cell carcinoma,0,39.00234088476733,0.23386718865045422,0.08554779950030553,36.531342851428874,0.20932449532659425,0.07091427566528799,-2.4709980333384536
77.0,Male,T4A,N1,Squamous cell carcinoma,0,38.88207060186859,0.23266968489382672,0.08480788491151008,36.414842992121876,0.2081711030926889,0.07025434688614893,-2.4672276097467147
52.0,Male,T3,N3,Adenocarcinoma,1,82.54147263323358,0.6600328223406592,0.4950852033277373,80.35953390089574,0.6394372403558627,0.46922727952082505,-2.1819387323378407
47.0,Male,T3,N3,Carcinoma NOS,1,80.64630537812131,0.6421493533420121,0.4725998858855259,78.3943857591807,0.6208092690550446,0.4463305870297049,-2.2519196189406188
72.0,Male,T3,N0,Carcinoma NOS,0,70.04500464981292,0.5408317329153638,0.3534307197887816,67.48607158821726,0.5160527922589162,0.32646660886802936,-2.558933061595667
42.0,Male,T3,N3,Adenoid cystic carcinoma,0,89.46548978565036,0.7247856466505201,0.5800364666326641,87.57555313493194,0.707201578128061,0.5564246202242801,-1.8899366507184254
72.0,Male,T4A,N1,Carcinoma ex pleomorphic adenoma,0,65.69723257938924,0.4986581057508392,0.30806383415841065,63.05653340505816,0.47287295592131745,0.28159355261202224,-2.6406991743310755
77.0,Male,T4A,N3,Adenocarcinoma,1,44.3802713588999,0.2875754309080448,0.12137610971170458,41.77097344508539,0.26148884583133447,0.10333566924535927,-2.6092979138145083
77.0,Male,T4A,N3,Acinar cell carcinoma,0,48.05344273284025,0.3242985777990873,0.14874810117541154,45.38234597109346,0.29759724843637075,0.12861966592339835,-2.671096761746796
90.0,Male,T3,N1,Acinar cell carcinoma,0,51.759929986626666,0.3612718705194364,0.17856415113580282,49.05179058174275,0.33426874627491787,0.15656846013811598,-2.708139404883916
67.0,Male,T3,N3,Adenocarcinoma,1,68.95190989580593,0.5302620857583985,0.3418219761823726,66.36989250526918,0.5052060100771376,0.31493993793896424,-2.5820173905367483
90.0,Female,T4A,N0,Squamous cell carcinoma,0,37.52056745259074,0.21913300052633333,0.07662781873456063,35.09815348342193,0.1951650820384869,0.06298865324358588,-2.422413969168808
62.0,Male,T4A,N0,Mucoepidermoid carcinoma,0,82.92571563721796,0.663650240669371,0.499685347640118,80.75849822637392,0.6432099739283549,0.4739214905720186,-2.167217410844046
77.0,Male,T4A,N3,Squamous cell carcinoma,0,36.38211556123935,0.20784716025913877,0.0700694528170101,34.00021389591947,0.184368295471858,0.05720574446414867,-2.38190166531988
67.0,Female,T3,N2,squamous cell neoplasms,0,96.91612111632885,0.7934574470393686,0.6760520199251309,95.40076363272604,0.7795734496689425,0.6561560938460874,-1.5153574836028127
42.0,Female,T3,N0,Adenoid cystic carcinoma,0,98.30115517056942,0.8061108977023722,0.6943957483309929,96.8619876560447,0.7929621863078241,0.6753381281653659,-1.439167514524712
77.0,Male,T4A,N2,Squamous cell carcinoma,0,34.33471156208948,0.1876524017567876,0.05894062894771803,32.032767314024085,0.16516164718529258,0.0474891390398386,-2.3019442480653964
57.0,Female,T3,N2,Small cell carcinoma,0,45.1632805700607,0.2954064171019432,0.12702152693192686,42.53864922511438,0.2691606840169523,0.10851777936662131,-2.624631344946316
77.0,Male,T4A,N3,Squamous cell carcinoma,0,36.38211556123935,0.20784716025913877,0.0700694528170101,34.00021389591947,0.184368295471858,0.05720574446414867,-2.38190166531988
77.0,Male,T3,N2,Squamous cell carcinoma,1,47.94827040188323,0.3232478693745911,0.14793351498458926,45.278589596614104,0.2965596084351197,0.12786172308390265,-2.669680805269124
82.0,Male,T3,N0,Adenocarcinoma,0,67.36181047269474,0.5148463977705436,0.3251762270659962,64.74922322028604,0.48941576486755883,0.2984641784235005,-2.6125872524087015
77.0,Male,T4A,N2,Small cell carcinoma,1,17.55783669215726,0.038724652400889466,0.004080184174182217,16.267773553227315,0.030216725392971565,0.0026814430490505977,-1.2900631389299448
67.0,Female,T3,N0,Epithelial-myoepithelial carcinoma,0,92.06813961137962,0.7488909714925457,0.6130542506085586,90.30215689819558,0.7325485538461047,0.5905878879994053,-1.7659827131840444
77.0,Male,T4A,N1,Adenocarcinoma,0,47.07291597212553,0.31450034227145923,0.1412230262726415,44.415818625371315,0.28793094377996103,0.12163012410795242,-2.657097346754213
67.0,Male,T4A,N2,Mucoepidermoid carcinoma,1,63.7993288105983,0.4801386867179046,0.28895380907415535,61.1315345689513,0.45399824276326123,0.26283806787853986,-2.6677942416469946
82.0,Male,T3,N1,Small cell carcinoma,1,26.268638368904966,0.11055193429639529,0.024075875245081566,24.373868359134384,0.09345187809504066,0.018117267444483196,-1.894770009770582
67.0,Female,T4A,N1,Acinar cell carcinoma,0,62.044206614860144,0.46295507451753115,0.2716723953278471,59.35616114987032,0.43653454314510526,0.2459584514487342,-2.688045464989827
72.0,Male,T4A,N0,Squamous cell carcinoma,0,54.91025843809168,0.39258255996511277,0.20552996131218626,52.189674786194914,0.365550101613979,0.18215696100924442,-2.720583651896767
47.0,Female,T3,N2,Adenocarcinoma,1,85.41209602886053,0.6869895495284757,0.5297818659553135,83.34440868162191,0.6675887544147607,0.5047135881865035,-2.0676873472386177
82.0,Female,T3,N0,Adenoid cystic carcinoma,0,67.23203383653708,0.5135861478402899,0.3238304737022448,64.61711087320506,0.48812647452066354,0.2971349347558859,-2.6149229633320203
57.0,Female,T3,N2,Acinar cell carcinoma,0,80.18024423070703,0.6377408188637405,0.4671227457676467,77.9117907584261,0.616223240638325,0.44076567251930876,-2.268453472280939
77.0,Female,T4A,N0,Acinar cell carcinoma,0,62.81014807218384,0.47046074900189405,0.279167161250076,60.13036557096436,0.4441565803739584,0.2532691975374112,-2.679782501219485
62.0,Male,T4A,N2,Adenocarcinoma,1,57.603525187900985,0.41924404427312656,0.22970043904597715,54.88558356948341,0.39233781539890183,0.20531319124588282,-2.7179416184175764
82.0,Female,T3,N0,Adenoid cystic carcinoma,0,67.23203383653708,0.5135861478402899,0.3238304737022448,64.61711087320506,0.48812647452066354,0.2971349347558859,-2.6149229633320203
77.0,Male,T4A,N0,Squamous cell carcinoma,0,49.69856242010401,0.34072384681834317,0.1617187822853427,47.00796289045582,0.31385110226890417,0.14073006244901562,-2.690599529648189
90.0,Male,T3,N1,Mucoepidermoid carcinoma,0,59.490792873190294,0.4378607004689378,0.2472241498047627,56.78174946179502,0.4111203673818913,0.22221951166374435,-2.709043411395271
87.0,Female,T4A,N2,Mucoepidermoid carcinoma,0,43.978017934887816,0.28355252180589435,0.11851689459310788,41.37706098103853,0.2575538604697195,0.10071805956294543,-2.600956953849284
62.0,Male,T3,N0,Acinar cell carcinoma,0,87.97684012990649,0.7109408169650975,0.5614120370430283,86.01942891292384,0.6926725312932598,0.5372188956416498,-1.9574112169826492
77.0,Male,T4A,N2,Carcinoma NOS,0,35.184921464240915,0.1960203416627592,0.06345644422030981,32.848655742688905,0.1731019360612122,0.05141639176772281,-2.33626572155201
90.0,Female,T3,N2,Squamous cell carcinoma,1,35.93797168825502,0.20345412637882296,0.06758180033530785,33.57263524465072,0.18017757766651382,0.055022814513234417,-2.365336443604299
77.0,Female,T3,N0,Mixed tumor,0,89.50037178107945,0.7251095574643989,0.5804751732137344,87.61204631843253,0.7075417519198185,0.5568775929787221,-1.8883254626469181
57.0,Male,T4A,N2,Squamous cell carcinoma,1,54.25970833160956,0.38612714090525724,0.19984376637130058,51.540301413491754,0.35908462146344633,0.1767386473722761,-2.719406918117805
72.0,Male,T3,N0,Adenoid cystic carcinoma,0,75.98769129507971,0.5978939778506784,0.41881019206556647,73.58278487369324,0.5748837566557068,0.3919008447261632,-2.404906421386471
42.0,Female,T3,N0,Adenoid cystic carcinoma,0,98.30115517056942,0.8061108977023722,0.6943957483309929,96.8619876560447,0.7929621863078241,0.6753381281653659,-1.439167514524712
42.0,Male,T3,N0,Acinar cell carcinoma,0,100.22509618908516,0.8236303615268116,0.7201243347254348,98.89506369404157,0.8115261377533892,0.7023075170878997,-1.3300324950435964
52.0,Male,T4A,N1,Squamous cell carcinoma,1,64.46775254700725,0.4866684990374141,0.2956347038232293,61.80889118295817,0.46064709792538383,0.269384566189552,-2.6588613640490806
52.0,Male,T4B,N0,Adenocarcinoma,1,77.13303019568711,0.6088132851217755,0.431834513479721,74.76317803927274,0.5861917648548102,0.40503368101119913,-2.3698521564143675
72.0,Male,T4A,N0,Mucoepidermoid carcinoma,1,74.18105546281357,0.580618471174988,0.3985388707871985,71.72432693576835,0.5570255564659431,0.3715228988180266,-2.456728527045229
67.0,Male,T4A,N1,Mucoepidermoid carcinoma,1,68.67840154634598,0.5276138663307923,0.33893829288856175,66.09087046449473,0.502490925394857,0.3120812317921469,-2.587531081851253
57.0,Female,T3,N2,Adenocarcinoma,1,77.03172081533832,0.607848456773601,0.43067712055372953,74.65869985126639,0.5851919634585533,0.4038654075008059,-2.3730209640719266
62.0,Male,T4B,N2,Carcinoma NOS,1,44.12020382230336,0.2849744921830574,0.11952434991773295,41.51626241764725,0.25894426897688533,0.1016398404532523,-2.603941404656112
62.0,Female,T4A,N0,Squamous cell carcinoma,1,66.05257583946556,0.5021181790685617,0.3116896007427465,63.41753985538333,0.47640540545612176,0.28516225603589784,-2.6350359840822293
62.0,Male,T4A,N0,Squamous cell carcinoma,1,65.22363831489363,0.49404298782797046,0.30325475525957146,62.57567903982978,0.4681642133621696,0.27686510834773037,-2.6479592750638545
77.0,Male,T3,N1,Carcinoma NOS,0,53.99049258252322,0.38345406110682717,0.1975083432817054,51.271782591730215,0.3564097815201439,0.17451663495670747,-2.718709990793002
67.0,Male,T3,N2,Oncocytic carcinoma,0,100.10372627826284,0.8225271233222817,0.7184928655710342,98.76669678139746,0.8103562300062794,0.700595155430501,-1.3370294968653837
77.0,Male,T4A,N2,Mucoepidermoid carcinoma,0,53.44143002687579,0.37799944341564673,0.19277763829541228,50.72452491922084,0.3509559947141693,0.1700218221349464,-2.716905107654952
82.0,Male,T3,N3,Small cell carcinoma,1,24.34911108357445,0.09323232675178265,0.018045302124404004,22.573361751863132,0.0777932359013809,0.013283738683126477,-1.7757493317113173
67.0,Male,T3,N2,Adenocarcinoma,1,66.74161777282472,0.5088209259204883,0.3187626056660109,64.11808729603523,0.4832536322357292,0.29213303452408834,-2.6235304767894974
57.0,Female,T3,N1,Adenoid cystic carcinoma,0,80.45875715722659,0.6403758142455963,0.4703933106385082,78.20015181199666,0.6189640349627079,0.44408805495254183,-2.258605345229924
67.0,Male,T4A,N0,Carcinoma NOS,0,61.07877459597621,0.45348002677109167,0.2623305993380012,58.38159670878538,0.42692607537020644,0.23686759663511145,-2.6971778871908327
62.0,Female,T3,N0,Acinar cell carcinoma,0,88.57830434467473,0.7165396257928104,0.5689137559724199,86.64785170067103,0.6985454591642538,0.5449489962656598,-1.930452644003708
67.0,Male,T3,N2,Squamous cell carcinoma,1,58.35825734020931,0.42669578032626987,0.23665142818597634,55.643187967196404,0.39984847183636346,0.21200791259123283,-2.715069373012909
77.0,Male,T4A,N2,Carcinoma NOS,1,35.184921464240915,0.1960203416627592,0.06345644422030981,32.848655742688905,0.1731019360612122,0.05141639176772281,-2.33626572155201
62.0,Male,T4A,N2,Adenoid cystic carcinoma,1,56.60858861568445,0.40940728253473785,0.22065492035340042,53.88827597013555,0.3824388909779474,0.1966243507961601,-2.720312645548894
82.0,Female,T4A,N0,Carcinoma NOS,0,46.35874860766171,0.30736089224279023,0.13584092857271204,43.712981946730565,0.2809020434176145,0.11664837207577551,-2.6457666609311445
72.0,Male,T3,N1,Carcinoma NOS,1,59.200499096678506,0.4350008627204267,0.244498006169137,56.48971617967611,0.4082310161852968,0.21958323475000407,-2.7107829170023976
32.0,Male,T3,N0,Mucoepidermoid carcinoma,0,107.36539366531107,0.8880781021931996,0.8180356707730795,106.47292685468176,0.8800712920858115,0.8055945929544428,-0.8924668106293154
37.0,Male,T4A,N0,Adenoid cystic carcinoma,1,92.5015960687486,0.7528932961813226,0.6186085656577477,90.75698626269683,0.736763120209436,0.5963489184871986,-1.7446098060517699
72.0,Male,T4A,N2,Squamous cell carcinoma,0,39.00234088476733,0.23386718865045422,0.08554779950030553,36.531342851428874,0.20932449532659425,0.07091427566528799,-2.4709980333384536
82.0,Female,T3,N2,Mucoepidermoid carcinoma,0,63.55027286176406,0.47770361566241815,0.28647840625189247,60.87932126800373,0.4515205394439489,0.26041537844191776,-2.6709515937603285
67.0,Female,T3,N0,Myoepithelial carcinoma,0,72.925546431416,0.5685758499480201,0.3846520947335281,70.4353469725948,0.5446006349862968,0.35760842867170856,-2.490199458821195
67.0,Male,T4A,N0,Carcinoma NOS,1,61.07877459597621,0.45348002677109167,0.2623305993380012,58.38159670878538,0.42692607537020644,0.23686759663511145,-2.6971778871908327
67.0,Male,T3,N1,Squamous cell carcinoma,1,63.38137758844891,0.47605166190079984,0.28480405395506153,60.70833794461191,0.44984021219286785,0.25877758579707616,-2.6730396438370008
62.0,Male,T4B,N2,Carcinoma NOS,1,44.12020382230336,0.2849744921830574,0.11952434991773295,41.51626241764725,0.25894426897688533,0.1016398404532523,-2.603941404656112
37.0,Male,T3,N2,Adenocarcinoma,1,92.01667633303681,0.748415552803835,0.6123958397845107,90.24816977709627,0.7320480379065326,0.5899052363372657,-1.7685065559405473
57.0,Male,T3,N0,Acinar cell carcinoma,0,91.49393428999974,0.743583658029943,0.605720541802348,89.6999570817778,0.7269624471408487,0.5829873441935282,-1.7939772082219463
62.0,Male,T3,N0,Adenocarcinoma,0,85.25526802946919,0.6855209231842647,0.5278668490479074,83.18108627598926,0.6660528325823463,0.5027502508694082,-2.074181753479934
47.0,Male,T4B,N2,Adenocarcinoma,1,67.05511885189674,0.5118676355246421,0.32199904709136157,64.43705079625427,0.486368750971216,0.2953266534002168,-2.6180680556424676
57.0,Male,T4B,N2,Acinar cell carcinoma,1,60.54775430334094,0.44826163710540906,0.257242822070315,57.84616894599624,0.42164072236215844,0.23192681394813766,-2.7015853573446975
72.0,Male,T3,N3,Adenocarcinoma,1,63.955460823207716,0.4816646550949482,0.2905094893134814,61.289693369672705,0.45555141626535195,0.2643614315269793,-2.665767453535011
77.0,Male,T3,N2,Adenocarcinoma,1,56.48954004852545,0.4082292731772867,0.21958164829503343,53.76905241733287,0.3812546451312288,0.19559518071706847,-2.720487631192576
52.0,Female,T4A,N3,Adenocarcinoma,1,70.79340704855072,0.548055285292781,0.3614554204351273,68.25123827343494,0.5234750750300312,0.33445153886802065,-2.5421687751157833
62.0,Male,T4B,N3,Squamous cell carcinoma,1,45.435682471906674,0.29813064645443776,0.12900999862828377,42.805994508754,0.2718332108115424,0.11034729197720836,-2.6296879631526764
82.0,Male,T3,N2,Adenocarcinoma,0,51.271606706011994,0.3564080291930407,0.17451518305410715,48.56693920195343,0.3294275651755568,0.1527506862423521,-2.7046675040585626
67.0,Male,T3,N3,Adenocarcinoma,1,68.95190989580593,0.5302620857583985,0.3418219761823726,66.36989250526918,0.5052060100771376,0.31493993793896424,-2.5820173905367483
72.0,Male,T3,N3,Squamous cell carcinoma,1,55.47602175872015,0.39819192934410286,0.2105237835579422,52.75499434535513,0.37117480924326857,0.18692497468770564,-2.7210274133650216
67.0,Female,T3,N2,Adenocarcinoma,0,67.56174492881067,0.5167873288284404,0.32725330629500077,64.95280338256487,0.49140189241511895,0.300516599505198,-2.608941546245802
72.0,Female,T3,N2,Myoepithelial carcinoma,1,52.04247367116869,0.36408490518326225,0.18092321016966156,49.33251704741943,0.3370709503324674,0.15879587511326249,-2.709956623749264
67.0,Male,T3,N0,Carcinoma ex pleomorphic adenoma,0,91.10159098354225,0.7399537389490062,0.6007254835725192,89.28869534284877,0.7231435986004763,0.5778145554955255,-1.8128956406934833
57.0,Male,T4A,N0,Squamous cell carcinoma,0,70.1738784457738,0.5420763788075111,0.3548081494563602,67.61777686318509,0.5173311436311677,0.32783623729268463,-2.5561015825887097
62.0,Male,T3,N2,Adenocarcinoma,1,71.63132022268357,0.5561300972506404,0.3705128313469905,69.1088363078739,0.5317808731159533,0.3434803114898753,-2.522483914809669
37.0,Male,T3,N2,Mucoepidermoid carcinoma,1,98.57844131735763,0.8086399749552092,0.6980862152137202,97.15476728190299,0.7956401585645628,0.6792019562708704,-1.4236740354546384
87.0,Male,T3,N3,Mucoepidermoid carcinoma,0,59.862400696330674,0.44151958856119544,0.2507299964176803,57.155778854668995,0.4148191140973293,0.22561304757690256,-2.706621841661679
72.0,Male,T4A,N1,Squamous cell carcinoma,0,43.81094487090318,0.28188170091360853,0.1173375915460232,41.213545381087336,0.25592080479980467,0.09963980460839614,-2.5973994898158423
72.0,Male,T4A,N0,Squamous cell carcinoma,0,54.91025843809168,0.39258255996511277,0.20552996131218626,52.189674786194914,0.365550101613979,0.18215696100924442,-2.720583651896767
82.0,Male,T3,N0,Epithelial-myoepithelial carcinoma,0,80.03921408560456,0.6364059688233997,0.46546948887424366,77.76581052074292,0.6148351238829284,0.43908689654716093,-2.2734035648616384
67.0,Male,T3,N3,Squamous cell carcinoma,0,60.672072367389546,0.4494837510557777,0.25843069140853236,57.97147944715114,0.42287809974209106,0.23307970196921166,-2.7005929202384067
82.0,Male,T3,N0,Myoepithelial carcinoma,0,57.050668756706074,0.4137799021394748,0.2246574641002067,54.33120976715698,0.3868369281337266,0.20046578074800042,-2.7194589895490964
82.0,Male,T4A,N1,Squamous cell carcinoma,0,34.22211370285845,0.1865463758934175,0.05835398518101653,31.924834902343747,0.1641141403203266,0.04698060163539188,-2.297278800514704
52.0,Male,T4A,N1,Carcinoma NOS,0,65.41349471426327,0.4958936082517976,0.3051794349664391,62.76840631871548,0.4700519750866487,0.278756834985012,-2.6450883955477877
72.0,Male,T4B,N0,unspecified neoplasms,0,29.31970356323759,0.13907663297483858,0.03550321280834176,27.25331576415727,0.11964162125774135,0.0275200617083676,-2.0663877990803172
82.0,Female,T3,N1,Acinar cell carcinoma,0,60.94473418569508,0.45216324945319447,0.2610429364275595,58.24640234196092,0.4255919610055668,0.23561643968848298,-2.6983318437341595
87.0,Male,T4A,N0,Adenocarcinoma,0,47.842405564537216,0.3221901747874483,0.14711536148916435,45.174170746022085,0.2955153290603205,0.12710078148210951,-2.6682348185151312
77.0,Male,T4A,N0,Squamous cell carcinoma,1,49.69856242010401,0.34072384681834317,0.1617187822853427,47.00796289045582,0.31385110226890417,0.14073006244901562,-2.690599529648189
67.0,Male,T3,N0,Adenoid cystic carcinoma,0,80.39362802429827,0.6397597653698289,0.4696278328585145,78.13271112757513,0.6183231736105885,0.4433102907880982,-2.2609168967231312
90.0,Female,T4A,N1,Squamous cell carcinoma,0,28.14532899482041,0.12797658023207972,0.030841920891896874,26.14243973253445,0.1093962147382559,0.023651521268334422,-2.0028892622859615
77.0,Male,T3,N0,Adenocarcinoma,0,72.22517253876516,0.5618447939413337,0.3769782391669263,69.71722053028614,0.5376646141730137,0.34993561062385325,-2.507952008479023
87.0,Male,T4B,N1,Squamous cell carcinoma,0,25.42410338436753,0.1028611838323513,0.021310471996218803,23.58065311870011,0.08647365299264793,0.015887679992807196,-1.8434502656674212
67.0,Female,T4A,N0,Mucoepidermoid carcinoma,0,79.4139552320719,0.6304832638913505,0.4581629689898251,77.11890356902941,0.6086787609370516,0.43167306416206597,-2.2950516630424858
82.0,Male,T3,N2,Adenocarcinoma,0,51.271606706011994,0.3564080291930407,0.17451518305410715,48.56693920195343,0.3294275651755568,0.1527506862423521,-2.7046675040585626
82.0,Male,T3,N2,Squamous cell carcinoma,0,42.86346222549243,0.2724077326439803,0.11074222095082188,40.287278361185514,0.246675060046108,0.09362501628964152,-2.5761838643069126
72.0,Female,T3,N0,Mucoepidermoid carcinoma,0,86.66558658259616,0.6987110915643701,0.5451676605940788,84.65084222824476,0.679856340982259,0.5205071064542616,-2.014744354351407
87.0,Male,T3,N1,"epithelial neoplasms, NOS",0,29.455213580309724,0.1403658110073873,0.03606187829346594,27.38170434851444,0.12083568772924484,0.02798642820384862,-2.073509231795285
67.0,Male,T4B,N2,Squamous cell carcinoma,1,38.27883327393492,0.22666736703520107,0.0811388983646604,35.83097641835912,0.20239675572965818,0.06698854164333812,-2.4478568555758002
67.0,Female,T3,N2,Oncocytic carcinoma,1,100.51124540520371,0.8262303838184829,0.7239752332803983,99.19776895385145,0.8142837541294805,0.7063505261917488,-1.3134764513522583
90.0,Male,T4A,N0,Squamous cell carcinoma,0,36.74516229848045,0.21144239164069867,0.07213262147945566,34.350038020771294,0.18780299180698581,0.059020688531809265,-2.395124277709158
77.0,Male,T4A,N3,Adenocarcinoma,0,44.3802713588999,0.2875754309080448,0.12137610971170458,41.77097344508539,0.26148884583133447,0.10333566924535927,-2.6092979138145083
77.0,Male,T4A,N0,Carcinoma NOS,0,50.67124835475528,0.35042489861629994,0.1695866777293189,47.971427978191386,0.3234792274984921,0.14811272366313913,-2.699820376563892
87.0,Male,T4A,N1,Squamous cell carcinoma,0,29.903522382019048,0.14464213457338845,0.037940477970500826,27.806755702101256,0.12480247239916929,0.02955865985822984,-2.096766679917792
72.0,Male,T3,N0,Adenocarcinoma,0,76.85090984927542,0.6061259945454289,0.4286140418769763,74.47226613904238,0.5834073666582699,0.4017835283605744,-2.3786437102330495
62.0,Male,T4A,N2,Carcinoma NOS,0,50.02385475172235,0.3439690959033638,0.16433376941834482,47.3299821973534,0.3170696566350555,0.14318080025268504,-2.6938725543689443
72.0,Male,T4A,N0,Adenocarcinoma,0,63.40409445899889,0.47627388372346946,0.28502905511862464,60.731333162276904,0.45006622496977516,0.2589976314044423,-2.672761296721987
87.0,Male,T3,N2,Mucoepidermoid carcinoma,0,57.54320987197702,0.41864814715799603,0.22914824931480574,54.825078518904434,0.3917376439212579,0.20478201596664775,-2.718131353072586
77.0,Male,T4A,N1,Squamous cell carcinoma,0,38.88207060186859,0.23266968489382672,0.08480788491151008,36.414842992121876,0.2081711030926889,0.07025434688614893,-2.4672276097467147
72.0,Male,T3,N0,Squamous cell carcinoma,0,69.13197302279286,0.5320047587355621,0.3437250455592389,66.55364307977032,0.5069932488872677,0.3168275329438275,-2.5783299430225384
62.0,Male,T3,N0,Acinar cell carcinoma,0,87.97684012990649,0.7109408169650975,0.5614120370430283,86.01942891292384,0.6926725312932598,0.5372188956416498,-1.9574112169826492
62.0,Female,T4A,N0,Mucoepidermoid carcinoma,0,83.59411762401504,0.6699360850879874,0.5077201769884633,81.45293199840951,0.6497694319176219,0.48212851719776706,-2.14118562560553
57.0,Female,T3,N0,Adenoid cystic carcinoma,0,88.90398891741377,0.7195684522801848,0.572988975507555,86.9883059762694,0.7017240392581822,0.5491515493036889,-1.915682941144368
52.0,Male,T4A,N1,"epithelial neoplasms, NOS",0,49.46558316215603,0.33839899261794637,0.15985600026641517,46.777445408540785,0.3115468081804961,0.13898612363409843,-2.688137753615244
57.0,Female,T4A,N2,Adenocarcinoma,0,63.60926160018926,0.47828046083750086,0.28706401813880156,60.939049400106995,0.4521073968768757,0.2609883760762598,-2.6702122000822612
77.0,Male,T3,N0,Adenoid cystic carcinoma,0,71.3133068516539,0.5530670442673877,0.3670662531895498,68.7832386195463,0.5286291085936894,0.34004262322269163,-2.5300682321076096
62.0,Female,T3,N1,Small cell carcinoma,1,45.03629799609111,0.2941364638457756,0.12609888310951978,42.41407268338753,0.26791547439770724,0.10766963189406549,-2.622225312703577
47.0,Female,T3,N0,Myoepithelial carcinoma,0,89.52477802820792,0.7253361778907961,0.580782189821642,87.6375806983342,0.7077797574434276,0.5571946089099452,-1.8871973298737146
57.0,Male,T4A,N0,Squamous cell carcinoma,0,70.1738784457738,0.5420763788075111,0.3548081494563602,67.61777686318509,0.5173311436311677,0.32783623729268463,-2.5561015825887097
67.0,Female,T4A,N2,Adenocarcinoma,0,53.246380249246684,0.3760608206676622,0.1911076142577823,50.53024077183133,0.34901910874360725,0.1684370707055191,-2.7161394774153536
77.0,Male,T3,N2,Carcinoma ex pleomorphic adenoma,0,69.71344027121137,0.537628076609127,0.3498953721141759,67.14732862830746,0.512763413300056,0.3229531515399324,-2.5661116429039055
57.0,Male,T4A,N2,Carcinoma NOS,0,55.237509401106614,0.3958276961731896,0.2084130130691218,52.51660361361108,0.3688033692382621,0.18490858313739758,-2.720905787495532
72.0,Male,T3,N2,Mucoepidermoid carcinoma,0,72.59343286348047,0.5653851952351189,0.3810066492183474,70.09473270054323,0.5413120372371062,0.3539620052051783,-2.49870016293724
62.0,Female,T4A,N2,Adenocarcinoma,0,58.460854857611544,0.4277080696557057,0.23760222473427406,55.746246868339256,0.4008695415435185,0.2129248324552924,-2.714607989272288
57.0,Male,T3,N2,Squamous cell carcinoma,1,68.52048612931772,0.5260842220171172,0.3372771972459215,65.92981971726384,0.5009231322534689,0.31043536499850155,-2.590666412053878
87.0,Male,T3,N2,Mucoepidermoid carcinoma,0,57.54320987197702,0.41864814715799603,0.22914824931480574,54.825078518904434,0.3917376439212579,0.20478201596664775,-2.718131353072586
57.0,Male,T4A,N0,Myoepithelial carcinoma,0,68.33596654157606,0.5242962816579693,0.33533984189278465,65.74168131435816,0.49909104215309913,0.30851655263690825,-2.5942852272178953
67.0,Male,T3,N0,Oncocytic carcinoma,0,106.67204081929395,0.8818588392396969,0.808365341565064,105.73489139815021,0.8734396103462848,0.79534932564595,-0.9371494211437437
67.0,Male,T4A,N1,Mucoepidermoid carcinoma,0,68.67840154634598,0.5276138663307923,0.33893829288856175,66.09087046449473,0.502490925394857,0.3120812317921469,-2.587531081851253
42.0,Male,T3,N0,Acinar cell carcinoma,0,100.22509618908516,0.8236303615268116,0.7201243347254348,98.89506369404157,0.8115261377533892,0.7023075170878997,-1.3300324950435964
62.0,Female,T4A,N0,Squamous cell carcinoma,0,66.05257583946556,0.5021181790685617,0.3116896007427465,63.41753985538333,0.47640540545612176,0.28516225603589784,-2.6350359840822293
77.0,Male,T4B,N2,Adenocarcinoma,0,36.584139986815174,0.20984733504110067,0.07121425625760545,34.194845141268424,0.18627860351220324,0.05821231792238628,-2.3892948455467504
67.0,Female,T3,N0,Adenoid cystic carcinoma,0,81.09228076920394,0.6463639666975407,0.47786049200359465,78.8564335452233,0.6251958157705764,0.45168013332561474,-2.2358472239806417
62.0,Female,T3,N1,Adenocarcinoma,0,76.91958217883491,0.6067802633513876,0.4293972148884704,74.54306904915174,0.5840851914590599,0.40257374845004107,-2.3765131296831754
77.0,Female,T3,N0,Adenocarcinoma,0,73.00534921256272,0.5693422084233816,0.3855298025932848,70.51721448600131,0.5453907282962911,0.35848676687743725,-2.4881347265614124
82.0,Male,T3,N2,Adenocarcinoma,0,51.271606706011994,0.3564080291930407,0.17451518305410715,48.56693920195343,0.3294275651755568,0.1527506862423521,-2.7046675040585626
47.0,Male,T3,N2,squamous cell neoplasms,1,105.79703951205599,0.8739984103742177,0.7962105442818349,104.80416393011447,0.8650630389028603,0.782485150418494,-0.9928755819415187
57.0,Female,T4A,N2,Squamous cell carcinoma,0,55.120603107402985,0.394668582232298,0.2073813446429336,52.39979174484971,0.36764111636686575,0.18392360953858283,-2.7208113625532775
82.0,Male,T3,N0,Adenocarcinoma,0,67.36181047269474,0.5148463977705436,0.3251762270659962,64.74922322028604,0.48941576486755883,0.2984641784235005,-2.6125872524087015
72.0,Male,T4A,N0,Squamous cell carcinoma,0,54.91025843809168,0.39258255996511277,0.20552996131218626,52.189674786194914,0.365550101613979,0.18215696100924442,-2.720583651896767
77.0,Female,T3,N2,Adenocarcinoma,0,57.34868826912229,0.4167259510272701,0.22737074792932177,54.6299853231446,0.38980210456823106,0.20307282444675187,-2.7187029459776895
82.0,Male,T3,N2,Carcinoma NOS,1,43.80309179193594,0.28180316713737535,0.1172822793732831,41.20586086492355,0.2558440642446898,0.09958925207004578,-2.59723092701239
67.0,Male,T4B,N0,Carcinoma ex pleomorphic adenoma,0,75.33273298534056,0.5916383954808104,0.4114223163006723,72.9085452007963,0.5684125686509454,0.38446519495035597,-2.4241877845442588
87.0,Female,T3,N0,Squamous cell carcinoma,0,54.654662013369105,0.3900469530105989,0.20328871577241428,51.93445535016379,0.36300956790366795,0.18001991876948947,-2.7202066632053175
90.0,Female,T4A,N0,Mucoepidermoid carcinoma,0,57.03955128574688,0.4136699751414536,0.2245564802966177,54.32006690060312,0.3867263185234298,0.20036879720714365,-2.7194843851437582
67.0,Female,T4B,N0,Adenocarcinoma,0,63.475182900003205,0.47696922836083205,0.2857335658971934,60.80329766597006,0.4507734836821357,0.25968671130865206,-2.671885234033148
72.0,Male,T3,N0,Carcinoma ex pleomorphic adenoma,0,87.54812207333107,0.7069458609322932,0.5560842084860107,85.57174775223572,0.688484136536228,0.5317336455377977,-1.9763743210953493
57.0,Male,T3,N0,Adenoid cystic carcinoma,0,88.30719908507733,0.7140168531308495,0.5655285079382636,86.3645439580497,0.6958987358811072,0.5414597188757823,-1.9426551270276349
57.0,Male,T3,N1,Mucoepidermoid carcinoma,0,89.18609838866328,0.7221904191799356,0.5765263764239712,87.28330631754599,0.7044764681619057,0.5528013292260946,-1.9027920711172897
37.0,Female,T3,N0,Adenocarcinoma,0,101.30524978775972,0.833437268266996,0.734693233602284,100.03814880675898,0.8219309223504615,0.717611833378948,-1.2671009810007376
90.0,Female,T3,N0,Adenocarcinoma,0,60.07155047402689,0.44357789433678874,0.25271107544179516,57.36638739065248,0.41690087171934753,0.22753226712319263,-2.7051630833744156
72.0,Male,T4B,N0,Adenoid cystic carcinoma,0,56.47128764738805,0.408048643463297,0.21941726775244833,53.750775252354586,0.381073082183548,0.19543758860532331,-2.7205123950334666
77.0,Male,T4A,N2,Squamous cell carcinoma,0,34.33471156208948,0.1876524017567876,0.05894062894771803,32.032767314024085,0.16516164718529258,0.0474891390398386,-2.3019442480653964
57.0,Female,T3,N0,Acinar cell carcinoma,0,92.04382595154917,0.7486663676070809,0.6127431589786578,90.27665049374536,0.7323120901472772,0.5902653358738305,-1.767175457803802
87.0,Male,T3,N0,Squamous cell carcinoma,0,53.79372799840567,0.38149976231268545,0.19580801873206843,51.075605517825466,0.35445509546619974,0.17290013934569573,-2.718122480580206
47.0,Male,T3,N0,Mucoepidermoid carcinoma,0,101.39332416839801,0.8342359967659965,0.7358850576136283,100.13140670377854,0.822778758286373,0.7188648502229931,-1.2619174646194722
77.0,Male,T4A,N0,Squamous cell carcinoma,0,49.69856242010401,0.34072384681834317,0.1617187822853427,47.00796289045582,0.31385110226890417,0.14073006244901562,-2.690599529648189
52.0,Female,T4B,N0,Mucoepidermoid carcinoma,0,86.90301560713658,0.700927950322503,0.5480977626006514,84.89850544989906,0.6821782458235598,0.5235187431272811,-2.004510157237519
62.0,Male,T3,N0,Mucoepidermoid carcinoma,0,93.08268148659323,0.7582532832855264,0.626079070686414,91.36704673909924,0.7424100220618237,0.6041036744890207,-1.7156347474939935
47.0,Female,T3,N2,Acinar cell carcinoma,0,88.12459932916803,0.7123168865742999,0.5632520261604591,86.17377262577833,0.6941156475959404,0.5391141758279773,-1.9508267033897084
72.0,Male,T3,N0,Myoepithelial carcinoma,0,67.2777063137862,0.5140297052387217,0.32430386453209,64.66360260119598,0.4885802254814564,0.2976024700637645,-2.6141037125902216
72.0,Male,T4A,N0,Acinar cell carcinoma,0,67.0264711873608,0.5115893037143627,0.3217028274503574,64.40789808990932,0.4860841108017377,0.295034250938311,-2.618573097451474
87.0,Female,T4A,N0,Adenocarcinoma,0,48.69344164630678,0.3306908416005884,0.15374319236358305,46.01416871578266,0.30391550744261947,0.1332742847048305,-2.679272930524121
32.0,Male,T4A,N0,Adenoid cystic carcinoma,0,95.6155473918878,0.7815438895582585,0.6589649452678933,94.03048206627533,0.76698247881175,0.6383238147700067,-1.5850653256124758
62.0,Male,T4A,N3,Adenocarcinoma,0,59.922348129704304,0.44210962346761823,0.2512972413554637,57.21613735955802,0.41541579616232055,0.22616246239271728,-2.706210770146285
72.0,Female,T4A,N1,Mucoepidermoid carcinoma,0,64.50907580862122,0.48707192037978814,0.2960495063889081,61.850788560444045,0.46105809815765036,0.26979139933700724,-2.6582872481771744
87.0,Female,T4A,N0,Adenoid cystic carcinoma,0,47.70786162190615,0.32084585229862406,0.14607817417060923,45.041494539924365,0.2941884347840147,0.1261365869259906,-2.6663670819817824
67.0,Male,T4A,N2,Adenocarcinoma,0,52.38602739894439,0.36750415366896444,0.18380767961814312,49.67404943668113,0.34047925811818985,0.16152239098850427,-2.711977962263262
52.0,Female,T4A,N1,Myoepithelial carcinoma,1,63.395741017686674,0.4761921694445967,0.2849463103857463,60.72287727680704,0.4499831157648853,0.2589167075481708,-2.6728637408796345
82.0,Female,T3,N0,Adenocarcinoma,0,68.17805089219242,0.5227656167533308,0.3336848906890867,65.58070696378792,0.4975229590807795,0.3068781110276561,-2.5973439284044986
67.0,Female,T3,N0,Adenoid cystic carcinoma,0,81.09228076920394,0.6463639666975407,0.47786049200359465,78.8564335452233,0.6251958157705764,0.45168013332561474,-2.2358472239806417
62.0,Male,T3,N0,Squamous cell carcinoma,0,78.44589811982041,0.6212985170263496,0.44692594988929285,76.11829573523079,0.5991404031365603,0.4202886476521087,-2.3276023845896248
47.0,Female,T4A,N0,Mucoepidermoid carcinoma,0,94.27691058619027,0.7692493578523835,0.6415194973107542,92.62197748852377,0.7540042200893421,0.6201539066242723,-1.6549330976665004
77.0,Male,T3,N0,Mucoepidermoid carcinoma,1,82.0465043502556,0.655368804826747,0.4891798444187567,79.84586555486096,0.6345753005740788,0.46320604478385907,-2.2006387953946387
67.0,Female,T3,N0,Adenoid cystic carcinoma,0,81.09228076920394,0.6463639666975407,0.47786049200359465,78.8564335452233,0.6251958157705764,0.45168013332561474,-2.2358472239806417
67.0,Male,T4A,N2,Carcinoma ex pleomorphic adenoma,0,65.8228163388282,0.4998812141305862,0.3093435307103001,63.18409753034388,0.47412143568173293,0.2828527449927767,-2.6387188084843274
82.0,Female,T3,N0,Acinar cell carcinoma,0,71.67051860452723,0.5565075155213631,0.37093841759025387,69.14897909816166,0.532169313914985,0.34390496973832824,-2.5215395063655706
72.0,Male,T4A,N2,Adenocarcinoma,1,47.201323648274254,0.3157837859430874,0.1421996104546117,44.54229083294979,0.2891958138613444,0.12253563567732861,-2.6590328153244656
47.0,Male,T4A,N2,Undifferentiated carcinoma,1,56.208476283050736,0.4054472613985744,0.21705549024012033,53.48766828812553,0.3784589413048824,0.1931743431207618,-2.7208079949252024
52.0,Male,T4B,N0,Mucoepidermoid carcinoma,0,86.2780821886285,0.6950906868453328,0.5403962639750587,84.24677529399139,0.6760655922177844,0.5156055836351885,-2.031306894637112
72.0,Male,T4A,N2,Neuroendocrine carcinoma,0,32.4253631723264,0.16897770945054524,0.04936062702241537,30.206369009406522,0.14754036257237582,0.03923578094213624,-2.218994162919877
52.0,Male,T4A,N2,Carcinoma ex pleomorphic adenoma,1,79.89233469394934,0.6350153470129981,0.46374970755662903,77.61380200463277,0.6133892460681653,0.43734105205764406,-2.278532689316563
62.0,Male,T3,N0,Mucoepidermoid carcinoma,0,93.08268148659323,0.7582532832855264,0.626079070686414,91.36704673909924,0.7424100220618237,0.6041036744890207,-1.7156347474939935
52.0,Female,T3,N0,Mixed tumor,0,103.48947541172481,0.8532051169671239,0.7644215323278925,102.35322343021562,0.8429322209568787,0.7489122204650434,-1.13625198150919
82.0,Male,T4B,N2,Squamous cell carcinoma,1,25.515468794120746,0.10368813045696396,0.02160118233917369,23.666387028656658,0.08722212745164337,0.016121072702963438,-1.8490817654640885
87.0,Male,T4A,N2,Small cell carcinoma,0,13.142585496011826,0.013417347192682236,0.0006788178303649746,12.210154568989735,0.009656124984221137,0.00038905229687439353,-0.9324309270220912
82.0,Male,T3,N0,Squamous cell carcinoma,0,59.005081602378695,0.43307492915304935,0.24266908032464496,56.29320315614012,0.40628602301157224,0.21781585419882923,-2.711878446238572
67.0,Female,T4B,N2,Acinar cell carcinoma,1,50.99320658951989,0.35363396444510353,0.17222291274454543,48.29070717196076,0.3266686768472005,0.15059228803918526,-2.7024994175591317
77.0,Male,T3,N3,Mucoepidermoid carcinoma,1,69.93918000745664,0.5398094563660529,0.3523010224140348,67.37793914094578,0.5150029999414513,0.32534361356564795,-2.5612408665108575
72.0,Female,T3,N0,Neuroendocrine carcinoma,1,62.78806758525935,0.4702445202461467,0.2789500805938906,60.10803436754888,0.4439368688173734,0.25305723425057564,-2.6800332177104664
62.0,Female,T3,N1,Mucoepidermoid carcinoma,0,86.09601792572133,0.693388696565176,0.5381591118827191,84.05698966614955,0.6742840414633771,0.5133085547212901,-2.0390282595717792
72.0,Male,T3,N0,Mucoepidermoid carcinoma,0,86.03740558586901,0.6928406368361258,0.537439532288558,83.99589979703694,0.6737104333591488,0.5125698704662761,-2.041505788832069
72.0,Male,T3,N0,Acinar cell carcinoma,0,80.00770626053475,0.6361076947896498,0.4651003941824307,77.73320016188765,0.6145249776796093,0.43871216670611224,-2.2745060986470946
57.0,Female,T3,N3,Small cell carcinoma,0,47.448306298465326,0.31825216611872176,0.14408555426109887,44.785637541013585,0.2916295739883689,0.12428566736832077,-2.6626687574517405
67.0,Male,T3,N0,Acinar cell carcinoma,0,84.14635696458795,0.6751230338456323,0.5143897805493156,82.0270826253946,0.6551857004261259,0.4889485977928933,-2.1192743391933533
67.0,Male,T3,N0,Carcinoma ex pleomorphic adenoma,0,91.10159098354225,0.7399537389490062,0.6007254835725192,89.28869534284877,0.7231435986004763,0.5778145554955255,-1.8128956406934833
62.0,Female,T3,N0,Acinar cell carcinoma,0,88.57830434467473,0.7165396257928104,0.5689137559724199,86.64785170067103,0.6985454591642538,0.5449489962656598,-1.930452644003708
57.0,Female,T4B,N1,Adenocarcinoma,1,62.71176888457448,0.4694972797931292,0.2782004280500718,60.03087502301257,0.44317765191753467,0.2523253505396653,-2.6808938615619127
72.0,Female,T4A,N0,Adenoid cystic carcinoma,0,63.270968631636364,0.47497148453469895,0.283711402264163,60.59658724411124,0.4487417224594632,0.2577091880864838,-2.6743813875251234
62.0,Female,T4A,N0,Adenoid cystic carcinoma,0,73.11287195063466,0.5703745719929532,0.3867134584787799,70.62753267867606,0.5464551933996556,0.35967151442027884,-2.485339271958594
12.0,Male,T3,N0,Squamous cell carcinoma,1,107.62294089954798,0.8903861594769642,0.8216364278362036,106.74718918174865,0.8825333069138874,0.8094117964416172,-0.8757517177993321
77.0,Male,T3,N0,Squamous cell carcinoma,0,64.14207026611868,0.4834879227918722,0.2923727350632376,61.47877309838361,0.45740768164348616,0.2661867906477273,-2.6632971677350668
57.0,Male,T4A,N3,Mucoepidermoid carcinoma,1,75.6654303104647,0.594817063346958,0.41516961893434945,73.25096695022303,0.571700143878112,0.3882354678026107,-2.414463360241669
72.0,Male,T3,N3,Mucoepidermoid carcinoma,0,74.68335474776222,0.5854279168903582,0.40414099595739844,72.24060391826097,0.5619932013053461,0.37714675119155056,-2.44275082950125
87.0,Male,T3,N3,Carcinoma ex pleomorphic adenoma,0,61.926020282726434,0.4617960216082388,0.27052247113175126,59.23677971894229,0.4353583574990912,0.24483811211448245,-2.6892405637841463
77.0,Female,T4A,N2,Carcinoma ex pleomorphic adenoma,0,56.39214441531423,0.4072653679946912,0.21870503726140894,53.67153100012628,0.38028583086392825,0.19475487528264485,-2.720613415187948
82.0,Female,T4A,N3,Adenocarcinoma,0,40.227335570113546,0.24607705958698806,0.09324127422174085,37.719654670382745,0.2211099632893764,0.07780127137567228,-2.5076808997308007
72.0,Female,T3,N0,complex mixed and stromal neoplasms,0,62.96474333353745,0.4719744212797844,0.2806887306210894,60.28673693622626,0.44569484898555184,0.25475525057797854,-2.6780063973111865
52.0,Male,T3,N2,Adenocarcinoma,0,80.67599271107866,0.6424300276459446,0.47294947808171023,78.42513537055066,0.6211013252355734,0.44668594935538536,-2.2508573405280003
37.0,Male,T3,N0,Mucoepidermoid carcinoma,0,105.60247480713073,0.8722487737949339,0.793515288912609,104.59730897848056,0.8631992954277752,0.7796346158434289,-1.0051658286501777
32.0,Male,T4A,N0,Mucoepidermoid carcinoma,0,101.89039023056421,0.8387412098905164,0.7426223078904444,100.65787374088836,0.8275621194179255,0.7259509220341142,-1.2325164896758452
62.0,Female,T4B,N0,Adenoid cystic carcinoma,0,67.54438574895713,0.5166188383647193,0.3270727825502125,64.9351253954015,0.4912294558933941,0.3003381793231018,-2.6092603535556265
77.0,Male,T4A,N2,Adenocarcinoma,1,42.14009713503013,0.2651772527285101,0.10581413846375859,39.58131221369208,0.23963520615962708,0.08914847374437591,-2.5587849213380522
72.0,Female,T4A,N0,Mucoepidermoid carcinoma,0,74.94403030326515,0.5879219273032906,0.40705864534465286,72.50866457486333,0.5645704762186126,0.3800780781632178,-2.4353657284018198
72.0,Male,T4A,N2,Adenocarcinoma,0,47.201323648274254,0.3157837859430874,0.1421996104546117,44.54229083294979,0.2891958138613444,0.12253563567732861,-2.6590328153244656
72.0,Male,T4A,N2,Epithelial-myoepithelial carcinoma,0,61.36336167117207,0.4562747180534919,0.26507207960943086,58.668726214070084,0.42975854084971177,0.23953291292761925,-2.694635457101988
72.0,Male,T4A,N3,Adenocarcinoma,1,49.507964919307526,0.33882194559803763,0.16019423295909344,46.81937201839044,0.3119659310872356,0.13930266281873688,-2.6885929009170866
72.0,Male,T3,N3,Carcinoma ex pleomorphic adenoma,0,76.51231264246903,0.6028987081643584,0.424759476653557,74.12325263178309,0.5800647044368914,0.39789588829218325,-2.389060010685938
67.0,Male,T4A,N0,Acinar cell carcinoma,0,71.90419010103821,0.5587567901707722,0.3734788981929831,69.38832390635966,0.534484695236974,0.3464406827942007,-2.5158661946785514
57.0,Male,T4A,N3,Adenoid cystic carcinoma,1,64.07141353647339,0.482797644815633,0.2916667485203673,61.40717490983384,0.4567048480081213,0.2654950546524775,-2.664238626639545
77.0,Female,T3,N0,Adenoid cystic carcinoma,0,72.10098392052754,0.5606502749845133,0.37562302145661725,69.58995331101926,0.5364343815142227,0.3485818070524192,-2.511030609508282
27.0,Male,T3,N2,Carcinoma NOS,1,93.77987482984437,0.7646760121018481,0.635079027130366,92.09949013141008,0.7491805640108126,0.6134554512245692,-1.6803846984342954
72.0,Male,T3,N0,Mucoepidermoid carcinoma,0,86.03740558586901,0.6928406368361258,0.537439532288558,83.99589979703694,0.6737104333591488,0.5125698704662761,-2.041505788832069
72.0,Male,T4A,N3,Adenocarcinoma,1,49.507964919307526,0.33882194559803763,0.16019423295909344,46.81937201839044,0.3119659310872356,0.13930266281873688,-2.6885929009170866
77.0,Female,T3,N0,Adenocarcinoma,0,73.00534921256272,0.5693422084233816,0.3855298025932848,70.51721448600131,0.5453907282962911,0.35848676687743725,-2.4881347265614124
77.0,Female,T3,N0,Adenocarcinoma,1,73.00534921256272,0.5693422084233816,0.3855298025932848,70.51721448600131,0.5453907282962911,0.35848676687743725,-2.4881347265614124
72.0,Male,T3,N0,Squamous cell carcinoma,1,69.13197302279286,0.5320047587355621,0.3437250455592389,66.55364307977032,0.5069932488872677,0.3168275329438275,-2.5783299430225384
67.0,Male,T4B,N0,Squamous cell carcinoma,1,54.12219847931479,0.384761905500878,0.19864958105998695,51.40313212567048,0.3577183099399873,0.17560220398524023,-2.7190663536443083
87.0,Male,T3,N3,Adenocarcinoma,0,48.4014768941322,0.32777505996841333,0.15145635055560935,45.725840288438796,0.3010323156221634,0.1311418620299228,-2.6756366056934056
62.0,Male,T3,N2,Squamous cell carcinoma,0,63.50872398129963,0.4772972759012117,0.2860661847518421,60.83725473560001,0.45110717932933214,0.2600120898982953,-2.671469245699619
62.0,Male,T4B,N2,Adenocarcinoma,0,51.59925281616795,0.35967176105305343,0.17722792747192126,48.89220938909938,0.3326755393312035,0.15530779647154827,-2.7070434270685695
42.0,Female,T4A,N0,Adenoid cystic carcinoma,0,89.66525471712669,0.7266403346483732,0.5825503014205299,87.78456371262004,0.7091495434667764,0.5590205553888073,-1.8806910045066445
72.0,Male,T3,N0,Adenocarcinoma,0,76.85090984927542,0.6061259945454289,0.4286140418769763,74.47226613904238,0.5834073666582699,0.4017835283605744,-2.3786437102330495
87.0,Male,T3,N0,Squamous cell carcinoma,0,53.79372799840567,0.38149976231268545,0.19580801873206843,51.075605517825466,0.35445509546619974,0.17290013934569573,-2.718122480580206
62.0,Female,T4B,N0,Adenoid cystic carcinoma,0,67.54438574895713,0.5166188383647193,0.3270727825502125,64.9351253954015,0.4912294558933941,0.3003381793231018,-2.6092603535556265
62.0,Male,T3,N3,Squamous cell carcinoma,1,65.76901568952638,0.4993572644644703,0.30879507439686416,63.1294456569736,0.47358658896623396,0.28231302765476984,-2.6395700325527827
90.0,Female,T4A,N0,Squamous cell carcinoma,0,37.52056745259074,0.21913300052633333,0.07662781873456063,35.09815348342193,0.1951650820384869,0.06298865324358588,-2.422413969168808
57.0,Male,T4A,N3,Squamous cell carcinoma,1,56.591532031210974,0.4092385171276314,0.22050102859922083,53.87119288220602,0.38226921613732606,0.19647675912836807,-2.720339149004957
87.0,Female,T3,N0,Squamous cell carcinoma,0,54.654662013369105,0.3900469530105989,0.20328871577241428,51.93445535016379,0.36300956790366795,0.18001991876948947,-2.7202066632053175
52.0,Male,T4A,N3,Squamous cell carcinoma,1,61.77278839963176,0.4602929164902169,0.2690341772340939,59.08203029607614,0.4338333694943764,0.24338864815506045,-2.6907581035556163
67.0,Male,T3,N3,Carcinoma ex pleomorphic adenoma,1,80.88522801403438,0.6444077278881076,0.47541578716418664,78.64188840481428,0.6231595007590298,0.44919353434802034,-2.243339609220101
57.0,Male,T3,N0,Acinar cell carcinoma,0,91.49393428999974,0.743583658029943,0.605720541802348,89.6999570817778,0.7269624471408487,0.5829873441935282,-1.7939772082219463
72.0,Male,T4A,N0,Squamous cell carcinoma,0,54.91025843809168,0.39258255996511277,0.20552996131218626,52.189674786194914,0.365550101613979,0.18215696100924442,-2.720583651896767
67.0,Male,T3,N2,Carcinoma ex pleomorphic adenoma,0,78.96698060671233,0.6262447047539298,0.45296315003558146,76.6567530896389,0.6042756912257365,0.42640235800626153,-2.3102275170734288
72.0,Female,T3,N2,Carcinoma ex pleomorphic adenoma,0,75.2289889931638,0.5906467632067465,0.41025613532788774,72.80179846359309,0.5673872365560229,0.38329239891020656,-2.4271905295707086
72.0,Female,T3,N0,Acinar cell carcinoma,0,80.71076943058777,0.6427587971242168,0.47335910939092724,78.46115786138078,0.6214434393225778,0.4471023672598813,-2.2496115692069907
67.0,Female,T3,N2,Acinar cell carcinoma,1,71.07328170295433,0.5507538788498082,0.36447219407629067,68.53758080134114,0.5262498318840515,0.3374568777876224,-2.535700901613197
47.0,Male,T4A,N0,Myoepithelial carcinoma,0,77.73029066469901,0.6144973054255605,0.438678738448892,75.37938697153933,0.5920842676414114,0.4119471127909921,-2.3509036931596796
72.0,Male,T3,N3,Adenoid cystic carcinoma,0,62.98265404961821,0.47214976129964337,0.2808652040088826,60.30485576648893,0.44587306253549586,0.2549276445865539,-2.6777982831292846
77.0,Male,T3,N0,Adenoid cystic carcinoma,0,71.3133068516539,0.5530670442673877,0.3670662531895498,68.7832386195463,0.5286291085936894,0.34004262322269163,-2.5300682321076096
27.0,Female,T3,N0,Mucoepidermoid carcinoma,0,109.16678178430703,0.9041978487570218,0.8433187302652035,108.39255379722431,0.8972764333412555,0.832424260271727,-0.7742279870827247
57.0,Male,T3,N2,Squamous cell carcinoma,1,68.52048612931772,0.5260842220171172,0.3372771972459215,65.92981971726384,0.5009231322534689,0.31043536499850155,-2.590666412053878
52.0,Male,T4B,N3,Adenocarcinoma,0,64.27472432404058,0.4847836382593966,0.2936998214593665,61.61321482574424,0.4587271719207171,0.26748743417812376,-2.66150949829634
67.0,Female,T3,N1,Squamous cell carcinoma,0,64.21964078677883,0.48424564126561565,0.2931485004262987,61.55738578532907,0.4581792706224667,0.26694704392760127,-2.6622550014497577
67.0,Female,T4A,N0,Adenocarcinoma,0,69.2286040385917,0.5329397125928197,0.3447478336711554,66.65227176022765,0.5079522967937423,0.317842334270564,-2.576332278364049
62.0,Male,T4A,N1,Squamous cell carcinoma,0,54.12917132449444,0.384831139792911,0.19871007052078934,51.41008692744742,0.3577875899119392,0.17565975611901588,-2.7190843970470198
62.0,Male,T4B,N3,Adenoid cystic carcinoma,0,52.93319762660808,0.37294708106149727,0.18843774042893613,50.218424637843626,0.34590975446523947,0.16590572040211998,-2.7147729887644516
62.0,Male,T3,N3,Adenocarcinoma,0,73.74356902245563,0.5764256295923496,0.39368110450673094,71.27493875769571,0.5526973580966676,0.366651169918962,-2.4686302647599234
72.0,Male,T3,N2,Mucoepidermoid carcinoma,0,72.59343286348047,0.5653851952351189,0.3810066492183474,70.09473270054323,0.5413120372371062,0.3539620052051783,-2.49870016293724
42.0,Female,T3,N1,Adenocarcinoma,0,92.47694569723548,0.7526657803281588,0.6182922763075369,90.73111489936379,0.7365234933657996,0.5960207514426955,-1.7458307978716903
82.0,Male,T4A,N2,Carcinoma NOS,0,30.78867779188755,0.15313309001973716,0.04178536575849414,28.647351163274443,0.13270514132845282,0.03279479043638696,-2.1413266286131076
87.0,Male,T3,N1,Squamous cell carcinoma,0,42.73855222203238,0.27115898921892523,0.1098845652135839,40.16529809945371,0.24545820927615647,0.09284483165742108,-2.5732541225786747
62.0,Male,T4B,N3,squamous cell neoplasms,1,88.33491477689495,0.7142748254899842,0.5658742954775307,86.39350329112318,0.6961693504095253,0.541816059619466,-1.9414114857717664
82.0,Male,T4A,N1,Adenocarcinoma,0,42.01594377361077,0.2639365673311118,0.10497776386656611,39.46025057305748,0.23842869109185458,0.088390290634489,-2.555693200553293
62.0,Male,T3,N2,Squamous cell carcinoma,1,63.50872398129963,0.4772972759012117,0.2860661847518421,60.83725473560001,0.45110717932933214,0.2600120898982953,-2.671469245699619
72.0,Male,T3,N0,Squamous cell carcinoma,1,69.13197302279286,0.5320047587355621,0.3437250455592389,66.55364307977032,0.5069932488872677,0.3168275329438275,-2.5783299430225384
82.0,Male,T4B,N0,Squamous cell carcinoma,0,38.875650871902906,0.23260577218543088,0.08476846839938161,36.40862537209889,0.20810955739845594,0.07021920364427173,-2.4670254998040164
82.0,Male,T3,N0,Mucoepidermoid carcinoma,0,77.75399422271359,0.614722745407982,0.4389511016979408,75.40385193560405,0.5923180624812319,0.412222401267178,-2.3501422871095343
77.0,Female,T4A,N0,Epithelial-myoepithelial carcinoma,0,72.7217862818195,0.566618553495404,0.38241412478137893,70.22635380752473,0.5425830882488419,0.355369544251223,-2.4954324742947733
72.0,Female,T3,N0,Carcinoma ex pleomorphic adenoma,1,88.1555991067523,0.7126055326184613,0.5636382969407403,86.20615699893537,0.6944183844411798,0.5395121139709931,-1.9494421078169353
37.0,Female,T4A,N0,Adenoid cystic carcinoma,1,93.03598815355913,0.7578228107691991,0.6254777435475568,91.31801148151123,0.7419563940024195,0.6034792045452673,-1.7179766720478966
37.0,Female,T4A,N0,Mucoepidermoid carcinoma,0,99.88067240439692,0.8204989036388094,0.7154974837095629,98.5308230619535,0.8082057559165455,0.6974520274942317,-1.3498493424434201
47.0,Male,T3,N0,Squamous cell carcinoma,0,90.26458629210879,0.7322002416065878,0.5901127921762536,88.41190325187657,0.7149913433359785,0.5668351733424057,-1.8526830402322219
72.0,Male,T4A,N1,Mucoepidermoid carcinoma,1,63.672183555164096,0.4788957000542139,0.2876891465317162,61.0027658155623,0.4527333742734995,0.2616001374452531,-2.6694177396017977
67.0,Female,T4B,N0,Mucinous adenocarcinoma,1,20.224755561639537,0.05850554515707242,0.008202136839184995,18.73270600464987,0.04711194554557417,0.005685312670265773,-1.4920495569896666
47.0,Female,T3,N0,Acinar cell carcinoma,0,98.057464750349,0.8038870962250482,0.6911573581850051,96.60474684027591,0.7906079919567817,0.671948903486458,-1.4527179100730905
52.0,Female,T3,N0,Acinar cell carcinoma,0,95.20013009557361,0.7777320618768976,0.6535356432433904,93.59317761583083,0.7629569888052742,0.6326650685518084,-1.6069524797427874
72.0,Male,T3,N2,Carcinoma NOS,1,54.12102768626315,0.3847502804810436,0.1986394251094697,51.4019643703551,0.3577066773433722,0.17559254133185417,-2.719063315908045
77.0,Male,T4A,N2,Adenocarcinoma,0,42.14009713503013,0.2651772527285101,0.10581413846375859,39.58131221369208,0.23963520615962708,0.08914847374437591,-2.5587849213380522
57.0,Male,T4A,N2,Adenocarcinoma,0,62.768233640855705,0.47005028400132753,0.27875513799045176,60.08797584676792,0.4437395105778218,0.2528668978689476,-2.6802577940877867
52.0,Male,T3,N0,Squamous cell carcinoma,1,86.63469747049218,0.6984226032450924,0.5447868277049571,84.61862646880661,0.6795542239084699,0.5201157668412943,-2.0160710016855745
67.0,Male,T4A,N2,Adenocarcinoma,1,52.38602739894439,0.36750415366896444,0.18380767961814312,49.67404943668113,0.34047925811818985,0.16152239098850427,-2.711977962263262
82.0,Male,T3,N2,Squamous cell carcinoma,0,42.86346222549243,0.2724077326439803,0.11074222095082188,40.287278361185514,0.246675060046108,0.09362501628964152,-2.5761838643069126
72.0,Female,T3,N0,Carcinoma NOS,0,70.84255424570634,0.5485292783175879,0.36198455740352753,68.30151345397388,0.5239623703910381,0.33497853225823493,-2.5410407917324562
77.0,Male,T4A,N1,Squamous cell carcinoma,1,38.88207060186859,0.23266968489382672,0.08480788491151008,36.414842992121876,0.2081711030926889,0.07025434688614893,-2.4672276097467147
82.0,Male,T4A,N2,Adenocarcinoma,1,37.29204234794776,0.21686487064892618,0.0752905387786703,34.877536913169706,0.19299175773626984,0.06180631499424755,-2.4145054347780572
67.0,Male,T3,N0,Adenoid cystic carcinoma,0,80.39362802429827,0.6397597653698289,0.4696278328585145,78.13271112757513,0.6183231736105885,0.4433102907880982,-2.2609168967231312
47.0,Female,T3,N1,Acinar cell carcinoma,0,91.54528369001784,0.7440585247285637,0.6063752472778144,89.753795119932,0.7274621349992167,0.5836655867923825,-1.7914885700858463
32.0,Male,T3,N0,Squamous cell carcinoma,0,99.31493847738874,0.8153507157678782,0.7079173710565001,97.93280267961875,0.8027490756223237,0.6895025221017743,-1.3821357977699904
62.0,Male,T3,N0,Carcinoma ex pleomorphic adenoma,1,94.34397544894944,0.7698660893385282,0.642390050152044,92.6924969371957,0.7546548745307042,0.6210597259835842,-1.6514785117537372
52.0,Female,T4A,N1,Mixed tumor,0,89.72722109375927,0.7272154998656549,0.5833307805819331,87.84940719253251,0.7097537124357386,0.5598266986161029,-1.8778139012267587
72.0,Male,T4B,N2,Squamous cell carcinoma,1,33.65821233895618,0.18101564656975352,0.05545658080140111,31.384723425102568,0.15888319854254326,0.04447475114531511,-2.2734889138536154
82.0,Female,T3,N2,Adenocarcinoma,0,52.13074118835719,0.36496352336625215,0.18166262827866675,49.42024554239923,0.3379465249326097,0.15949448866039506,-2.7104956459579626
32.0,Male,T3,N1,Adenocarcinoma,1,97.96725963422624,0.8030636558638808,0.6899598021005797,96.5095415372985,0.7897363950541317,0.6706958753781936,-1.457718096927735
42.0,Male,T3,N0,Carcinoma NOS,0,94.16924703653535,0.7682591058478524,0.6401227085496247,92.50877820605704,0.752959583124766,0.6187007292837724,-1.6604688304783082
72.0,Male,T4A,N0,Squamous cell carcinoma,1,54.91025843809168,0.39258255996511277,0.20552996131218626,52.189674786194914,0.365550101613979,0.18215696100924442,-2.720583651896767
52.0,Female,T3,N2,Adenoid cystic carcinoma,1,80.56509272301616,0.6413814538755965,0.47164397376215433,78.31027269632399,0.6200102795945648,0.44535899971778253,-2.2548200266921725
57.0,Male,T3,N2,Squamous cell carcinoma,1,68.52048612931772,0.5260842220171172,0.3372771972459215,65.92981971726384,0.5009231322534689,0.31043536499850155,-2.590666412053878
32.0,Male,T3,N0,Epithelial-myoepithelial carcinoma,1,108.20739602352026,0.8956196558732223,0.8298250535604075,107.36981147595827,0.8881177027971324,0.8180973963871538,-0.8375845475619883
27.0,Male,T3,N2,Adenocarcinoma,1,98.03521314408704,0.8036839853636455,0.6908618885348589,96.58126101149529,0.7903929964087552,0.6716397319741291,-1.453952132591752
77.0,Male,T3,N2,Squamous cell carcinoma,0,47.94827040188323,0.3232478693745911,0.14793351498458926,45.278589596614104,0.2965596084351197,0.12786172308390265,-2.669680805269124
57.0,Male,T3,N2,Mucoepidermoid carcinoma,1,85.55708610391395,0.6883469011207918,0.5315543075583151,83.49542865088554,0.6690085254668747,0.5065312353341969,-2.0616574530284026
27.0,Male,T3,N0,Mucoepidermoid carcinoma,0,108.92723099959157,0.9020574089836941,0.8399434402041397,108.13710161816634,0.8949905139352374,0.8288389062558352,-0.7901293814252313
72.0,Male,T3,N0,Adenocarcinoma,0,76.85090984927542,0.6061259945454289,0.4286140418769763,74.47226613904238,0.5834073666582699,0.4017835283605744,-2.3786437102330495
82.0,Male,T4A,N0,Squamous cell carcinoma,0,44.566211965254844,0.28943505379933826,0.12270721471214471,41.95316514265197,0.26330924887633284,0.10455590790442672,-2.6130468226028754
72.0,Female,T3,N0,Carcinoma NOS,0,70.84255424570634,0.5485292783175879,0.36198455740352753,68.30151345397388,0.5239623703910381,0.33497853225823493,-2.5410407917324562
82.0,Male,T3,N3,Adenoid cystic carcinoma,0,52.60495215241075,0.36968231231818666,0.1856548887790834,49.89179348848813,0.3426517106318944,0.16327016584177007,-2.71315866392262
82.0,Male,T4A,N3,Mucoepidermoid carcinoma,1,50.557975243988444,0.3492956256021864,0.16866294404140392,47.859141369984734,0.32235738651173035,0.14724458045895572,-2.6988338740037108
62.0,Male,T3,N2,Squamous cell carcinoma,1,63.50872398129963,0.4772972759012117,0.2860661847518421,60.83725473560001,0.45110717932933214,0.2600120898982953,-2.671469245699619
42.0,Male,T3,N3,Adenoid cystic carcinoma,1,89.46548978565036,0.7247856466505201,0.5800364666326641,87.57555313493194,0.707201578128061,0.5564246202242801,-1.8899366507184254
62.0,Male,T4A,N0,Squamous cell carcinoma,1,65.22363831489363,0.49404298782797046,0.30325475525957146,62.57567903982978,0.4681642133621696,0.27686510834773037,-2.6479592750638545
57.0,Male,T4B,N3,Adenoid cystic carcinoma,0,58.1490406550491,0.4246310052523902,0.2347169176173761,55.43308291208494,0.39776636073168753,0.21014319699222203,-2.7159577429641573
87.0,Female,T4B,N2,Adenoid cystic carcinoma,0,27.8467067487831,0.12517636228684856,0.02970865976575279,25.86047434531355,0.10682207078145652,0.022717480663918127,-1.9862324034695504
57.0,Male,T3,N1,Small cell carcinoma,1,49.324490593439045,0.33699083916442185,0.1587320177384683,46.637891564998654,0.3101516946475359,0.1379345985065738,-2.6865990284403907
27.0,Female,T4A,N1,Mucoepidermoid carcinoma,0,99.50094023699447,0.8170439674159209,0.710406843886947,98.12938330989479,0.804543501868484,0.6921125986418244,-1.3715569270996752
82.0,Male,T4A,N0,Mucoepidermoid carcinoma,0,64.4316367857362,0.48631589100701594,0.29527234295815064,61.77227573492007,0.4602878869005856,0.26902920284329784,-2.6593610508161305
57.0,Male,T4A,N0,Adenocarcinoma,1,77.80539360844018,0.6152115577089495,0.4395418932824631,75.45690483129364,0.5928250127466763,0.4128195828414824,-2.3484887771465424
57.0,Male,T4A,N2,Mucoepidermoid carcinoma,0,73.59989745061438,0.5750478849724788,0.3920901917185968,71.12741417064655,0.5512756594183763,0.36505667846865886,-2.4724832799678325
72.0,Male,T4A,N1,Adenocarcinoma,0,52.25564761652447,0.36620669595772826,0.18271095066248594,49.544412486587305,0.33918566582620696,0.16048533142780588,-2.7112351299371653
72.0,Female,T3,N2,Mucoepidermoid carcinoma,0,73.37048616740375,0.5728471104359211,0.38955437686705024,70.89190759730755,0.5490052131320149,0.36251618058057955,-2.4785785700962037
77.0,Male,T3,N2,Carcinoma ex pleomorphic adenoma,0,69.71344027121137,0.537628076609127,0.3498953721141759,67.14732862830746,0.512763413300056,0.3229531515399324,-2.5661116429039055
67.0,Male,T3,N0,Acinar cell carcinoma,0,84.14635696458795,0.6751230338456323,0.5143897805493156,82.0270826253946,0.6551857004261259,0.4889485977928933,-2.1192743391933533
67.0,Female,T4A,N2,Adenocarcinoma,0,53.246380249246684,0.3760608206676622,0.1911076142577823,50.53024077183133,0.34901910874360725,0.1684370707055191,-2.7161394774153536
67.0,Male,T3,N2,Adenocarcinoma,1,66.74161777282472,0.5088209259204883,0.3187626056660109,64.11808729603523,0.4832536322357292,0.29213303452408834,-2.6235304767894974
37.0,Female,T4A,N0,Adenoid cystic carcinoma,1,93.03598815355913,0.7578228107691991,0.6254777435475568,91.31801148151123,0.7419563940024195,0.6034792045452673,-1.7179766720478966
52.0,Female,T4A,N0,Adenoid cystic carcinoma,0,81.98625674528654,0.6548007779516934,0.4884626164705985,79.7833620903383,0.633983348862095,0.4624751195989637,-2.2028946549482384
72.0,Male,T4A,N0,Adenocarcinoma,0,63.40409445899889,0.47627388372346946,0.28502905511862464,60.731333162276904,0.45006622496977516,0.2589976314044423,-2.672761296721987
77.0,Male,T3,N0,Carcinoma ex pleomorphic adenoma,1,83.68141079807478,0.6707563818932246,0.5087725794766131,81.5436644795172,0.6506257824417789,0.4832042116957053,-2.137746318557575
77.0,Female,T4A,N0,Sarcoma,0,111.65780569528067,0.9263983184284879,0.8786526401387862,111.05212749859473,0.9210099940955896,0.8700221903986612,-0.6056781966859432
82.0,Male,T3,N2,Squamous cell carcinoma,0,42.86346222549243,0.2724077326439803,0.11074222095082188,40.287278361185514,0.246675060046108,0.09362501628964152,-2.5761838643069126
62.0,Female,T3,N1,Mucoepidermoid carcinoma,0,86.09601792572133,0.693388696565176,0.5381591118827191,84.05698966614955,0.6742840414633771,0.5133085547212901,-2.0390282595717792
62.0,Female,T3,N0,Mixed tumor,0,98.74636502681842,0.8101709036854409,0.7003240553090014,97.33211252970679,0.7972615287167858,0.681545679576261,-1.414252497111633
72.0,Female,T4A,N0,Mucoepidermoid carcinoma,0,74.94403030326515,0.5879219273032906,0.40705864534465286,72.50866457486333,0.5645704762186126,0.3800780781632178,-2.4353657284018198
17.0,Male,T4A,N0,Mucoepidermoid carcinoma,0,107.71558504613034,0.8912161295783221,0.8229328296285348,106.84586157372667,0.8834187587743528,0.8107864395493817,-0.8697234724036775
77.0,Male,T3,N0,Adenoid cystic carcinoma,0,71.3133068516539,0.5530670442673877,0.3670662531895498,68.7832386195463,0.5286291085936894,0.34004262322269163,-2.5300682321076096
77.0,Male,T4A,N2,Adenoid cystic carcinoma,0,41.195026999346574,0.2557358739853981,0.09951799998935787,38.6605603964212,0.2304648283236098,0.08345243144549526,-2.5344666029253773
72.0,Male,T3,N3,Adenocarcinoma,0,63.955460823207716,0.4816646550949482,0.2905094893134814,61.289693369672705,0.45555141626535195,0.2643614315269793,-2.665767453535011
87.0,Female,T3,N2,Squamous cell carcinoma,1,38.766988849778514,0.23152407986277262,0.08410250003123872,36.303397460650714,0.2070681216528602,0.06962562396883405,-2.4635913891277994
72.0,Male,T3,N2,Adenoid cystic carcinoma,1,60.68895017178571,0.4496496489142036,0.25859211320161274,57.988493848182976,0.42304608936493404,0.23323640133614934,-2.7004563236027366
77.0,Male,T3,N2,Neuroendocrine carcinoma,0,40.73005665634926,0.2510936102032401,0.09648037875552477,38.20822081668874,0.2259652210479335,0.08071404664091382,-2.5218358396605254
52.0,Male,T3,N2,Squamous cell carcinoma,1,73.33218670185377,0.5724795994670255,0.38913157289790096,70.85259739527348,0.5486261323408943,0.3620927182956227,-2.4795893065802943
57.0,Male,T4A,N1,Squamous cell carcinoma,0,59.33815731292363,0.4363571782275203,0.24578937402885645,56.62818259542296,0.40960114871811515,0.22083175489511056,-2.709974717500664
67.0,Female,T3,N1,Adenocarcinoma,0,72.2977984512643,0.5625432152624781,0.3777715438246228,69.79165650685707,0.5383840093697241,0.3507282599026201,-2.506141944407233
52.0,Female,T3,N1,Mucoepidermoid carcinoma,0,93.13174664334525,0.7587055784886371,0.6267111365452147,91.41857534028716,0.7428866678420627,0.604760115504511,-1.7131713030580897
47.0,Male,T4B,N0,Squamous cell carcinoma,1,74.20798920440089,0.5808764816605663,0.3988385936011172,71.75200170668006,0.5572919743372984,0.3718236321198971,-2.4559874977208267
77.0,Male,T3,N2,Squamous cell carcinoma,1,47.94827040188323,0.3232478693745911,0.14793351498458926,45.278589596614104,0.2965596084351197,0.12786172308390265,-2.669680805269124
67.0,Female,T3,N1,Carcinoma NOS,1,65.16682156457694,0.49348903997009835,0.30267960804163174,62.518013464975624,0.4675992527914077,0.27629998591040966,-2.648808099601311
62.0,Male,T3,N3,Squamous cell carcinoma,0,65.76901568952638,0.4993572644644703,0.30879507439686416,63.1294456569736,0.47358658896623396,0.28231302765476984,-2.6395700325527827
57.0,Male,T3,N2,Squamous cell carcinoma,1,68.52048612931772,0.5260842220171172,0.3372771972459215,65.92981971726384,0.5009231322534689,0.31043536499850155,-2.590666412053878
82.0,Male,T3,N1,Adenocarcinoma,0,56.35918151992454,0.4069391091123176,0.21840865033110582,53.638529079500785,0.379957949982885,0.194470821550358,-2.7206524404237555
72.0,Male,T4NOS,N0,Squamous cell carcinoma,0,51.27472740798187,0.3564391203031336,0.1745409445397711,48.5700363793594,0.3294584955013119,0.15277495556563245,-2.70469102862247
52.0,Male,T4A,N2,"epithelial neoplasms, NOS",1,44.465348758240566,0.2884263022714451,0.12198442047318533,41.85432717463044,0.2623216610171529,0.10389318842096472,-2.6110215836101247
57.0,Female,T3,N0,Mucoepidermoid carcinoma,0,96.61815809612287,0.790730757671719,0.6721254712075583,95.08667262050915,0.7766904378401448,0.6520552239726464,-1.5314854756137208
67.0,Male,T3,N0,Neuroendocrine carcinoma,1,67.00496031467009,0.5113803007144756,0.32148046555781307,64.38600877046005,0.48587037853971193,0.29481476796826106,-2.6189515442100344
67.0,Female,T4A,N2,Adenocarcinoma,1,53.246380249246684,0.3760608206676622,0.1911076142577823,50.53024077183133,0.34901910874360725,0.1684370707055191,-2.7161394774153536
47.0,Female,T3,N2,Acinar cell carcinoma,0,88.12459932916803,0.7123168865742999,0.5632520261604591,86.17377262577833,0.6941156475959404,0.5391141758279773,-1.9508267033897084
57.0,Male,T3,N2,Adenoid cystic carcinoma,0,75.41929101921619,0.5924655972284061,0.4123961590196189,72.99761932844311,0.5692679825121686,0.385444756112908,-2.4216716907730813
67.0,Male,T4A,N1,Carcinoma ex pleomorphic adenoma,0,70.62919064455906,0.5464711894142571,0.35968933014547555,68.08327707082017,0.5218467558871579,0.3326930297024591,-2.5459135737388863
77.0,Male,T4A,N0,Squamous cell carcinoma,0,49.69856242010401,0.34072384681834317,0.1617187822853427,47.00796289045582,0.31385110226890417,0.14073006244901562,-2.690599529648189
47.0,Male,T3,N1,Oncocytic carcinoma,0,109.55951816055384,0.9077049321572457,0.8488610620936496,108.81147736560646,0.9010227754384311,0.8383138972663562,-0.7480407949473715
77.0,Male,T3,N0,Myoepithelial carcinoma,0,62.22478226717864,0.46472551009902335,0.27343273622130054,59.53860413223296,0.4383315823107669,0.24767420344476937,-2.6861781349456777
57.0,Female,T3,N2,"cystic, mucinous and serous neoplasms",0,116.42471773283356,0.9685944344901801,0.9474369036236783,116.15751163393497,0.9662390080396861,0.9435415403186064,-0.2672060988985834
82.0,Male,T3,N0,"cystic, mucinous and serous neoplasms",0,115.26234672886551,0.9583396536113591,0.9305256947993208,114.91070921171,0.9552330636229494,0.9254272110782948,-0.3516375171555097
77.0,Male,T4A,N0,Adenocarcinoma,0,58.25151606389084,0.42564242909238253,0.23566372025425167,55.53598464110811,0.39878618028272356,0.21105569413084557,-2.715531422782732
72.0,Male,T4A,N0,Acinar cell carcinoma,0,67.0264711873608,0.5115893037143627,0.3217028274503574,64.40789808990932,0.4860841108017377,0.295034250938311,-2.618573097451474
67.0,Female,T3,N0,Adenoid cystic carcinoma,0,81.09228076920394,0.6463639666975407,0.47786049200359465,78.8564335452233,0.6251958157705764,0.45168013332561474,-2.2358472239806417
47.0,Male,T3,N2,Carcinoma ex pleomorphic adenoma,1,93.95673793538,0.7663038940791252,0.6373684647637179,92.28537923966277,0.7508972922912166,0.6158360055651866,-1.671358695717231
82.0,Male,T3,N0,Squamous cell carcinoma,0,59.005081602378695,0.43307492915304935,0.24266908032464496,56.29320315614012,0.40628602301157224,0.21781585419882923,-2.711878446238572
62.0,Male,T4A,N0,Adenocarcinoma,0,73.23570461340007,0.5715536589906899,0.38806715504166794,70.75357781305308,0.5476711241547958,0.3610267986329032,-2.4821268003469896
72.0,Male,T4A,N0,Adenoid cystic carcinoma,0,62.42848261467744,0.4667219865269489,0.27542340462602194,59.7444708125603,0.4403586856125191,0.24961546428123724,-2.6840118021171406
67.0,Male,T3,N0,Acinar cell carcinoma,0,84.14635696458795,0.6751230338456323,0.5143897805493156,82.0270826253946,0.6551857004261259,0.4889485977928933,-2.1192743391933533
82.0,Female,T4A,N1,Adenocarcinoma,0,42.83721641639512,0.27214534368515286,0.11056178196589746,40.26164556378282,0.24641933706074248,0.09346083774394755,-2.5755708526123016
47.0,Female,T3,N0,Acinar cell carcinoma,0,98.057464750349,0.8038870962250482,0.6911573581850051,96.60474684027591,0.7906079919567817,0.671948903486458,-1.4527179100730905
72.0,Male,T3,N2,Adenocarcinoma,1,61.672300265438814,0.4593069727127228,0.26805977332197123,58.98056658316106,0.4328332781685691,0.24243999782055972,-2.691733682277757
57.0,Female,T4B,N0,Epithelial-myoepithelial carcinoma,1,85.0750689544585,0.6838328568287418,0.5256691983408887,82.99346071187372,0.6642877256973844,0.5004978179659191,-2.081608242584778
47.0,Male,T3,N0,Mucinous adenocarcinoma,0,54.39281327892658,0.3874484053372242,0.20100227601320578,51.67310730175001,0.36040727840774883,0.1778416354191066,-2.7197059771765737
87.0,Male,T3,N1,Mucoepidermoid carcinoma,0,62.58111734027493,0.46821749041110394,0.276918425028757,59.898770298608696,0.44187756486729124,0.2510740834127016,-2.682347041666233
57.0,Female,T4B,N3,Mucoepidermoid carcinoma,1,71.04052247584134,0.5504380868237239,0.36411863854676757,68.50405894564588,0.525925073459312,0.3371045638681087,-2.536463530195462
67.0,Male,T3,N1,Carcinoma NOS,1,64.33318713706417,0.4853545805366684,0.29428536704299224,61.67247382563302,0.45930867575659684,0.26806145518579555,-2.6607133114311523
82.0,Male,T4A,N2,Carcinoma NOS,0,30.78867779188755,0.15313309001973716,0.04178536575849414,28.647351163274443,0.13270514132845282,0.03279479043638696,-2.1413266286131076
67.0,Male,T3,N2,Adenocarcinoma,1,66.74161777282472,0.5088209259204883,0.3187626056660109,64.11808729603523,0.4832536322357292,0.29213303452408834,-2.6235304767894974
82.0,Female,T4B,N0,Epithelial-myoepithelial carcinoma,0,62.07505169037249,0.46325753211828385,0.2719727989517913,59.38732165609971,0.4368415085652629,0.2462511860661962,-2.687730034272782
52.0,Male,T3,N0,Squamous cell carcinoma,0,86.63469747049218,0.6984226032450924,0.5447868277049571,84.61862646880661,0.6795542239084699,0.5201157668412943,-2.0160710016855745
82.0,Male,T3,N0,Squamous cell carcinoma,0,59.005081602378695,0.43307492915304935,0.24266908032464496,56.29320315614012,0.40628602301157224,0.21781585419882923,-2.711878446238572
52.0,Female,T3,N1,Adenocarcinoma,0,85.31484535511794,0.6860788943753537,0.5285940820548989,83.24312735241116,0.6666363416194389,0.5034957697883289,-2.071718002706774
57.0,Female,T3,N0,Mucoepidermoid carcinoma,0,96.61815809612287,0.790730757671719,0.6721254712075583,95.08667262050915,0.7766904378401448,0.6520552239726464,-1.5314854756137208
57.0,Female,T4B,N1,Adenoid cystic carcinoma,1,61.732867214973105,0.45990124890712036,0.26864692074726454,59.04171967939294,0.4334360621887388,0.24301159544481446,-2.691147535580164
67.0,Female,T4A,N0,Mucoepidermoid carcinoma,0,79.4139552320719,0.6304832638913505,0.4581629689898251,77.11890356902941,0.6086787609370516,0.43167306416206597,-2.2950516630424858
77.0,Female,T3,N3,Carcinoma NOS,0,52.09426157988588,0.3646004146135118,0.18135689754025625,49.383987050512076,0.33758465448717717,0.1592056032192264,-2.7102745293738053
42.0,Male,T3,N0,Adenoid cystic carcinoma,1,97.85430828711657,0.8020323684787556,0.688461165711091,96.39034110084319,0.7886448919798784,0.6691280544075618,-1.4639671862733792
2.5,Male,T4A,N0,Squamous cell carcinoma,1,106.10038555051226,0.8767249649889886,0.8004181571700182,105.12674511869875,0.8679679798901708,0.7869366437554357,-0.9736404318135072
67.0,Male,T3,N2,Squamous cell carcinoma,1,58.35825734020931,0.42669578032626987,0.23665142818597634,55.643187967196404,0.39984847183636346,0.21200791259123283,-2.715069373012909
62.0,Male,T3,N0,Adenocarcinoma,0,85.25526802946919,0.6855209231842647,0.5278668490479074,83.18108627598926,0.6660528325823463,0.5027502508694082,-2.074181753479934
87.0,Female,T3,N0,Epithelial-myoepithelial carcinoma,1,76.35931490351183,0.6014397059833685,0.42302156963508114,73.96559673193852,0.5785539904047557,0.39614394763348426,-2.393718171573312
82.0,Female,T4A,N2,Squamous cell carcinoma,0,30.69446662378077,0.15222652588898633,0.04136763322630281,28.557797050152207,0.13185975870376265,0.03244205659447857,-2.136669573628563
77.0,Male,T3,N1,"epithelial neoplasms, NOS",0,38.35882950266472,0.22746294313159002,0.08162138431610616,35.90835966822149,0.20316145156348697,0.06741737522397827,-2.4504698344432256
77.0,Male,T3,N0,Adenocarcinoma,0,72.22517253876516,0.5618447939413337,0.3769782391669263,69.71722053028614,0.5376646141730137,0.34993561062385325,-2.507952008479023
42.0,Female,T4A,N2,Squamous cell carcinoma,0,70.36908376362723,0.5439610433221831,0.35689804714736256,67.81731492116901,0.519267271774469,0.3299150729915626,-2.551768842458216
47.0,Male,T3,N0,Adenocarcinoma,0,95.54781182269659,0.7809225702542787,0.6580787282091496,93.95916515284239,0.7663262306415454,0.6373999021249017,-1.5886466698541994
67.0,Female,T4A,N0,Adenoid cystic carcinoma,0,68.29067314503426,0.5238573040331127,0.3348648778608343,65.69550699915675,0.49864129764552445,0.30804626352750214,-2.5951661458775135
72.0,Male,T3,N0,Squamous cell carcinoma,1,69.13197302279286,0.5320047587355621,0.3437250455592389,66.55364307977032,0.5069932488872677,0.3168275329438275,-2.5783299430225384
27.0,Female,T3,N2,adnexal and skin appendage neoplasms,0,117.52715088233995,0.9783001825804482,0.9635572756119768,117.34113616694222,0.976663897569285,0.960831759945177,-0.1860147153977323
27.0,Female,T4A,N0,squamous cell neoplasms,1,112.19139680373462,0.9311402553626227,0.8862765770778094,111.62257440062719,0.9260850565456604,0.8781499365162225,-0.5688224031074327
82.0,Female,T3,N2,Adenocarcinoma,1,52.13074118835719,0.36496352336625215,0.18166262827866675,49.42024554239923,0.3379465249326097,0.15949448866039506,-2.7104956459579626
62.0,Male,T3,N2,Adenocarcinoma,1,71.63132022268357,0.5561300972506404,0.3705128313469905,69.1088363078739,0.5317808731159533,0.3434803114898753,-2.522483914809669
27.0,Male,T4A,N0,Adenoid cystic carcinoma,1,98.43233842689136,0.8073075693896063,0.6961409520415591,97.00049089280333,0.7942292301684092,0.6771651187753618,-1.4318475340880354
62.0,Male,T4A,N0,Adenocarcinoma,0,73.23570461340007,0.5715536589906899,0.38806715504166794,70.75357781305308,0.5476711241547958,0.3610267986329032,-2.4821268003469896
47.0,Female,T3,N0,Epithelial-myoepithelial carcinoma,0,102.95264393950998,0.8483544325493997,0.757082099548286,101.78379029693414,0.8377753980972329,0.7411758852184478,-1.16885364257584
82.0,Male,T4A,N2,Squamous cell carcinoma,0,30.006845250212535,0.1456300967458355,0.03838002846385881,27.904784152449558,0.12572020459133662,0.02992739651086863,-2.1020610977629772
47.0,Female,T3,N0,Mucoepidermoid carcinoma,0,101.7776401503283,0.8377196706889578,0.7410924617285315,100.53843277409187,0.8264773390077865,0.7243414359037998,-1.239207376236422
87.0,Female,T3,N1,Squamous cell carcinoma,0,43.564667419007336,0.2794188961208132,0.1156080946246573,40.972611905617285,0.2535150138627345,0.09805999609016569,-2.5920555133900507
90.0,Male,T3,N2,Neuroendocrine carcinoma,0,29.00686433439422,0.1361067619376341,0.0342298316954258,26.957079415679804,0.11689408290403487,0.02645916488275347,-2.0497849187144155
82.0,Male,T4B,N0,Adenoid cystic carcinoma,0,46.08773066623128,0.30465106856845947,0.13382056006546747,43.446516390236425,0.2782374240228228,0.11478214125803539,-2.641214275994855
72.0,Female,T4B,N1,Carcinoma NOS,0,39.85485717620884,0.24236217713352173,0.09087186787748397,37.35800022512593,0.21751937799086546,0.07567544485800759,-2.4968569510829113
67.0,Male,T4A,N0,Mucoepidermoid carcinoma,0,78.69630769616833,0.6236760955926631,0.44982383060505576,76.37701219608218,0.6016084923653422,0.4232224723583239,-2.319295500086156
67.0,Female,T4A,N3,Carcinoma ex pleomorphic adenoma,1,68.86029964441202,0.5293752352810825,0.3408551594570616,66.27642371968285,0.5042966519061166,0.31398128950417253,-2.5838759247291705
67.0,Male,T4A,N0,Epithelial-myoepithelial carcinoma,1,80.94899975301172,0.6450103328025311,0.47616831378273045,78.70796215934493,0.6237867223535866,0.44995885307360417,-2.241037593666789
72.0,Male,T3,N0,Squamous cell carcinoma,0,69.13197302279286,0.5320047587355621,0.3437250455592389,66.55364307977032,0.5069932488872677,0.3168275329438275,-2.5783299430225384
87.0,Male,T4B,N2,Carcinoma ex pleomorphic adenoma,0,39.45003219916315,0.23832686367477526,0.08832642276817636,36.96526556527865,0.2136238407418336,0.07339638779365745,-2.4847666338844974
72.0,Male,T4A,N0,Squamous cell carcinoma,0,54.91025843809168,0.39258255996511277,0.20552996131218626,52.189674786194914,0.365550101613979,0.18215696100924442,-2.720583651896767
77.0,Male,T3,N3,Adenocarcinoma,1,58.814377274150765,0.4311948508341678,0.24088912165139922,56.10148843187278,0.404387975359782,0.2160967686028513,-2.7128888422779838
32.0,Female,T4B,N0,Squamous cell carcinoma,0,87.48912015301,0.706395786294891,0.5553522357837533,85.51015257764244,0.687907568090752,0.5309803576091193,-1.9789675753675624
57.0,Male,T3,N1,Carcinoma NOS,0,74.09068947149731,0.5797527121545765,0.39753381887728245,71.63148172646764,0.556131652336459,0.37051458449047747,-2.4592077450296728
47.0,Male,T3,N0,Acinar cell carcinoma,0,97.60637332368158,0.7997678219810702,0.6851750721096017,96.12873567529303,0.786248497124486,0.6656911704014352,-1.4776376483885514
37.0,Male,T3,N0,Acinar cell carcinoma,0,102.57397638738533,0.8449298344110383,0.7519178917987867,101.38229898505361,0.8341360191727394,0.7357358326257071,-1.1916774023317203
42.0,Male,T3,N0,Myoepithelial carcinoma,0,92.37146448656861,0.7516920915859914,0.6169394154656659,90.62041647648066,0.7354980362545616,0.5946172309145856,-1.7510480100879562
62.0,Male,T4A,N0,Carcinoma NOS,1,66.16480637933796,0.503210514897056,0.3128378472693402,63.53159734680979,0.4775209766622981,0.28629309352609644,-2.633209032528171
47.0,Male,T3,N2,Adenocarcinoma,1,84.767096767919,0.6809464025670172,0.5219200904640814,82.67288482402903,0.6612703091119165,0.49665691344655793,-2.094211943889974
47.0,Male,T3,N0,Acinar cell carcinoma,1,97.60637332368158,0.7997678219810702,0.6851750721096017,96.12873567529303,0.786248497124486,0.6656911704014352,-1.4776376483885514
62.0,Male,T3,N3,Adenocarcinoma,1,73.74356902245563,0.5764256295923496,0.39368110450673094,71.27493875769571,0.5526973580966676,0.366651169918962,-2.4686302647599234
72.0,Male,T4A,N0,Squamous cell carcinoma,0,54.91025843809168,0.39258255996511277,0.20552996131218626,52.189674786194914,0.365550101613979,0.18215696100924442,-2.720583651896767
57.0,Female,T4B,N3,Adenoid cystic carcinoma,1,59.00525467852778,0.43307663517558437,0.2426706979300331,56.29337717564997,0.40628774562580355,0.2178174169221803,-2.7118775028778046
57.0,Female,T3,N3,Adenocarcinoma,1,79.00635265322113,0.6266182161978808,0.4534203942010991,76.69745184234861,0.6046636085835017,0.42686565126496745,-2.3089008108725153
62.0,Male,T4A,N3,Acinar cell carcinoma,1,63.61256523973903,0.4783127649723261,0.2870968276842697,60.94239460381513,0.45214026330966056,0.2610204815347292,-2.6701706359238955
47.0,Male,T4A,N0,Adenoid cystic carcinoma,1,85.34421226153901,0.686353905072226,0.5289526685177742,83.2737102290904,0.6669239526354199,0.5038634015456811,-2.0705020324486156
77.0,Female,T3,N1,squamous cell neoplasms,0,93.85890862072927,0.7654035255980952,0.6361017786674699,92.18255313792918,0.7499477492026373,0.6145188261908616,-1.6763554828000906
52.0,Female,T4A,N0,Adenoid cystic carcinoma,1,81.98625674528654,0.6548007779516934,0.4884626164705985,79.7833620903383,0.633983348862095,0.4624751195989637,-2.2028946549482384
32.0,Male,T3,N0,Carcinoma NOS,0,99.79308475384033,0.8197022295174412,0.7143223137723939,98.43821530199742,0.807361171791351,0.6962191667111041,-1.3548694518429159
62.0,Female,T3,N1,Squamous cell carcinoma,0,69.20679648331352,0.5327287289318524,0.3445169205519814,66.63001222898066,0.5077358647942627,0.31761320421197575,-2.576784254332864
77.0,Female,T3,N0,Adenoid cystic carcinoma,0,72.10098392052754,0.5606502749845133,0.37562302145661725,69.58995331101926,0.5364343815142227,0.3485818070524192,-2.511030609508282
47.0,Male,T3,N0,Mucoepidermoid carcinoma,0,101.39332416839801,0.8342359967659965,0.7358850576136283,100.13140670377854,0.822778758286373,0.7188648502229931,-1.2619174646194722
7.0,Male,T4A,N1,Mucoepidermoid carcinoma,0,107.47156052142702,0.8890296737347797,0.8195194160420017,106.58597635043895,0.881086278545037,0.8071673732003083,-0.8855841709880679
67.0,Male,T3,N0,Mucoepidermoid carcinoma,0,89.71646380267735,0.7271156570276869,0.5831952666719857,87.83815012958866,0.7096488322250623,0.5596867227695659,-1.878313673088698
67.0,Male,T3,N0,Acinar cell carcinoma,0,84.14635696458795,0.6751230338456323,0.5143897805493156,82.0270826253946,0.6551857004261259,0.4889485977928933,-2.1192743391933533
52.0,Male,T4B,N1,Adenoid cystic carcinoma,0,65.97572874364964,0.501370095090988,0.3109042230941544,63.33945239416797,0.4756415155803654,0.28438896879257264,-2.636276349481669
37.0,Male,T3,N0,Adenocarcinoma,0,100.912222200222,0.8298713032341009,0.7293819167273886,99.62208569300675,0.8181464716266007,0.7120297019025008,-1.2901365072152515
67.0,Male,T3,N0,Adenocarcinoma,0,81.20221162305793,0.6474022595070255,0.47916012576633266,78.97036375928721,0.626276800941326,0.45300243404291396,-2.2318478637707244
57.0,Male,T4A,N0,Mucoepidermoid carcinoma,0,86.85045357194585,0.7004372744749342,0.5474486651144796,84.84367213975119,0.6816642709002341,0.522851477327095,-2.006781432194657
52.0,Female,T3,N0,Adenoid cystic carcinoma,1,92.3413226005413,0.7514138162470516,0.6165529973842028,90.58878598287697,0.7352049843925138,0.5942163859841362,-1.752536617664333
82.0,Female,T4A,N0,Squamous cell carcinoma,0,45.403091622778945,0.297804718320664,0.1287714317938685,42.77400113163913,0.2715133699211593,0.11012768199237524,-2.629090491139813
57.0,Female,T4B,N3,Adenocarcinoma,0,59.99452147726036,0.4428199133374526,0.25198079178245847,57.2888131265818,0.4161341685443067,0.226824652599408,-2.705708350678563
